ticker,name,market,locale,primary_exchange,type,active,currency_name,cik,composite_figi,share_class_figi,last_updated_utc
A,Agilent Technologies Inc.,stocks,us,XNYS,CS,True,usd,0001090872,BBG000C2V3D6,BBG001SCTQY4,2026-08-11T06:10:16.602267916Z
AA,Alcoa Corporation,stocks,us,XNYS,CS,True,usd,0001675149,BBG00B3T3HD3,BBG00B3T3HF1,2026-08-11T06:10:16.602268277Z
AAA,Alternative Access First Priority CLO Bond ETF,stocks,us,ARCX,ETF,True,usd,0001776878,BBG01B0JRCS6,BBG01B0JRCT5,2026-08-11T06:10:16.602268357Z
AAAA,Amplius Aggressive Asset Allocation ETF,stocks,us,BATS,ETF,True,usd,,BBG01W275XX6,BBG01W275ZB5,2026-08-11T06:10:16.602268467Z
AAAC,Columbia AAA CLO ETF,stocks,us,ARCX,ETF,True,usd,0001551950,BBG01YZNRVY0,BBG01YZNRWV1,2026-08-11T06:10:16.602268657Z
AAAD,PGIM AAA CLO Aggregate Duration ETF,stocks,us,ARCX,ETF,True,usd,0001727074,BBG0228JHX39,BBG0228JHYH2,2026-08-11T06:10:16.602268737Z
AAAP,Pacer Barings CLO Market Flex ETF,stocks,us,XNAS,ETF,True,usd,,BBG0230LKZ04,BBG0230LKZZ6,2026-08-11T06:10:16.602268858Z
AAAU,Goldman Sachs Physical Gold ETF Shares,stocks,us,BATS,ETF,True,usd,0001708646,BBG00LPXX872,BBG00LPXX8Z1,2026-08-11T06:10:16.602268938Z
AAC.U,"Ares Acquisition Corporation III Units, each consisting of one Class A ordinary share and one-tenth of one redeemable warrant",stocks,us,XNYS,UNIT,True,usd,0002128115,,,2026-08-11T06:10:16.602269158Z
AACB,Artius II Acquisition Inc. Class A Ordinary Shares,stocks,us,XNAS,CS,True,usd,0002034334,,,2026-08-11T06:10:16.602269248Z
AACBR,Artius II Acquisition Inc. Rights,stocks,us,XNAS,RIGHT,True,usd,0002034334,,,2026-08-11T06:10:16.602269479Z
AACBU,Artius II Acquisition Inc. Units,stocks,us,XNAS,UNIT,True,usd,0002034334,,,2026-08-11T06:10:16.602269559Z
AACG,ATA Creativity Global American Depositary Shares,stocks,us,XNAS,ADRC,True,usd,0001420529,BBG000V2S3P6,BBG001T125S9,2026-08-11T06:10:16.60226994Z
AACI,Armada Acquisition Corp. III Class A Ordinary Share,stocks,us,XNAS,CS,True,usd,0002092897,,,2026-08-11T06:10:16.60227002Z
AACIU,Armada Acquisition Corp. III Units,stocks,us,XNAS,UNIT,True,usd,0002092897,,,2026-08-11T06:10:16.60227013Z
AACIW,Armada Acquisition Corp. III Warrant,stocks,us,XNAS,WARRANT,True,usd,0002092897,,,2026-08-11T06:10:16.60227021Z
AACO,Abony Acquisition Corp. I Class A Ordinary Share,stocks,us,XNAS,CS,True,usd,0002099906,,,2026-08-11T06:10:16.60227029Z
AACOU,Abony Acquisition Corp. I Units,stocks,us,XNAS,UNIT,True,usd,0002099906,,,2026-08-11T06:10:16.602270371Z
AACOW,Abony Acquisition Corp. I Warrants,stocks,us,XNAS,WARRANT,True,usd,0002099906,,,2026-08-11T06:10:16.602270451Z
AACP,Apogee Acquisition Corp Class A Ordinary Shares,stocks,us,XNAS,CS,True,usd,0002102123,,,2026-08-11T06:10:16.602270531Z
AACPR,Apogee Acquisition Corp Rights,stocks,us,XNAS,RIGHT,True,usd,0002102123,,,2026-08-11T06:10:16.602270621Z
AACPU,Apogee Acquisition Corp Units,stocks,us,XNAS,UNIT,True,usd,0002102123,,,2026-08-11T06:10:16.602270701Z
AACPW,Apogee Acquisition Corp Warrant,stocks,us,XNAS,WARRANT,True,usd,0002102123,,,2026-08-11T06:10:16.602270781Z
AADR,AdvisorShares Dorsey Wright ADR ETF,stocks,us,XNAS,ETF,True,usd,0001408970,BBG000BDYRW6,BBG001T9B1Y4,2026-08-11T06:10:16.602270862Z
AADX,"Applied Aerospace & Defense, Inc.",stocks,us,XNYS,CS,True,usd,0002118195,BBG0226FC4Q3,BBG0226FC5Z0,2026-08-11T06:10:16.602270942Z
AAEQ,Alpha Architect US Equity 2 ETF,stocks,us,XNAS,ETF,True,usd,,BBG01YY0GN44,BBG01YY0GP12,2026-08-11T06:10:16.602271022Z
AAL,American Airlines Group Inc.,stocks,us,XNAS,CS,True,usd,0000006201,BBG005P7Q881,BBG005P7Q907,2026-08-11T06:10:16.602271092Z
AALG,Leverage Shares 2X Long AAL Daily ETF,stocks,us,XNAS,ETF,True,usd,0001976322,BBG01VH49P35,BBG01VH49Q06,2026-08-11T06:10:16.602271182Z
AAME,Atlantic American Corp,stocks,us,XNAS,CS,True,usd,0000008177,BBG000B9XB24,BBG001S5N8T1,2026-08-11T06:10:16.602271503Z
AAMI,Acadian Asset Management Inc.,stocks,us,XNYS,CS,True,usd,0001748824,BBG00P2HLNY3,BBG00P2HLNZ2,2026-08-11T06:10:16.602271573Z
AAOG,Leverage Shares 2X Long AAOI Daily ETF,stocks,us,BATS,ETF,True,usd,,BBG0226HPXZ1,BBG0226HPZ13,2026-08-11T06:10:16.602271693Z
AAOI,"Applied Optoelectronics, Inc.",stocks,us,XNAS,CS,True,usd,0001158114,BBG000D6VW15,BBG001SG47G4,2026-08-11T06:10:16.602271773Z
AAON,Aaon Inc,stocks,us,XNAS,CS,True,usd,0000824142,BBG000C2LZP3,BBG001S6CZK0,2026-08-11T06:10:16.602271853Z
AAOX,Tradr 2X Long AAOI Daily ETF,stocks,us,BATS,ETF,True,usd,,BBG0215C1M67,BBG0215C1N65,2026-08-11T06:10:16.602271924Z
AAOZ,Tradr 2X Short AAOI Daily ETF,stocks,us,BATS,ETF,True,usd,,BBG023MHQK79,BBG023MHQL86,2026-08-11T06:10:16.602272004Z
AAP,ADVANCE AUTO PARTS INC,stocks,us,XNYS,CS,True,usd,0001158449,BBG000F7RCJ1,BBG001SD2SB2,2026-08-11T06:10:16.602272084Z
AAPB,GraniteShares ETF Trust GraniteShares 2x Long AAPL Daily ETF,stocks,us,XNAS,ETF,True,usd,0001689873,BBG0193F21N2,BBG0193F22H7,2026-08-11T06:10:16.602272164Z
AAPD,Direxion Shares ETF Trust Direxion Daily AAPL Bear 1X ETF,stocks,us,XNAS,ETF,True,usd,,BBG0193YGJ57,BBG0193YGK09,2026-08-11T06:10:16.602272244Z
AAPE,Leverage Shares 2X Long AAPL Daily ETF,stocks,us,BATS,ETF,True,usd,0001976322,BBG023GHF2B3,BBG023GHF385,2026-08-11T06:10:16.602272324Z
AAPG,Ascentage Pharma Group International American Depository Shares,stocks,us,XNAS,ADRC,True,usd,0002023311,BBG01RJXM9C9,BBG01RJXMB89,2026-08-11T06:10:16.602272404Z
AAPL,Apple Inc.,stocks,us,XNAS,CS,True,usd,0000320193,BBG000B9XRY4,BBG001S5N8V8,2026-08-11T06:10:16.602272485Z
AAPR,Innovator Equity Defined Protection ETF - 2 Yr to April 2028,stocks,us,BATS,ETF,True,usd,0001415726,BBG01M698CQ1,BBG01M698DK5,2026-08-11T06:10:16.602272565Z
AAPU,Direxion Shares ETF Trust Direxion Daily AAPL Bull 2X ETF,stocks,us,XNAS,ETF,True,usd,,BBG0193YBZ92,BBG0193YC043,2026-08-11T06:10:16.602272645Z
AAPW,Roundhill AAPL WeeklyPay ETF,stocks,us,BATS,ETF,True,usd,,BBG01SCFVRC3,BBG01SCFVS86,2026-08-11T06:10:16.602272725Z
AAPX,T-Rex 2X Long Apple Daily Target ETF,stocks,us,BATS,ETF,True,usd,0001771146,BBG01KY72SD3,BBG01KY72T78,2026-08-11T06:10:16.602273056Z
AAPY,Kurv Yield Premium Strategy Apple (AAPL) ETF,stocks,us,BATS,ETF,True,usd,0001848758,BBG01QY0GMH9,BBG01QY0GNH7,2026-08-11T06:10:16.602273146Z
AARD,"Aardvark Therapeutics, Inc. Common Stock",stocks,us,XNAS,CS,True,usd,0001774857,BBG01223DLB2,BBG01223DLC1,2026-08-11T06:10:16.602273266Z
AAT,"AMERICAN ASSETS TRUST, INC.",stocks,us,XNYS,CS,True,usd,0001500217,BBG00161BCR0,BBG001TCBJS5,2026-08-11T06:10:16.602273346Z
AAUA,Alpha Architect US Equity 3 ETF,stocks,us,BATS,ETF,True,usd,,BBG020ZGPCR0,BBG020ZGPF02,2026-08-11T06:10:16.602273426Z
AAUB,Alpha Architect US Equity 4 ETF,stocks,us,XNAS,ETF,True,usd,,BBG023NZ0X41,BBG023NZ0Y49,2026-08-11T06:10:16.602273507Z
AAUC,Allied Gold Corporation,stocks,us,XNYS,CS,True,usd,0001993344,BBG01K0WWT59,BBG01J3PPZ58,2026-08-11T06:10:16.602273587Z
AAUS,Alpha Architect US Equity ETF,stocks,us,XNAS,ETF,True,usd,,BBG01W26H9C1,BBG01W26HBL6,2026-08-11T06:10:16.602273667Z
AAVM,EA Series Trust Alpha Architect Global Factor Equity ETF,stocks,us,XNAS,ETF,True,usd,,BBG00GM1DQV1,BBG00GM1DRK1,2026-08-11T06:10:16.602273737Z
AAXJ,iShares MSCI All Country Asia ex Japan ETF,stocks,us,XNAS,ETF,True,usd,0001100663,BBG000G6GXC5,BBG001T2V2D8,2026-08-11T06:10:16.602273817Z
AB,"AllianceBernstein Holding, L.P.",stocks,us,XNYS,CS,True,usd,0000825313,BBG000B9WM03,BBG001S5N9S0,2026-08-11T06:10:16.602273917Z
ABAT,American Battery Technology Company Common Stock,stocks,us,XNAS,CS,True,usd,0001576873,BBG004M1KJN5,BBG004M1KJP3,2026-08-11T06:10:16.602273998Z
ABBV,ABBVIE INC.,stocks,us,XNYS,CS,True,usd,0001551152,BBG0025Y4RY4,BBG0025Y4RZ3,2026-08-11T06:10:16.602274078Z
ABCB,Ameris Bancorp,stocks,us,XNYS,CS,True,usd,0000351569,BBG000CDY3H5,BBG001S80PX7,2026-08-11T06:10:16.602274158Z
ABCL,AbCellera Biologics Inc. Common Shares,stocks,us,XNAS,CS,True,usd,0001703057,BBG00LLW2MF2,BBG00LLW2MH0,2026-08-11T06:10:16.602274238Z
ABCS,Alpha Blue Capital US Small-Mid Cap Dynamic ETF,stocks,us,XNAS,ETF,True,usd,,BBG01KMFQRF2,BBG01KMFQS88,2026-08-11T06:10:16.602274318Z
ABEO,Abeona Therapeutics Inc. Common Stock,stocks,us,XNAS,CS,True,usd,0000318306,BBG000DT5D52,BBG001S8T7K0,2026-08-11T06:10:16.602274639Z
ABEQ,Absolute Select Value ETF,stocks,us,ARCX,ETF,True,usd,0001199046,BBG00RHHGQY2,BBG00RHHGRP0,2026-08-11T06:10:16.602274719Z
ABEV,AMBEV S.A.,stocks,us,XNYS,ADRC,True,usd,0001565025,BBG000BN5VZ4,BBG005KLVT74,2026-08-11T06:10:16.602274829Z
ABFL,Abacus FCF Leaders ETF,stocks,us,BATS,ETF,True,usd,,BBG00DW3P010,BBG00DW3P029,2026-08-11T06:10:16.602274919Z
ABG,"Asbury Automotive Group, Inc.",stocks,us,XNYS,CS,True,usd,0001144980,BBG000BKDWB5,BBG001S9B5H5,2026-08-11T06:10:16.602274999Z
ABI,VictoryShares Pioneer Asset-Based Income ETF,stocks,us,XNAS,ETF,True,usd,,BBG01VCKWDB6,BBG01VCKWFN8,2026-08-11T06:10:16.60227508Z
ABIG,Argent Large Cap ETF,stocks,us,XNAS,ETF,True,usd,,BBG01TCJ3701,BBG01TCJ37Z3,2026-08-11T06:10:16.60227516Z
ABLD,Abacus FCF Real Assets Leaders ETF,stocks,us,BATS,ETF,True,usd,,BBG0141PBK24,BBG0141PBL04,2026-08-11T06:10:16.60227536Z
ABLG,Abacus FCF International Leaders ETF,stocks,us,BATS,ETF,True,usd,,BBG00H1J5D96,BBG00H1J5FN5,2026-08-11T06:10:16.60227544Z
ABLS,Abacus FCF Small Cap Leaders ETF,stocks,us,BATS,ETF,True,usd,,BBG01SCGBTV8,BBG01SCGBVT6,2026-08-11T06:10:16.60227552Z
ABLV,Able View Global Inc. Class B Ordinary Shares,stocks,us,XNAS,CS,True,usd,0001957489,,,2026-08-11T06:10:16.602275601Z
ABLVW,Able View Global Inc. Warrant,stocks,us,XNAS,WARRANT,True,usd,0001957489,,,2026-08-11T06:10:16.602275681Z
ABM,"ABM Industries, Inc.",stocks,us,XNYS,CS,True,usd,0000771497,BBG000B9YYH7,BBG001S5N9B8,2026-08-11T06:10:16.602275761Z
ABNB,"Airbnb, Inc. Class A Common Stock",stocks,us,XNAS,CS,True,usd,0001559720,BBG001Y2XS07,BBG001Y2XS16,2026-08-11T06:10:16.602275841Z
ABOS,"Acumen Pharmaceuticals, Inc. Common Stock",stocks,us,XNAS,CS,True,usd,0001576885,BBG0058YJ317,BBG0058YJ326,2026-08-11T06:10:16.602275921Z
ABOT,Abacus FCF Innovation Leaders ETF,stocks,us,BATS,ETF,True,usd,,BBG00YC69CJ2,BBG00YC69DC7,2026-08-11T06:10:16.602276001Z
ABR,"Arbor Realty Trust, Inc.",stocks,us,XNYS,CS,True,usd,0001253986,BBG000KMVDV1,BBG001SJP3G4,2026-08-11T06:10:16.602276342Z
ABRpD,"Arbor Realty Trust, Inc. 6.375% Series D Cumulative Redeemable Preferred Stock, Liquidation Preference $25.00 per Share",stocks,us,XNYS,PFD,True,usd,0001253986,,,2026-08-11T06:10:16.602276422Z
ABRpE,"Arbor Realty Trust, Inc. 6.25% Series E Cumulative Redeemable Preferred Stock",stocks,us,XNYS,PFD,True,usd,0001253986,,,2026-08-11T06:10:16.602276532Z
ABRpF,"Arbor Realty Trust, Inc. 6.25% Series F Fixed-to-Floating Rate Cumulative Redeemable Preferred Stock, Liquidation Preference $25.00 per share",stocks,us,XNYS,PFD,True,usd,0001253986,,,2026-08-11T06:10:16.602276603Z
ABSI,Absci Corporation Common Stock,stocks,us,XNAS,CS,True,usd,0001672688,BBG011N54CJ8,BBG011N54DC3,2026-08-11T06:10:16.602276683Z
ABT,Abbott Laboratories,stocks,us,XNYS,CS,True,usd,0000001800,BBG000B9ZXB4,BBG001S5N9M6,2026-08-11T06:10:16.602276773Z
ABTC,American Bitcoin Corp. Class A Common Stock,stocks,us,XNAS,CS,True,usd,0001755953,BBG00MS8GZP1,BBG00MS8GZQ0,2026-08-11T06:10:16.602276853Z
ABTS,Abits Group Inc Ordinary Shares,stocks,us,XNAS,CS,True,usd,0001864055,,,2026-08-11T06:10:16.602276933Z
ABUF,Aptus Laddered Buffer ETF,stocks,us,BATS,ETF,True,usd,,BBG021CG8LG4,BBG021CG8NB5,2026-08-11T06:10:16.602277023Z
ABUS,Arbutus Biopharma Corporation Common Stock,stocks,us,XNAS,CS,True,usd,0001447028,BBG000RR8V85,BBG001S6RSK0,2026-08-11T06:10:16.602277104Z
ABVC,"ABVC BioPharma, Inc. Common Stock",stocks,us,XNAS,CS,True,usd,0001173313,BBG000Q844Z2,BBG001SMCS49,2026-08-11T06:10:16.602277184Z
ABVX,Abivax SA American Depositary Shares,stocks,us,XNAS,ADRC,True,usd,0001956827,BBG01JLQNZ03,BBG01JLQNZV9,2026-08-11T06:10:16.602277264Z
ABX,"Abacus Global Management, Inc.",stocks,us,XNYS,CS,True,usd,0001814287,BBG00VY1KB95,BBG00VY1KBC1,2026-08-11T06:10:16.602277344Z
ABXB,Abacus Flexible Bond Leaders ETF,stocks,us,BATS,ETF,True,usd,,BBG00YC5ZT62,BBG00YC5ZV49,2026-08-11T06:10:16.602277414Z
ABXL,"Abacus Global Management, Inc. 9.875% Fixed Rate Senior Notes due 2028",stocks,us,XNYS,SP,True,usd,0001814287,,,2026-08-11T06:10:16.602277504Z
ACA,"Arcosa, Inc. Common Stock",stocks,us,XNYS,CS,True,usd,0001739445,BBG00JGMWFM9,BBG00JGMWGB9,2026-08-11T06:10:16.602277574Z
ACAA,Averin Capital Acquisition Corp. Class A Ordinary Shares,stocks,us,XNAS,CS,True,usd,0002096900,,,2026-08-11T06:10:16.602277895Z
ACAAU,Averin Capital Acquisition Corp. Units,stocks,us,XNAS,UNIT,True,usd,0002096900,,,2026-08-11T06:10:16.602277975Z
ACAAW,Averin Capital Acquisition Corp. Warrants,stocks,us,XNAS,WARRANT,True,usd,0002096900,,,2026-08-11T06:10:16.602278085Z
ACAD,Acadia Pharmaceuticals Inc.,stocks,us,XNAS,CS,True,usd,0001070494,BBG000BHG9K0,BBG001SB06N3,2026-08-11T06:10:16.602278156Z
ACB,Aurora Cannabis Inc. Common Shares,stocks,us,XNAS,CS,True,usd,0001683541,BBG006SCSYG7,BBG001SV77D1,2026-08-11T06:10:16.602278236Z
ACCL,Acco Group Holdings Limited Class A Ordinary Shares,stocks,us,XNAS,CS,True,usd,0002038378,,,2026-08-11T06:10:16.602278316Z
ACCO,Acco Brands Corporation,stocks,us,XNYS,CS,True,usd,0000712034,BBG000J06K07,BBG001SPBTK3,2026-08-11T06:10:16.602278396Z
ACCS,ACCESS Newswire Inc.,stocks,us,XASE,CS,True,usd,0000843006,BBG000C1CK87,BBG001S67C09,2026-08-11T06:10:16.602278486Z
ACDC,ProFrac Holding Corp. Class A Common Stock,stocks,us,XNAS,CS,True,usd,0001881487,BBG013PRYPJ2,BBG013PRYQC7,2026-08-11T06:10:16.602278566Z
ACEI,Innovator Equity Autocallable Income Strategy ETF,stocks,us,ARCX,ETF,True,usd,0001415726,BBG01XK51Q67,BBG01XK51R47,2026-08-11T06:10:16.602278647Z
ACEL,"Accel Entertainment, Inc.",stocks,us,XNYS,CS,True,usd,0001698991,BBG00GX221W3,BBG00GX221Z0,2026-08-11T06:10:16.602278717Z
ACEP,ARS Core Equity Portfolio ETF,stocks,us,XNAS,ETF,True,usd,,BBG01YLHMRZ1,BBG01YLHMSY0,2026-08-11T06:10:16.602278797Z
ACES,ALPS Clean Energy ETF,stocks,us,ARCX,ETF,True,usd,0001414040,BBG00L99FCT0,BBG00L99FDK7,2026-08-11T06:10:16.602278877Z
ACET,"Adicet Bio, Inc. Common Stock",stocks,us,XNAS,CS,True,usd,0001720580,BBG00JCXSJP3,BBG00JCXSJQ2,2026-08-11T06:10:16.602278957Z
ACFN,"Acorn Energy, Inc. Common Stock",stocks,us,XNAS,CS,True,usd,0000880984,BBG000CMY866,BBG001S6ZZ25,2026-08-11T06:10:16.602279037Z
ACGC,ACP Holdings Acquisition Corp. Class A Ordinary Shares,stocks,us,XNAS,CS,True,usd,0002111542,,,2026-08-11T06:10:16.602279117Z
ACGCU,ACP Holdings Acquisition Corp. Units,stocks,us,XNAS,UNIT,True,usd,0002111542,,,2026-08-11T06:10:16.602279328Z
ACGCW,ACP Holdings Acquisition Corp. Warrants,stocks,us,XNAS,WARRANT,True,usd,0002111542,,,2026-08-11T06:10:16.602279408Z
ACGL,Arch Capital Group Ltd,stocks,us,XNAS,CS,True,usd,0000947484,,,2026-08-11T06:10:16.602279508Z
ACGLN,"Arch Capital Group Ltd. Depositary Shares, each Representing a 1/1,000th Interest in a 4.550% Non-Cumulative Preferred Share, Series G",stocks,us,XNAS,CS,True,usd,0000947484,,,2026-08-11T06:10:16.602279588Z
ACGLO,"Arch Capital Group Ltd. Depositary Shares Each Representing 1/1,000th Interest in a Share of 5.45% Non-Cumulative Preferred Shares, Series F",stocks,us,XNAS,PFD,True,usd,0000947484,,,2026-08-11T06:10:16.602279668Z
ACGO,Hartford Alpha Capture Growth ETF,stocks,us,BATS,ETF,True,usd,0001501825,BBG0226G6DB4,BBG0226G6Q61,2026-08-11T06:10:16.602279739Z
ACGR,American Century Large Cap Growth ETF,stocks,us,ARCX,ETF,True,usd,0001481714,BBG011MFL031,BBG011MFL0Y7,2026-08-11T06:10:16.602279819Z
ACH,"Accendra Health, Inc.",stocks,us,XNYS,CS,True,usd,0000075252,BBG000CTV5F0,BBG001S72KY7,2026-08-11T06:10:16.602279899Z
ACHC,"Acadia Healthcare Company, Inc.",stocks,us,XNAS,CS,True,usd,0001520697,BBG000FPNN38,BBG001SNNWL7,2026-08-11T06:10:16.602279979Z
ACHR,Archer Aviation Inc.,stocks,us,XNYS,CS,True,usd,0001824502,BBG00XRTC910,BBG00XRTC929,2026-08-11T06:10:16.602280069Z
ACHR.WS,"Archer Aviation Inc. Redeemable Warrants, each whole warrant exercisable for one Class A common stock at an exercise price of $11.50",stocks,us,XNYS,WARRANT,True,usd,0001824502,BBG00YGCV1N9,,2026-08-11T06:10:16.602280149Z
ACHV,"Achieve Life Sciences, Inc.",stocks,us,XNAS,CS,True,usd,0000949858,BBG000FB8S62,BBG001S8JF14,2026-08-11T06:10:16.60228022Z
ACHX,Corgi ACHR 2x Daily ETF,stocks,us,BATS,ETF,True,usd,,BBG0230KD0J1,BBG0230KD1P2,2026-08-11T06:10:16.6022803Z
ACI,"Albertsons Companies, Inc.",stocks,us,XNYS,CS,True,usd,0001646972,BBG009KG1750,BBG009KG1741,2026-08-11T06:10:16.60228038Z
ACIC,American Coastal Insurance Corporation Common Stock,stocks,us,XNAS,CS,True,usd,0001401521,BBG000TKFJQ7,BBG001T09W05,2026-08-11T06:10:16.60228046Z
ACII,Innovator Index Autocallable Income Strategy ETF,stocks,us,ARCX,ETF,True,usd,0001838614,BBG01XK52JX2,BBG01XK52KW0,2026-08-11T06:10:16.60228054Z
ACIO,Aptus Collared Investment Opportunity ETF,stocks,us,BATS,ETF,True,usd,0001539639,BBG00PNSDFF3,BBG00PNSDG52,2026-08-11T06:10:16.602280891Z
ACIU,AC Immune SA,stocks,us,XNAS,CS,True,usd,0001651625,,,2026-08-11T06:10:16.602280971Z
ACIW,"ACI Worldwide, Inc.",stocks,us,XNAS,CS,True,usd,0000935036,BBG000PMBV39,BBG001S9KLL5,2026-08-11T06:10:16.602281091Z
ACKY,VistaShares Target 15 ACKtivist Distribution ETF,stocks,us,ARCX,ETF,True,usd,0001722388,BBG01WHYZLL7,BBG01WHYZMG1,2026-08-11T06:10:16.602281171Z
ACLC,American Century Large Cap Equity ETF,stocks,us,ARCX,ETF,True,usd,0001481714,BBG00W0JV9Q5,BBG00W0JVBH0,2026-08-11T06:10:16.602281252Z
ACLO,TCW AAA CLO ETF,stocks,us,XNYS,ETF,True,usd,0001831313,BBG01QPVFLN7,BBG01QPVFMJ0,2026-08-11T06:10:16.602281322Z
ACLS,Axcelis Technologies Inc,stocks,us,XNAS,CS,True,usd,0001113232,BBG000DW34S2,BBG001SF8W86,2026-08-11T06:10:16.602281402Z
ACLZ,Corgi ACLS 2x Daily ETF,stocks,us,BATS,ETF,True,usd,,BBG02313W8Y3,BBG02313WB12,2026-08-11T06:10:16.602281482Z
ACM,Aecom,stocks,us,XNYS,CS,True,usd,0000868857,BBG000F61RJ8,BBG001SKTTF1,2026-08-11T06:10:16.602281562Z
ACMM,Corgi ACMR 2x Daily ETF,stocks,us,BATS,ETF,True,usd,,BBG02316GLV8,BBG02316GMZ2,2026-08-11T06:10:16.602281642Z
ACMR,"ACM Research, Inc. Class A Common Stock",stocks,us,XNAS,CS,True,usd,0001680062,BBG00HPSG933,BBG00HPSG942,2026-08-11T06:10:16.602281722Z
ACN,Accenture PLC,stocks,us,XNYS,CS,True,usd,0001467373,,,2026-08-11T06:10:16.602281813Z
ACNB,ACNB Corp,stocks,us,XNAS,CS,True,usd,0000715579,BBG000BJ2LY9,BBG001S6CVZ3,2026-08-11T06:10:16.602281883Z
ACNT,Ascent Industries Co. Common Stock,stocks,us,XNAS,CS,True,usd,0000095953,BBG000CLRHW7,BBG001S6Z1R3,2026-08-11T06:10:16.602281963Z
ACOG,Alpha Cognition Inc. Common Stock,stocks,us,XNAS,CS,True,usd,0001655923,BBG011CJPRD0,BBG00L7TXNM1,2026-08-11T06:10:16.602282043Z
ACOM,Harbor Active Commodity ETF,stocks,us,ARCX,ETF,True,usd,0001860434,BBG022ZS0DM0,BBG022ZS0GR8,2026-08-11T06:10:16.602282123Z
ACON,"Aclarion, Inc. Common Stock",stocks,us,XNAS,CS,True,usd,0001635077,BBG014FBN4K3,BBG014FBN5N7,2026-08-11T06:10:16.602282514Z
ACONW,"Aclarion, Inc. Warrant",stocks,us,XNAS,WARRANT,True,usd,0001635077,BBG016Z2HS66,,2026-08-11T06:10:16.602282594Z
ACP,abrdn Income Credit Strategies Fund,stocks,us,XNYS,FUND,True,usd,0001503290,BBG0017VSC04,BBG001TCSLH4,2026-08-11T06:10:16.602282714Z
ACPpA,abrdn Income Credit Strategies Fund  5.250% Series A Perpetual Preferred Stock,stocks,us,XNYS,PFD,True,usd,0001503290,,,2026-08-11T06:10:16.602283115Z
ACR,ACRES Commercial Realty Corp.,stocks,us,XNYS,CS,True,usd,0001332551,BBG000HK4RX6,BBG001SP6Y91,2026-08-11T06:10:16.602283205Z
ACRE,Ares Commercial Real Estate Corporation,stocks,us,XNYS,CS,True,usd,0001529377,BBG0022MMQB0,BBG0022MMR46,2026-08-11T06:10:16.602283275Z
ACRS,"Aclaris Therapeutics, Inc.",stocks,us,XNAS,CS,True,usd,0001557746,BBG003LF0QR9,BBG003LF0QS8,2026-08-11T06:10:16.602283486Z
ACRV,"Acrivon Therapeutics, Inc. Common Stock",stocks,us,XNAS,CS,True,usd,0001781174,BBG011RWR2Q4,BBG011RWR2R3,2026-08-11T06:10:16.602283556Z
ACRpC,"ACRES Commercial Realty Corp. 8.625% Fixed-to-Floating Series C Cumulative Redeemable Preferred Stock, par value $0.001 per share",stocks,us,XNYS,PFD,True,usd,0001332551,,,2026-08-11T06:10:16.602283726Z
ACRpD,ACRES Commercial Realty Corp. 7.875% Series D Cumulative Redeemable Preferred Stock,stocks,us,XNYS,PFD,True,usd,0001332551,,,2026-08-11T06:10:16.602283806Z
ACSG,American Century Small Cap Growth Insights ETF,stocks,us,BATS,ETF,True,usd,,BBG01XQ53YJ8,BBG01XQ53ZM1,2026-08-11T06:10:16.602283887Z
ACSI,American Customer Satisfaction ETF,stocks,us,BATS,ETF,True,usd,0001387131,BBG00F40VFY6,BBG00F40VGP4,2026-08-11T06:10:16.602283967Z
ACSV,American Century Small Cap Value Insights ETF,stocks,us,BATS,ETF,True,usd,,BBG01XQ5CXM6,BBG01XQ5D083,2026-08-11T06:10:16.602284047Z
ACT,"Enact Holdings, Inc. Common Stock",stocks,us,XNAS,CS,True,usd,0001823529,BBG00WSNP4R3,BBG00WSNP4S2,2026-08-11T06:10:16.602284127Z
ACTG,Acacia Research Corporation,stocks,us,XNAS,CS,True,usd,0000934549,BBG000KF9J02,BBG001SJLJT9,2026-08-11T06:10:16.602284207Z
ACTS,FIS Tactical Equity ETF,stocks,us,ARCX,ETF,True,usd,,BBG0200WVGR7,BBG0200WVHP7,2026-08-11T06:10:16.602284287Z
ACTU,"Actuate Therapeutics, Inc. Common stock",stocks,us,XNAS,CS,True,usd,0001652935,BBG00NK7LK03,BBG00NK7LK12,2026-08-11T06:10:16.602284628Z
ACU,Acme United Corporation,stocks,us,XASE,CS,True,usd,0000002098,BBG000BB3LM8,BBG001S5NCC0,2026-08-11T06:10:16.602284698Z
ACV,Virtus Diversified Income & Convertible Fund,stocks,us,XNYS,FUND,True,usd,0001636289,BBG008HMBD22,BBG008HMBD31,2026-08-11T06:10:16.602284818Z
ACVA,ACV Auctions Inc.,stocks,us,XNYS,CS,True,usd,0001637873,BBG00G5JGQ66,BBG00G5JGQ75,2026-08-11T06:10:16.602284899Z
ACVF,American Conservative Values ETF,stocks,us,ARCX,ETF,True,usd,0001771146,BBG00Y04Q9T7,BBG00Y04QBN8,2026-08-11T06:10:16.602284979Z
ACVT,Advent Convertible Bond ETF,stocks,us,ARCX,ETF,True,usd,,BBG01TQ0YGP6,BBG01TQ0YHK9,2026-08-11T06:10:16.602285059Z
ACVU,Hartford Alpha Capture Value ETF,stocks,us,BATS,ETF,True,usd,0001501825,BBG01JLDT3N2,BBG01JLDT4J5,2026-08-11T06:10:16.602285149Z
ACWI,iShares MSCI ACWI ETF,stocks,us,XNAS,ETF,True,usd,0001100663,BBG000TH6VB3,BBG001S56QV7,2026-08-11T06:10:16.602285229Z
ACWV,iShares MSCI Global Min Vol Factor ETF,stocks,us,BATS,ETF,True,usd,0001100663,BBG0025X38X0,BBG0025X39Q6,2026-08-11T06:10:16.602285309Z
ACWX,iShares MSCI ACWI ex US ETF,stocks,us,XNAS,ETF,True,usd,0001100663,BBG000TH7DF8,BBG001S56R18,2026-08-11T06:10:16.60228539Z
ACXP,"Acurx Pharmaceuticals, Inc. Common Stock",stocks,us,XNAS,CS,True,usd,0001736243,BBG01184DNJ4,BBG01184DNK2,2026-08-11T06:10:16.60228547Z
ACYN,FT Vest Laddered Autocallable Barrier & Income ETF,stocks,us,ARCX,ETF,True,usd,0001329377,BBG020KHJ195,BBG020KHJ266,2026-08-11T06:10:16.60228555Z
ACYQ,FT Vest Autocallable Barrier & High Income ETF,stocks,us,ARCX,ETF,True,usd,0001329377,BBG022ZT1GR5,BBG022ZT1HW7,2026-08-11T06:10:16.60228563Z
ACYS,FT Vest Laddered Autocallable Barrier & Resilient Income ETF,stocks,us,ARCX,ETF,True,usd,0001329377,BBG021MDSCL2,BBG021MDSDP6,2026-08-11T06:10:16.60228571Z
AD,"Array Digital Infrastructure, Inc.",stocks,us,XNYS,CS,True,usd,0000821130,BBG000BW6P59,BBG001S5X446,2026-08-11T06:10:16.60228579Z
ADAC,American Drive Acquisition Company Class A Ordinary Shares,stocks,us,XNAS,CS,True,usd,0002083002,,,2026-08-11T06:10:16.60228588Z
ADACU,American Drive Acquisition Company Units,stocks,us,XNAS,UNIT,True,usd,0002083002,,,2026-08-11T06:10:16.602286101Z
ADACW,American Drive Acquisition Company Warrant,stocks,us,XNAS,WARRANT,True,usd,0002083002,,,2026-08-11T06:10:16.602286181Z
ADAG,Adagene Inc. American Depositary Shares,stocks,us,XNAS,ADRC,True,usd,0001818838,BBG00YZ6BYJ6,BBG00YZ6BZC0,2026-08-11T06:10:16.602286301Z
ADAM,"Adamas Trust, Inc. Common Stock",stocks,us,XNAS,CS,True,usd,0001273685,BBG000GZ8014,BBG001SHHBR7,2026-08-11T06:10:16.602286381Z
ADAMG,"Adamas Trust, Inc. 9.125% Senior Notes Due 2030",stocks,us,XNAS,CS,True,usd,0001273685,,,2026-08-11T06:10:16.602286462Z
ADAMH,"Adamas Trust, Inc. 9.875% Senior Notes Due 2030",stocks,us,XNAS,CS,True,usd,0001273685,,,2026-08-11T06:10:16.602286542Z
ADAMI,"Adamas Trust, Inc. 9.125% Senior Notes Due 2029",stocks,us,XNAS,CS,True,usd,0001273685,,,2026-08-11T06:10:16.602286622Z
ADAML,"Adamas Trust, Inc. 6.875% Series F Fixed-to-Floating Rate Cumulative Redeemable Preferred Stock, $0.01 par value per share",stocks,us,XNAS,CS,True,usd,0001273685,,,2026-08-11T06:10:16.602286702Z
ADAMM,"Adamas Trust, Inc. 7.875% Series E Fixed-to-Floating Rate Cumulative Redeemable Preferred Stock",stocks,us,XNAS,PFD,True,usd,0001273685,,,2026-08-11T06:10:16.602286772Z
ADAMN,"Adamas Trust, Inc. 8.00% Series D Fixed-to-Floating Rate Cumulative Redeemable Preferred Stock",stocks,us,XNAS,PFD,True,usd,0001273685,,,2026-08-11T06:10:16.602286852Z
ADAMO,"Adamas Trust, Inc. 9.250% Senior Notes Due 2031",stocks,us,XNAS,CS,True,usd,0001273685,,,2026-08-11T06:10:16.602286932Z
ADAMZ,"Adamas Trust, Inc. 7.000% Series G Cumulative Redeemable Preferred Stock, $0.01 par value per share",stocks,us,XNAS,CS,True,usd,0001273685,,,2026-08-11T06:10:16.602287013Z
ADBE,Adobe Inc.,stocks,us,XNAS,CS,True,usd,0000796343,BBG000BB5006,BBG001S5NCQ5,2026-08-11T06:10:16.602287093Z
ADBG,Leverage Shares 2X Long ADBE Daily ETF,stocks,us,XNAS,ETF,True,usd,0001976322,BBG01SWP6HM8,BBG01SWP6JH0,2026-08-11T06:10:16.602287173Z
ADBU,Direxion Daily ADBE Bull 2X ETF,stocks,us,ARCX,ETS,True,usd,,BBG0210PT249,BBG0210PT3J1,2026-08-11T06:10:16.602287253Z
ADC,Agree Realty Corporation,stocks,us,XNYS,CS,True,usd,0000917251,BBG000BC9DK0,BBG001S6RY81,2026-08-11T06:10:16.602287333Z
ADCT,ADC Therapeutics SA,stocks,us,XNYS,CS,True,usd,0001771910,,,2026-08-11T06:10:16.602287654Z
ADCpA,"Agree Realty Corporation Depositary Shares, each representing 1/1,000th of a 4.250% Series A Cumulative Redeemable Preferred Stock",stocks,us,XNYS,PFD,True,usd,0000917251,,,2026-08-11T06:10:16.602287844Z
ADDS,Hedgeye Index Adds ETF,stocks,us,ARCX,ETF,True,usd,,BBG022LF16H3,BBG022LF17M5,2026-08-11T06:10:16.602287924Z
ADEA,Adeia Inc. Common Stock,stocks,us,XNAS,CS,True,usd,0001803696,BBG00RBFBL50,BBG00RBFBL78,2026-08-11T06:10:16.602288105Z
ADGM,"Adagio Medical Holdings, Inc Common Stock",stocks,us,XNAS,CS,True,usd,0002006986,BBG01P202S42,BBG01P202S60,2026-08-11T06:10:16.602288185Z
ADI,"Analog Devices, Inc.",stocks,us,XNAS,CS,True,usd,0000006281,BBG000BB6G37,BBG001S5ND38,2026-08-11T06:10:16.602288265Z
ADIG,ADI Global Distribution Inc.,stocks,us,XNYS,CS,True,usd,0002105139,BBG01WF7KBR0,BBG01WF7KCM3,2026-08-11T06:10:16.602288345Z
ADIL,"Adial Pharmaceuticals, Inc",stocks,us,XNAS,CS,True,usd,0001513525,BBG00HNGDTR4,BBG00HNGDTS3,2026-08-11T06:10:16.602288425Z
ADIU,Leverage Shares 2X Long ADI Daily ETF,stocks,us,BATS,ETF,True,usd,,BBG022ZTNCM5,BBG022ZTNDK5,2026-08-11T06:10:16.602288546Z
ADIV,Guinness Atkinson Asia Pacific Dividend Builder ETF,stocks,us,ARCX,ETF,True,usd,,BBG00ZV17TH6,BBG00ZV17VD5,2026-08-11T06:10:16.602288626Z
ADM,Archer Daniels Midland Company,stocks,us,XNYS,CS,True,usd,0000007084,BBG000BB6WG8,BBG001S5ND74,2026-08-11T06:10:16.602288706Z
ADMA,"ADMA Biologics, Inc.",stocks,us,XNAS,CS,True,usd,0001368514,BBG002NCK5M5,BBG002NCK5N4,2026-08-11T06:10:16.602288896Z
ADME,Aptus Behavioral Momentum ETF,stocks,us,BATS,ETF,True,usd,0001539639,BBG00D20HG22,BBG00D20HG31,2026-08-11T06:10:16.602288976Z
ADNT,Adient plc Ordinary Shares,stocks,us,XNYS,CS,True,usd,0001670541,,,2026-08-11T06:10:16.602289117Z
ADP,Automatic Data Processing,stocks,us,XNAS,CS,True,usd,0000008670,BBG000JG0547,BBG001S82KF6,2026-08-11T06:10:16.602289197Z
ADPT,Adaptive Biotechnologies Corporation Common Stock,stocks,us,XNAS,CS,True,usd,0001478320,BBG001J2PFF5,BBG001V0GG18,2026-08-11T06:10:16.602289277Z
ADPV,Adaptiv Select ETF,stocks,us,ARCX,ETF,True,usd,,BBG01BBJQ2C4,BBG01BBJQ3B3,2026-08-11T06:10:16.602289487Z
ADSE,ADS-TEC ENERGY PLC Ordinary Shares,stocks,us,XNAS,CS,True,usd,0001879248,,,2026-08-11T06:10:16.602289568Z
ADSEW,ADS-TEC ENERGY PLC Warrant,stocks,us,XNAS,WARRANT,True,usd,0001879248,,,2026-08-11T06:10:16.602289698Z
ADSK,Autodesk Inc,stocks,us,XNAS,CS,True,usd,0000769397,BBG000BM7HL0,BBG001S5SCD4,2026-08-11T06:10:16.602289828Z
ADT,ADT Inc.,stocks,us,XNYS,CS,True,usd,0001703056,BBG000BP9WJ1,BBG001S6VGG6,2026-08-11T06:10:16.602289908Z
ADTN,"ADTRAN Holdings, Inc. Common Stock",stocks,us,XNAS,CS,True,usd,0000926282,BBG0169CH7X9,BBG0169CH7Y8,2026-08-11T06:10:16.602289978Z
ADUR,Aduro Clean Technologies Inc. Common Stock,stocks,us,XNAS,CS,True,usd,0001863934,BBG011F62496,BBG00N9ZZX01,2026-08-11T06:10:16.602290059Z
ADUS,Addus HomeCare Corp.,stocks,us,XNAS,CS,True,usd,0001468328,BBG000NJGX84,BBG001T56D18,2026-08-11T06:10:16.602290139Z
ADV,Advantage Solutions Inc. Class A Common Stock,stocks,us,XNAS,CS,True,usd,0001776661,BBG00PPWZ8C7,BBG00PPWZ8G3,2026-08-11T06:10:16.602290219Z
ADVB,Advanced Biomed Inc. Common Stock,stocks,us,XNAS,CS,True,usd,0001941029,BBG01HW4B3M4,BBG01HW4B3N3,2026-08-11T06:10:16.602290299Z
ADVE,Matthews Asia Dividend Active ETF,stocks,us,ARCX,ETF,True,usd,,BBG01JFHH825,BBG01JFHH923,2026-08-11T06:10:16.602290379Z
ADX,"Adams Diversified Equity Fund, Inc",stocks,us,XNYS,FUND,True,usd,0000002230,BBG000BB8MR6,BBG001S5NDV7,2026-08-11T06:10:16.60229081Z
ADXN,Addex Therapeutics Ltd American Depositary Shares,stocks,us,XNAS,ADRC,True,usd,0001574232,BBG00R48ST95,BBG00R48SV18,2026-08-11T06:10:16.60229093Z
AEAQ,Activate Energy Acquisition Corp. Class A Ordinary Share,stocks,us,XNAS,CS,True,usd,0002083689,,,2026-08-11T06:10:16.60229103Z
AEAQU,Activate Energy Acquisition Corp. Unit,stocks,us,XNAS,UNIT,True,usd,0002083689,,,2026-08-11T06:10:16.602291291Z
AEAQW,Activate Energy Acquisition Corp. Warrant,stocks,us,XNAS,WARRANT,True,usd,0002083689,,,2026-08-11T06:10:16.602291371Z
AEBI,Aebi Schmidt Holding AG Common Stock,stocks,us,XNAS,CS,True,usd,0002048519,,,2026-08-11T06:10:16.602291692Z
AEC,Anfield Energy Inc. Common Shares,stocks,us,XNAS,CS,True,usd,0001519469,BBG002PL1DW6,BBG001V114Z2,2026-08-11T06:10:16.602291772Z
AEE,Ameren Corporation,stocks,us,XNYS,CS,True,usd,0001002910,BBG000B9X8C0,BBG001S5NF24,2026-08-11T06:10:16.602291892Z
AEF,"abrdn Emerging Markets ex-China Fund, Inc.",stocks,us,XASE,FUND,True,usd,0000846676,BBG000BGWCV5,BBG001S5QCR1,2026-08-11T06:10:16.602291972Z
AEFC,Aegon Funding Company LLC 5.10% Subordinated Notes due 2049,stocks,us,XNYS,SP,True,usd,0000769218,,,2026-08-11T06:10:16.602292052Z
AEG,Aegon Ltd.,stocks,us,XNYS,CS,True,usd,0000769218,BBG000CKQSN6,BBG001S6Y6M8,2026-08-11T06:10:16.602292143Z
AEHG,Leverage Shares 2X Long AEHR Daily ETF,stocks,us,BATS,ETF,True,usd,,BBG0236XWF85,BBG0236XWH72,2026-08-11T06:10:16.602292223Z
AEHL,Antelope Enterprise Holdings Limited Class A Ordinary Shares,stocks,us,XNAS,CS,True,usd,0001470683,,,2026-08-11T06:10:16.602292303Z
AEHR,Aehr Test Systems,stocks,us,XNAS,CS,True,usd,0001040470,BBG000BWM083,BBG001SB1CS4,2026-08-11T06:10:16.602292383Z
AEI,Alset Inc. Common Stock (TX),stocks,us,XNAS,CS,True,usd,0001750106,BBG000PZLNH2,BBG001SRKK73,2026-08-11T06:10:16.602292453Z
AEIS,Advanced Energy Industries Inc,stocks,us,XNAS,CS,True,usd,0000927003,BBG000FKMP26,BBG001S8L5Z6,2026-08-11T06:10:16.602292894Z
AEM,Agnico Eagle Mines Ltd.,stocks,us,XNYS,CS,True,usd,0000002809,BBG000DLVDK3,BBG001S77MK3,2026-08-11T06:10:16.602292974Z
AEMD,AETHLON MEDICAL INC,stocks,us,XNAS,CS,True,usd,0000882291,BBG000L78XT8,BBG001SDDHJ6,2026-08-11T06:10:16.602293044Z
AENT,Alliance Entertainment Holding Corporation Class A Common Stock,stocks,us,XNAS,CS,True,usd,0001823584,BBG00YB0X2R2,BBG00YB0X2S1,2026-08-11T06:10:16.602293124Z
AENTW,Alliance Entertainment Holding Corporation Warrants,stocks,us,XNAS,WARRANT,True,usd,0001823584,BBG00ZS05J95,,2026-08-11T06:10:16.602293205Z
AEO,American Eagle Outfitters,stocks,us,XNYS,CS,True,usd,0000919012,BBG000BGXZB5,BBG001S7Q949,2026-08-11T06:10:16.602293285Z
AEON,"AEON Biopharma, Inc.",stocks,us,XASE,CS,True,usd,0001837607,BBG00Z17HDW3,BBG00Z17HFQ5,2026-08-11T06:10:16.602293605Z
AEP,"American Electric Power Company, Inc.",stocks,us,XNAS,CS,True,usd,0000004904,BBG000BB9KF2,BBG001S5NFD2,2026-08-11T06:10:16.602293686Z
AER,Aercap Holdings N.V.,stocks,us,XNYS,CS,True,usd,0001378789,,,2026-08-11T06:10:16.602293796Z
AERO,"Grupo Aeromexico, S.A.B. de C.V. American Depositary Shares (each representing ten (10) Common Shares)",stocks,us,XNYS,ADRC,True,usd,0001561861,BBG01MVJRCW3,BBG01MVJRD24,2026-08-11T06:10:16.602293876Z
AERT,"Aeries Technology, Inc. Class A Ordinary Share",stocks,us,XNAS,CS,True,usd,0001853044,,,2026-08-11T06:10:16.602293956Z
AERTW,"Aeries Technology, Inc. Warrant",stocks,us,XNAS,WARRANT,True,usd,0001853044,,,2026-08-11T06:10:16.602294036Z
AES,AES Corporation,stocks,us,XNYS,CS,True,usd,0000874761,BBG000C23KJ3,BBG001S6B1L5,2026-08-11T06:10:16.602294116Z
AESI,Atlas Energy Solutions Inc.,stocks,us,XNYS,CS,True,usd,0001984060,BBG01JFZ96X4,BBG01JFZ96Y3,2026-08-11T06:10:16.602294207Z
AESP,Aeon Acquisition I Corp. Class A Ordinary Shares,stocks,us,XNAS,CS,True,usd,0002082526,,,2026-08-11T06:10:16.602294277Z
AESPR,Aeon Acquisition I Corp. Rights,stocks,us,XNAS,RIGHT,True,usd,0002082526,,,2026-08-11T06:10:16.602294357Z
AESPU,Aeon Acquisition I Corp. Units,stocks,us,XNAS,UNIT,True,usd,0002082526,,,2026-08-11T06:10:16.602294437Z
AESPW,Aeon Acquisition I Corp. Warrants,stocks,us,XNAS,WARRANT,True,usd,0002082526,,,2026-08-11T06:10:16.602294517Z
AESR,Anfield U.S. Equity Sector Rotation ETF,stocks,us,BATS,ETF,True,usd,0001552947,BBG0234ZY5R1,BBG0234ZY797,2026-08-11T06:10:16.602294597Z
AETH,Bitwise Trendwise Ether and Treasuries Rotation Strategy ETF,stocks,us,ARCX,ETF,True,usd,,BBG01JLGS0C4,BBG01JLGS178,2026-08-11T06:10:16.602294677Z
AEVA,"Aeva Technologies, Inc.",stocks,us,XNAS,CS,True,usd,0001789029,BBG00RK5L2N3,BBG00RK5L2P1,2026-08-11T06:10:16.602294758Z
AEXA,American Exceptionalism Acquisition Corp. A,stocks,us,XNYS,CS,True,usd,0002079173,,,2026-08-11T06:10:16.602294838Z
AEYE,"AudioEye, Inc. Common Stock",stocks,us,XNAS,CS,True,usd,0001362190,BBG002ZQLQB6,BBG002ZQLQC5,2026-08-11T06:10:16.602295208Z
AFB,"Alliance National Municipal Income Fund, Inc.",stocks,us,XNYS,FUND,True,usd,0001162027,BBG000DTM676,BBG001SK6452,2026-08-11T06:10:16.602295289Z
AFCG,Advanced Flower Capital Inc. Common Stock,stocks,us,XNAS,CS,True,usd,0001822523,BBG00YPSX4X5,BBG00YPSX5R9,2026-08-11T06:10:16.602295429Z
AFG,"American Financial Group, Inc.",stocks,us,XNYS,CS,True,usd,0001042046,BBG000DPKKK0,BBG001S8JK86,2026-08-11T06:10:16.602295509Z
AFGB,"American Financial Group, Inc. 5.875% Subordinated Debentures due 2059",stocks,us,XNYS,SP,True,usd,0001042046,,,2026-08-11T06:10:16.602295589Z
AFGC,"American Financial Group, Inc. 5.125% Subordinated Debentures due 2059",stocks,us,XNYS,SP,True,usd,0001042046,,,2026-08-11T06:10:16.602295669Z
AFGD,"American Financial Group, Inc. 5.625% Subordinated Debentures due 2060",stocks,us,XNYS,SP,True,usd,0001042046,,,2026-08-11T06:10:16.602295739Z
AFGE,"American Financial Group, Inc. 4.500% Subordinated Debentures due 2060",stocks,us,XNYS,SP,True,usd,0001042046,,,2026-08-11T06:10:16.60229582Z
AFGR,First Trust Active Factor Large Cap Growth ETF,stocks,us,ARCX,ETF,True,usd,0001667919,BBG00W5F8CQ7,BBG00W5F8DK1,2026-08-11T06:10:16.6022959Z
AFIF,Anfield Universal Fixed Income ETF,stocks,us,BATS,ETF,True,usd,0001552947,BBG0234ZYK07,BBG0234ZYL96,2026-08-11T06:10:16.60229599Z
AFIX,Allspring Broad Market Core Bond ETF,stocks,us,ARCX,ETF,True,usd,,BBG01QVK6KB9,BBG01QVK6L54,2026-08-11T06:10:16.60229607Z
AFJK,"Aimei Health Technology Co., Ltd Ordinary Share",stocks,us,XNAS,CS,True,usd,0001979005,,,2026-08-11T06:10:16.60229615Z
AFJKR,"Aimei Health Technology Co., Ltd Right",stocks,us,XNAS,RIGHT,True,usd,0001979005,,,2026-08-11T06:10:16.60229623Z
AFJKU,"Aimei Health Technology Co., Ltd Unit",stocks,us,XNAS,UNIT,True,usd,0001979005,,,2026-08-11T06:10:16.602296311Z
AFK,VanEck Africa Index ETF,stocks,us,ARCX,ETF,True,usd,0001137360,BBG000H0B9J8,BBG001T33P37,2026-08-11T06:10:16.602296391Z
AFL,Aflac Inc.,stocks,us,XNYS,CS,True,usd,0000004977,BBG000BBBNC6,BBG001S5NGJ4,2026-08-11T06:10:16.602296461Z
AFLG,First Trust Active Factor Large Cap ETF,stocks,us,ARCX,ETF,True,usd,0001667919,BBG00QZ0DQB9,BBG00QZ0DR27,2026-08-11T06:10:16.602296802Z
AFMC,First Trust Active Factor Mid Cap ETF,stocks,us,ARCX,ETF,True,usd,0001667919,BBG00QZ0GVP0,BBG00QZ0GWH7,2026-08-11T06:10:16.602296882Z
AFOS,ARS Focused Opportunity Strategy ETF,stocks,us,XNAS,ETF,True,usd,,BBG01VPTD7B7,BBG01VPTD898,2026-08-11T06:10:16.602297002Z
AFRI,Forafric Global PLC Ordinary Shares,stocks,us,XNAS,CS,True,usd,0001903870,,,2026-08-11T06:10:16.602297112Z
AFRIW,Forafric Global PLC Warrants,stocks,us,XNAS,WARRANT,True,usd,0001903870,,,2026-08-11T06:10:16.602297192Z
AFRM,"Affirm Holdings, Inc. Class A Common Stock",stocks,us,XNAS,CS,True,usd,0001820953,BBG00Y7BP8Y1,BBG00Y7BP8Z0,2026-08-11T06:10:16.602297272Z
AFRU,T-REX 2X Long AFRM Daily Target ETF,stocks,us,BATS,ETF,True,usd,0001771146,BBG01WW9WYK1,BBG01WW9WZK8,2026-08-11T06:10:16.602297353Z
AFSC,abrdn Focused U.S. Small Cap Active ETF,stocks,us,XNAS,ETF,True,usd,,BBG01S68Z424,BBG01S68Z5J3,2026-08-11T06:10:16.602297433Z
AFSM,First Trust Active Factor Small Cap ETF,stocks,us,ARCX,ETF,True,usd,0001667919,BBG00QZ0H932,BBG00QZ0H9W0,2026-08-11T06:10:16.602297523Z
AFYA,Afya Limited Class A Common Shares,stocks,us,XNAS,CS,True,usd,0001771007,,,2026-08-11T06:10:16.602297593Z
AG,FIRST MAJESTIC SILVER CORP,stocks,us,XNYS,CS,True,usd,0001308648,BBG000CH7WB8,BBG001SGV444,2026-08-11T06:10:16.602297673Z
AGBK,AGI Inc,stocks,us,XNYS,CS,True,usd,0002081206,,,2026-08-11T06:10:16.602297763Z
AGCC,Agencia Comercial Spirits Ltd Class A Ordinary Shares,stocks,us,XNAS,CS,True,usd,0002060016,,,2026-08-11T06:10:16.602297844Z
AGCO,AGCO Corporation,stocks,us,XNYS,CS,True,usd,0000880266,BBG000DCCZW2,BBG001S7WHW3,2026-08-11T06:10:16.602297924Z
AGD,abrdn Global Dynamic Dividend Fund,stocks,us,XNYS,FUND,True,usd,0001362481,BBG000DJLNL6,BBG001SMLZ16,2026-08-11T06:10:16.602297994Z
AGEM,abrdn Emerging Markets Dividend Active ETF,stocks,us,XNAS,ETF,True,usd,,BBG01S68DQN6,BBG01S68DRK7,2026-08-11T06:10:16.602298074Z
AGEN,Agenus Inc.,stocks,us,XNAS,CS,True,usd,0001098972,BBG000C8SWQ9,BBG001SDV370,2026-08-11T06:10:16.602298284Z
AGG,iShares Core U.S. Aggregate Bond ETF,stocks,us,ARCX,ETF,True,usd,0001100663,BBG000Q123R0,BBG001SM1QT8,2026-08-11T06:10:16.602298365Z
AGGA,EA Series Trust EA Astoria Beacon Dynamic Core US Fixed Income ETF,stocks,us,XNAS,ETF,True,usd,,BBG01TS490J6,BBG01TS491J4,2026-08-11T06:10:16.602298495Z
AGGH,Simplify Aggregate Bond ETF,stocks,us,ARCX,ETF,True,usd,0001810747,BBG015BC7V75,BBG015BC7WS0,2026-08-11T06:10:16.602298605Z
AGGS,Harbor Disciplined Bond ETF,stocks,us,ARCX,ETF,True,usd,0001860434,BBG01MCGX1X6,BBG01MCGX2S0,2026-08-11T06:10:16.602298685Z
AGGY,WisdomTree Yield Enhanced U.S. Aggregate Bond Fund,stocks,us,ARCX,ETF,True,usd,0001350487,BBG009KCY2B7,BBG009KCY2C6,2026-08-11T06:10:16.602298765Z
AGI,Alamos Gold Inc. Class A Common Shares,stocks,us,XNYS,CS,True,usd,0001178819,BBG009HT6BL4,BBG009HT65S0,2026-08-11T06:10:16.602298845Z
AGIG,Abundia Global Impact Group Inc.,stocks,us,XASE,CS,True,usd,0001156041,BBG000DS8D97,BBG001SK3JJ7,2026-08-11T06:10:16.602298926Z
AGIO,"Agios Pharmaceuticals, Inc.",stocks,us,XNAS,CS,True,usd,0001439222,BBG000QY4ZD0,BBG001T8R687,2026-08-11T06:10:16.602299006Z
AGIQ,SoFi Agentic AI ETF,stocks,us,ARCX,ETF,True,usd,,BBG01WV67GC4,BBG01WV67HD1,2026-08-11T06:10:16.602299086Z
AGIX,KraneShares Trust KraneShares Public-Private AI & Technology ETF,stocks,us,XNAS,ETF,True,usd,0001536592,BBG01NT1RH61,BBG01NT1RJ21,2026-08-11T06:10:16.602299166Z
AGL,"agilon health, inc.",stocks,us,XNYS,CS,True,usd,0001831097,BBG00HCYVQQ4,BBG00HCYVQR3,2026-08-11T06:10:16.602299246Z
AGM,Federal Agricultural Mortgage Corporation,stocks,us,XNYS,CS,True,usd,0000845877,BBG000G8ZKY4,BBG001SCWNB2,2026-08-11T06:10:16.602299326Z
AGM.A,Federal Agricultural Mortgage Corporation Class A Voting,stocks,us,XNYS,CS,True,usd,0000845877,BBG000G8Y1Z6,BBG001SCWN95,2026-08-11T06:10:16.602299407Z
AGMB,AgomAb Therapeutics NV American Depositary Shares,stocks,us,XNAS,ADRC,True,usd,0002020932,BBG01ZPFZLR6,BBG01ZPFZNN6,2026-08-11T06:10:16.602299487Z
AGMH,AGM Group Holdings Inc. Class A Ordinary Shares,stocks,us,XNAS,CS,True,usd,0001705402,,,2026-08-11T06:10:16.602299707Z
AGMI,Themes Silver Miners ETF,stocks,us,XNAS,ETF,True,usd,0001976322,BBG01MQSFLS7,BBG01MQSFMM1,2026-08-11T06:10:16.602299787Z
AGMpD,"Federal Agricultural Mortgage Corporation 5.700% Non-Cumulative Preferred Stock, Series D",stocks,us,XNYS,PFD,True,usd,0000845877,,,2026-08-11T06:10:16.602299918Z
AGMpE,"Federal Agricultural Mortgage Corporation 5.750% Non-Cumulative Preferred Stock, Series E",stocks,us,XNYS,PFD,True,usd,0000845877,,,2026-08-11T06:10:16.602299998Z
AGMpF,"Federal Agricultural Mortgage Corporation 5.250% Non-Cumulative Preferred Stock, Series F",stocks,us,XNYS,PFD,True,usd,0000845877,,,2026-08-11T06:10:16.602300218Z
AGMpG,"Federal Agricultural Mortgage Corporation 4.875% Non-Cumulative Preferred Stock, Series G",stocks,us,XNYS,PFD,True,usd,0000845877,,,2026-08-11T06:10:16.602300408Z
AGMpH,"Federal Agricultural Mortgage Corporation 6.500% Non-Cumulative Preferred Stock, Series H",stocks,us,XNYS,PFD,True,usd,0000845877,,,2026-08-11T06:10:16.602300489Z
AGMpI,"Federal Agricultural Mortgage Corporation 6.875% Non-Cumulative Preferred Stock, Series I",stocks,us,XNYS,PFD,True,usd,0000845877,,,2026-08-11T06:10:16.602300679Z
AGNC,AGNC Investment Corp. Common Stock,stocks,us,XNAS,CS,True,usd,0001423689,BBG000TJ8XZ7,BBG001T074G2,2026-08-11T06:10:16.602300759Z
AGNCL,"AGNC Investment Corp. Depositary Shares Each Representing a 1/1,000th Interest in a Share of 7.75% Series G Fixed-Rate Reset Cumulative Redeemable Preferred Stock",stocks,us,XNAS,CS,True,usd,0001423689,,,2026-08-11T06:10:16.60230097Z
AGNCM,AGNC Investment Corp. Depositary Shares rep 6.875% Series D Fixed-to-Floating Cumulative Redeemable Preferred Stock,stocks,us,XNAS,PFD,True,usd,0001423689,,,2026-08-11T06:10:16.60230105Z
AGNCN,"AGNC Investment Corp. Depositary Shares Each Representing a 1/1,000th Interest in a Share of 7 percent Series C Fixed-To-Floating Rate Cumulative Redeemable Preferred Stock",stocks,us,XNAS,PFD,True,usd,0001423689,,,2026-08-11T06:10:16.60230116Z
AGNCO,"AGNC Investment Corp. Depositary Shares, each representing a 1/1,000th interest in a share of 6.50% Series E Fixed-to-Floating Cumulative Redeemable Preferred Stock",stocks,us,XNAS,CS,True,usd,0001423689,,,2026-08-11T06:10:16.60230123Z
AGNCP,"AGNC Investment Corp. Depositary Shares Each Representing a 1/1,000th Interest in a Share of 6.125% Series F Fixed-to-Floating Rate Cumulative Redeemable Preferred Stock",stocks,us,XNAS,PFD,True,usd,0001423689,,,2026-08-11T06:10:16.60230133Z
AGNCZ,AGNC Investment Corp. 8.75% Series H Fixed-Rate Cumulative Redeemable Preferred Stock,stocks,us,XNAS,PFD,True,usd,0001423689,,,2026-08-11T06:10:16.60230142Z
AGNG,Global X Funds Global X Aging Population ETF,stocks,us,XNAS,ETF,True,usd,0001432353,BBG00CVW2JC1,BBG00CVW2JD0,2026-08-11T06:10:16.602301491Z
AGNT,"AGNT, Inc. Common Stock",stocks,us,XNAS,CS,True,usd,0001495932,BBG001DCTG63,BBG001V05TN8,2026-08-11T06:10:16.602301581Z
AGO,"Assured Guaranty, LTD",stocks,us,XNYS,CS,True,usd,0001273813,,,2026-08-11T06:10:16.602301791Z
AGOX,Adaptive Alpha Opportunities ETF,stocks,us,ARCX,ETF,True,usd,,BBG010WX25M2,BBG010WX26H6,2026-08-11T06:10:16.602301861Z
AGPU,Axe Compute Inc. Common Stock,stocks,us,XNAS,CS,True,usd,0001446159,BBG000PVXTF7,BBG001T619N6,2026-08-11T06:10:16.602301992Z
AGQ,ProShares Ultra Silver,stocks,us,ARCX,ETV,True,usd,0001415311,BBG000F7KQG0,BBG001T2GCT6,2026-08-11T06:10:16.602302072Z
AGQI,First Trust Active Global Quality Income ETF,stocks,us,ARCX,ETF,True,usd,0001667919,BBG01K8H7QZ5,BBG01K8H7RT0,2026-08-11T06:10:16.602302152Z
AGRH,iShares Interest Rate Hedged U.S. Aggregate Bond ETF,stocks,us,ARCX,ETF,True,usd,0001524513,BBG01858ZD01,BBG01858ZF15,2026-08-11T06:10:16.602302232Z
AGRO,ADECOAGRO S.A.,stocks,us,XNYS,CS,True,usd,0001499505,,,2026-08-11T06:10:16.602302312Z
AGRW,Allspring LT Large Growth ETF,stocks,us,ARCX,ETF,True,usd,,BBG01SXPDTR8,BBG01SXPDVQ4,2026-08-11T06:10:16.602302392Z
AGRZ,Agroz Inc. Class A Ordinary Shares,stocks,us,XNAS,CS,True,usd,0002009233,,,2026-08-11T06:10:16.602302472Z
AGX,"Argan, Inc",stocks,us,XNYS,CS,True,usd,0000100591,BBG000K4J3T0,BBG001SJP7D8,2026-08-11T06:10:16.602302553Z
AGYS,"Agilysys, Inc. Common Stock (DE)",stocks,us,XNAS,CS,True,usd,0000078749,BBG000BR74W6,BBG001S5V6V3,2026-08-11T06:10:16.602302633Z
AGZ,iShares Agency Bond ETF,stocks,us,ARCX,ETF,True,usd,0001100663,BBG000G03TV0,BBG001T2RRQ4,2026-08-11T06:10:16.602302703Z
AGZD,WisdomTree Trust WisdomTree Interest Rate Hedged U.S. Aggregate Bond Fund,stocks,us,XNAS,ETF,True,usd,0001350487,BBG005Q26B40,BBG005Q26B59,2026-08-11T06:10:16.602302783Z
AHCO,AdaptHealth Corp. Common Stock,stocks,us,XNAS,CS,True,usd,0001725255,BBG00KJQVGV3,BBG00KJQVGW2,2026-08-11T06:10:16.602302863Z
AHD,GraniteShares Autocallable HOOD ETF,stocks,us,XNAS,ETF,True,usd,,BBG0227KPCV3,BBG0227KPDV1,2026-08-11T06:10:16.602302943Z
AHG,Akso Health Group ADS,stocks,us,XNAS,ADRC,True,usd,0001702318,BBG00HVQFMZ7,BBG00HVQFN03,2026-08-11T06:10:16.602303023Z
AHLT,American Beacon AHL Trend ETF,stocks,us,ARCX,ETF,True,usd,,BBG01J3YK8D5,BBG01J3YK989,2026-08-11T06:10:16.602303234Z
AHLpD,Aspen Insurance Holdings Limited 5.625% Perpetual Non-Cumulative Preference Shares,stocks,us,XNYS,PFD,True,usd,0001267395,,,2026-08-11T06:10:16.602303414Z
AHLpE,"Aspen Insurance Holdings Limited Depositary Shares, each representing a 1/1000th interest in a share of 5.625% Perpetual Non-Cumulative Preference Shares",stocks,us,XNYS,PFD,True,usd,0001267395,,,2026-08-11T06:10:16.602303494Z
AHLpF,"Aspen Insurance Holdings Limited Depositary Shares, each representing a 1/1,000th Interest in a 7.00% Perpetual Non-Cumulative Preference Share",stocks,us,XNYS,PFD,True,usd,0001267395,,,2026-08-11T06:10:16.602303605Z
AHMA,Ambitions Enterprise Management Co. L.L.C Class A Ordinary Shares,stocks,us,XNAS,CS,True,usd,0002010959,,,2026-08-11T06:10:16.602303685Z
AHR,"American Healthcare REIT, Inc.",stocks,us,XNYS,CS,True,usd,0001632970,BBG01L820CZ4,BBG01L820DT9,2026-08-11T06:10:16.602303765Z
AHRT,"AH Realty Trust, Inc.",stocks,us,XNYS,CS,True,usd,0001569187,BBG004CYX1M0,BBG004CYX1N9,2026-08-11T06:10:16.602303945Z
AHRTpA,"AH Realty Trust, Inc. 6.75% Series A Cumulative Redeemable Perpetual Preferred Stock",stocks,us,XNYS,PFD,True,usd,0001569187,,,2026-08-11T06:10:16.602304126Z
AHT,"Ashford Hospitality Trust, Inc.",stocks,us,XNYS,CS,True,usd,0001232582,BBG000PRZVD1,BBG001SLQ6G1,2026-08-11T06:10:16.602304316Z
AHTpD,"Ashford Hospitality Trust, Inc. 8.45% Series D",stocks,us,XNYS,PFD,True,usd,0001232582,,,2026-08-11T06:10:16.602304386Z
AHTpF,"Ashford Hospitality Trust, Inc.",stocks,us,XNYS,PFD,True,usd,0001232582,,,2026-08-11T06:10:16.602304506Z
AHTpG,"Ashford Hospitality Trust, Inc   7.375% Series G Cumulative Preferred Stock",stocks,us,XNYS,PFD,True,usd,0001232582,,,2026-08-11T06:10:16.602304587Z
AHTpH,"Ashford Hospitality Trust, Inc. 7.50 Percent Series H Cumulative Preferred Stock",stocks,us,XNYS,PFD,True,usd,0001232582,,,2026-08-11T06:10:16.602304667Z
AHTpI,"Ashford Hospitality Trust, Inc. 7.50% Series I Cumulative Preferred Stock",stocks,us,XNYS,PFD,True,usd,0001232582,,,2026-08-11T06:10:16.602304747Z
AHYB,American Century Select High Yield ETF,stocks,us,ARCX,ETF,True,usd,0001710607,BBG013HJSPQ8,BBG013HJSQK2,2026-08-11T06:10:16.602304827Z
AI,"C3.ai, Inc.",stocks,us,XNYS,CS,True,usd,0001577526,BBG00Y6G6X31,BBG00Y6G6Y84,2026-08-11T06:10:16.602304907Z
AIA,iShares Asia 50 ETF,stocks,us,XNAS,ETF,True,usd,0001100663,BBG000TVYW56,BBG001T0LKC4,2026-08-11T06:10:16.602305108Z
AIAI,AIAI Holdings Corporation Class A Common Stock,stocks,us,XNAS,CS,True,usd,0002096362,BBG01ZBN7TR8,BBG01ZBN7TS7,2026-08-11T06:10:16.602305188Z
AIB,AIB Data Centers Inc.,stocks,us,XASE,CS,True,usd,0002070542,BBG020VXPCB4,BBG020VXPCC3,2026-08-11T06:10:16.602305308Z
AIBD,Direxion Daily AI and Big Data Bear 2X ETF,stocks,us,ARCX,ETF,True,usd,,BBG01MG5S082,BBG01MG5S153,2026-08-11T06:10:16.602305398Z
AIBU,Direxion Daily AI and Big Data Bull 2X ETF,stocks,us,ARCX,ETF,True,usd,,BBG01MG5M122,BBG01MG5M1X8,2026-08-11T06:10:16.602305478Z
AIBZ,Bitzero Holdings Inc. Common Shares,stocks,us,XNAS,CS,True,usd,0002100457,BBG01YXYYPL7,BBG01YQ5SY72,2026-08-11T06:10:16.602305558Z
AIDX,"20/20 Biolabs, Inc. Common Stock",stocks,us,XNAS,CS,True,usd,0001139685,BBG01ZZ5RSY3,BBG01ZZ5RTV4,2026-08-11T06:10:16.602305639Z
AIEQ,Amplify AI Powered Equity ETF,stocks,us,ARCX,ETF,True,usd,0001633061,BBG01L6Y3H73,BBG01L6Y3J42,2026-08-11T06:10:16.602305709Z
AIFA,"All In FutureTech Alliance, Inc. Common Stock",stocks,us,XNAS,CS,True,usd,0001708341,BBG00J2442Y1,BBG00J2443N1,2026-08-11T06:10:16.602305789Z
AIFC,AI Financial Corporation Common Stock,stocks,us,XNAS,CS,True,usd,0000862861,BBG000CKLRH0,BBG001S6Y4N2,2026-08-11T06:10:16.602305869Z
AIFD,TCW Artificial Intelligence ETF,stocks,us,XNAS,ETF,True,usd,0001831313,BBG01MQS6C89,BBG01MQS6D50,2026-08-11T06:10:16.602305959Z
AIFF,"Firefly Neuroscience, Inc. Common Stock",stocks,us,XNAS,CS,True,usd,0000803578,BBG000BF6HD5,BBG001S6ZMC3,2026-08-11T06:10:16.602306039Z
AIFU,AIFU Inc. Class A Ordinary Share,stocks,us,XNAS,CS,True,usd,0001413855,,,2026-08-11T06:10:16.602306119Z
AIG,"American International Group, Inc.",stocks,us,XNYS,CS,True,usd,0000005272,BBG000BBDZG3,BBG001S5NJG1,2026-08-11T06:10:16.6023062Z
AIHS,Senmiao Technology Limited Common Stock,stocks,us,XNAS,CS,True,usd,0001711012,BBG00J3Q25V9,BBG00J3Q26K9,2026-08-11T06:10:16.60230627Z
AIHY,Defiance AI Hyperscale Leaders ETF,stocks,us,ARCX,ETF,True,usd,,BBG023DKY1G5,BBG023DKY2G3,2026-08-11T06:10:16.60230635Z
AII,"American Integrity Insurance Group, Inc.",stocks,us,XNYS,CS,True,usd,0002007587,BBG000BN06C9,BBG001SC1H65,2026-08-11T06:10:16.602306791Z
AIIA,AI Infrastructure Acquisition Corp.,stocks,us,XNYS,CS,True,usd,0002073553,,,2026-08-11T06:10:16.602306871Z
AIIA.U,"AI Infrastructure Acquisition Corp. Units, each consisting of one Class A Ordinary Share and one Right",stocks,us,XNYS,UNIT,True,usd,0002073553,,,2026-08-11T06:10:16.602306981Z
AIIAr,"AI Infrastructure Acquisition Corp. Rights, each entitling the holder to receive one-fifth (1/5) of one Class A Ordinary Share",stocks,us,XNYS,RIGHT,True,usd,0002073553,,,2026-08-11T06:10:16.602307071Z
AIIO,Robo.ai Inc. Class B Ordinary Shares,stocks,us,XNAS,CS,True,usd,0001932737,,,2026-08-11T06:10:16.602307151Z
AIIOW,Robo.ai Inc. Warrant,stocks,us,XNAS,WARRANT,True,usd,0001932737,,,2026-08-11T06:10:16.602307232Z
AIIR,Air Global PLC Ordinary Shares,stocks,us,XNAS,CS,True,usd,0002097725,,,2026-08-11T06:10:16.602307312Z
AIM,AIM ImmunoTech Inc.,stocks,us,XASE,CS,True,usd,0000946644,BBG000JL6Z80,BBG001SB9J29,2026-08-11T06:10:16.602307392Z
AIMD,"Ainos, Inc. Common Stock",stocks,us,XNAS,CS,True,usd,0001014763,BBG000H6PLR4,BBG001S965R0,2026-08-11T06:10:16.602307612Z
AIMDW,"Ainos, Inc. Warrants",stocks,us,XNAS,WARRANT,True,usd,0001014763,BBG019232J79,,2026-08-11T06:10:16.602307692Z
AIMS,Acuitas Small Cap Active ETF,stocks,us,XNAS,ETF,True,usd,,BBG0200WGCL9,BBG0200WGDJ0,2026-08-11T06:10:16.602307803Z
AIN,Albany International Corp Class A,stocks,us,XNYS,CS,True,usd,0000819793,BBG000BRWWH3,BBG001S5VKN1,2026-08-11T06:10:16.602307883Z
AINP,Allspring Income Plus ETF,stocks,us,ARCX,ETF,True,usd,,BBG01QVK6YM7,BBG01QVK6ZK6,2026-08-11T06:10:16.602307963Z
AINT,FINQ DOLLAR NEUTRAL U.S. Large Cap AI-Managed Equity ETF,stocks,us,ARCX,ETF,True,usd,0001742912,BBG01XSVSCP3,BBG01XSVSG47,2026-08-11T06:10:16.602308043Z
AIO,Virtus Artificial Intelligence & Technology Opportunities Fund,stocks,us,XNYS,FUND,True,usd,0001778114,BBG00Q7474K8,BBG00Q7474L7,2026-08-11T06:10:16.602308123Z
AIOO,AllianzIM U.S. Equity Buffer100 Protection ETF,stocks,us,BATS,ETF,True,usd,0001797318,BBG01V5B7TC6,BBG01V5B7V77,2026-08-11T06:10:16.602308203Z
AIOS,AIOS Tech Inc. Class A Common Shares,stocks,us,XNAS,CS,True,usd,0001603993,,,2026-08-11T06:10:16.602308564Z
AIOT,"PowerFleet, Inc. Common Stock",stocks,us,XNAS,CS,True,usd,0001774170,BBG00PG3JNL6,BBG00PG3JNM5,2026-08-11T06:10:16.602308644Z
AIP,"Arteris, Inc. Common Stock",stocks,us,XNAS,CS,True,usd,0001667011,BBG000QMLTK3,BBG001T7VHG1,2026-08-11T06:10:16.602308805Z
AIPI,REX AI Equity Premium Income ETF,stocks,us,XNAS,ETF,True,usd,0001771146,BBG01N48YNC5,BBG01N48YPF7,2026-08-11T06:10:16.602308885Z
AIPO,Defiance AI & Power Infrastructure ETF,stocks,us,XNAS,ETF,True,usd,,BBG01S2RQNR7,BBG01S2RQPN6,2026-08-11T06:10:16.602308955Z
AIQ,Global X Funds Global X Artificial Intelligence & Technology ETF,stocks,us,XNAS,ETF,True,usd,0001432353,BBG00KX8KG94,BBG00KX8KH01,2026-08-11T06:10:16.602309035Z
AIQD,MicroSectors -3x Short Artificial Intelligence (AI) ETNs,stocks,us,ARCX,ETN,True,usd,0000927971,BBG022MHC2L0,BBG022MHC5M2,2026-08-11T06:10:16.602309115Z
AIQU,MicroSectors 3x Long Artificial Intelligence (AI) ETNs,stocks,us,ARCX,ETN,True,usd,0000927971,BBG022MH50B3,BBG022MH5194,2026-08-11T06:10:16.602309205Z
AIR,AAR Corp.,stocks,us,XNYS,CS,True,usd,0000001750,BBG000BBGQF1,BBG001S5NJX2,2026-08-11T06:10:16.602309286Z
AIRE,reAlpha Tech Corp. Common Stock,stocks,us,XNAS,CS,True,usd,0001859199,BBG015SL9PD1,BBG015SL9PF9,2026-08-11T06:10:16.602309366Z
AIRG,"Airgain, Inc. Common Stock",stocks,us,XNAS,CS,True,usd,0001272842,BBG0026ZDGG4,BBG0026ZDGH3,2026-08-11T06:10:16.602309436Z
AIRI,Air Industries Group,stocks,us,XASE,CS,True,usd,0001009891,BBG000C8XXR0,BBG001SG3M27,2026-08-11T06:10:16.602309516Z
AIRJ,AirJoule Technologies Corporation Class A Common Stock,stocks,us,XNAS,CS,True,usd,0001855474,BBG014FPNGK5,BBG014FPNHD1,2026-08-11T06:10:16.602309596Z
AIRJW,AirJoule Technologies Corporation Warrant,stocks,us,XNAS,WARRANT,True,usd,0001855474,BBG014XDH6X7,,2026-08-11T06:10:16.602309676Z
AIRO,"AIRO Group Holdings, Inc. Common Stock",stocks,us,XNAS,CS,True,usd,0001927958,BBG01FRGW2W5,BBG01FRGW2Z2,2026-08-11T06:10:16.602309756Z
AIRR,First Trust RBA American Industrial Renaissance ETF,stocks,us,XNAS,ETF,True,usd,0001552740,BBG0063G4FW4,BBG0063G4FX3,2026-08-11T06:10:16.602309837Z
AIRS,"AirSculpt Technologies, Inc. Common Stock",stocks,us,XNAS,CS,True,usd,0001870940,BBG012V27C29,BBG012V27CX5,2026-08-11T06:10:16.602310077Z
AIRT,Air T Inc,stocks,us,XNAS,CS,True,usd,0000353184,BBG000BBH316,BBG001S5NJZ0,2026-08-11T06:10:16.602310157Z
AIRTP,"Air T, Inc. Air T Funding Alpha Income Trust Preferred Securities",stocks,us,XNAS,PFD,True,usd,0000353184,,,2026-08-11T06:10:16.602310287Z
AIS,VistaShares Artificial Intelligence Supercycle ETF,stocks,us,ARCX,ETF,True,usd,0001722388,BBG01R2TJN20,BBG01R2TJP25,2026-08-11T06:10:16.602310368Z
AISP,"Airship AI Holdings, Inc. Class A Common Stock",stocks,us,XNAS,CS,True,usd,0001842566,BBG00ZZNS7C4,BBG00ZZNS7D3,2026-08-11T06:10:16.602310448Z
AISPW,"Airship AI Holdings, Inc. Warrants",stocks,us,XNAS,WARRANT,True,usd,0001842566,BBG010W1PNX6,,2026-08-11T06:10:16.602310518Z
AIT,"Applied Industrial Technologies, Inc.",stocks,us,XNYS,CS,True,usd,0000109563,BBG000BBHHP9,BBG001S5NK14,2026-08-11T06:10:16.602310608Z
AIUP,FINQ FIRST U.S. Large Cap AI-Managed Equity ETF,stocks,us,ARCX,ETF,True,usd,0001742912,BBG01XSRKSJ2,BBG01XSRKTF4,2026-08-11T06:10:16.602310688Z
AIV,Apartment Investment and Management Company,stocks,us,XNYS,CS,True,usd,0000922864,BBG000DD3510,BBG001S876N3,2026-08-11T06:10:16.602310768Z
AIVC,Amplify Bloomberg AI Equal Weight ETF,stocks,us,ARCX,ETF,True,usd,0001633061,BBG01L6Y1LR4,BBG01L6Y1ML8,2026-08-11T06:10:16.602310849Z
AIVI,WisdomTree International AI Enhanced Value Fund,stocks,us,ARCX,ETF,True,usd,0001350487,BBG000BT3GK2,BBG001SHL7M6,2026-08-11T06:10:16.602310929Z
AIVL,WisdomTree U.S. AI Enhanced Value Fund,stocks,us,ARCX,ETF,True,usd,0001350487,BBG000BT2NX4,BBG001SHL7F4,2026-08-11T06:10:16.602311009Z
AIX,Defiance US 100 Tech AI Moat ETF,stocks,us,XNAS,ETF,True,usd,,BBG022WKNDT8,BBG022WKNG02,2026-08-11T06:10:16.602311089Z
AIXC,"AIxCrypto Holdings, Inc. Common Stock",stocks,us,XNAS,CS,True,usd,0001460702,BBG008D03RS4,BBG008D03RT3,2026-08-11T06:10:16.602311169Z
AIXI,XIAO-I Corporation American Depositary Shares,stocks,us,XNAS,ADRC,True,usd,0001935172,BBG01C3DTQ83,BBG01C3DTQ92,2026-08-11T06:10:16.602311249Z
AIYY,YieldMax AI Option Income Strategy ETF,stocks,us,ARCX,ETS,True,usd,0001924868,BBG01K8MLVZ7,BBG01K8MLWY6,2026-08-11T06:10:16.60231133Z
AIZ,"Assurant, Inc.",stocks,us,XNYS,CS,True,usd,0001267238,BBG000BZX1N5,BBG001SD9DW5,2026-08-11T06:10:16.60231152Z
AIZN,"Assurant, Inc. 5.25% Subordinated Notes due 2061",stocks,us,XNYS,SP,True,usd,0001267238,,,2026-08-11T06:10:16.6023116Z
AJAN,Innovator Equity Defined Protection ETF - 2 Yr to January 2028,stocks,us,BATS,ETF,True,usd,0001415726,BBG01KTTT4N4,BBG01KTTT5K4,2026-08-11T06:10:16.60231171Z
AJG,Arthur J. Gallagher & Co.,stocks,us,XNYS,CS,True,usd,0000354190,BBG000BBHXQ3,BBG001S5NKC2,2026-08-11T06:10:16.60231179Z
AJUL,Innovator Equity Defined Protection ETF - 2 Yr to July 2028,stocks,us,BATS,ETF,True,usd,0001415726,BBG01NJ0PGC1,BBG01NJ0PH66,2026-08-11T06:10:16.602311871Z
AKA,a.k.a. Brands Holding Corp.,stocks,us,XNYS,CS,True,usd,0001865107,BBG0129CWQ14,BBG0129CWQ23,2026-08-11T06:10:16.602311951Z
AKAF,The Frontier Economic Fund,stocks,us,XNYS,ETF,True,usd,,BBG01VS3BCZ6,BBG01VS3BF70,2026-08-11T06:10:16.602312031Z
AKAL,T-REX 2X Long AKAM Daily Target ETF,stocks,us,BATS,ETF,True,usd,,BBG0243CFV22,BBG0243CFX28,2026-08-11T06:10:16.602312101Z
AKAM,Akamai Technologies Inc,stocks,us,XNAS,CS,True,usd,0001086222,BBG000BJQWD2,BBG001S7YHX0,2026-08-11T06:10:16.602312181Z
AKAN,Akanda Corp. Common Shares,stocks,us,XNAS,CS,True,usd,0001888014,BBG013GQ5XT8,BBG013GQ5XV5,2026-08-11T06:10:16.602312261Z
AKBA,"Akebia Therapeutics, Inc.",stocks,us,XNAS,CS,True,usd,0001517022,BBG000R33R00,BBG001T922S9,2026-08-11T06:10:16.602312341Z
AKO.A,Embotelladora Andina S.A. Series A,stocks,us,XNYS,ADRC,True,usd,0000925261,BBG000J82W71,BBG001S9ZDD6,2026-08-11T06:10:16.602312462Z
AKO.B,Embotelladora Andina S.A. Series B,stocks,us,XNYS,ADRC,True,usd,0000925261,BBG000DZ2SW8,BBG001S6T4X7,2026-08-11T06:10:16.602312542Z
AKR,Acadia Realty Trust,stocks,us,XNYS,CS,True,usd,0000899629,BBG000BJGD54,BBG001S7KXT5,2026-08-11T06:10:16.602312622Z
AKRE,Akre Focus ETF,stocks,us,ARCX,ETF,True,usd,,BBG01RM0YYJ2,BBG01RM0YZG2,2026-08-11T06:10:16.602312702Z
AKTS,"Aktis Oncology, Inc. Common stock",stocks,us,XNAS,CS,True,usd,0002035832,BBG00ZQS8KZ1,BBG00ZQS8L07,2026-08-11T06:10:16.602312782Z
AKTX,Akari Therapeutics plc ADR (0.01 USD),stocks,us,XNAS,ADRC,True,usd,0001541157,BBG003PMV495,BBG003PMV510,2026-08-11T06:10:16.602313023Z
ALA,Corgi ALAB 2x Daily ETF,stocks,us,BATS,ETF,True,usd,,BBG02316FV29,BBG02316FWC6,2026-08-11T06:10:16.602313103Z
ALAB,"Astera Labs, Inc. Common Stock",stocks,us,XNAS,CS,True,usd,0001736297,BBG00TDKHW99,BBG00TDKHWK6,2026-08-11T06:10:16.602313233Z
ALAI,Alger AI Enablers & Adopters ETF,stocks,us,ARCX,ETF,True,usd,0001807486,BBG01M13SDZ5,BBG01M13SFT7,2026-08-11T06:10:16.602313313Z
ALAR,Alarum Technologies Ltd. American Depositary Share,stocks,us,XNAS,ADRC,True,usd,0001725332,BBG00GVM3KM9,BBG00GVM3LB9,2026-08-11T06:10:16.602313414Z
ALB,Albemarle Corporation,stocks,us,XNYS,CS,True,usd,0000915913,BBG000BJ26K7,BBG001S7SBP9,2026-08-11T06:10:16.602313494Z
ALBG,Leverage Shares 2X Long ALB Daily ETF,stocks,us,XNAS,ETF,True,usd,,BBG01ZJ1W5W6,BBG01ZJ1W6S9,2026-08-11T06:10:16.602313574Z
ALBpA,Albemarle Corporation Depositary Shares each representing a 1/20th interest in a share of 7.25% Series A Mandatory Convertible Preferred Stock,stocks,us,XNYS,SP,True,usd,0000915913,,,2026-08-11T06:10:16.602313694Z
ALC,Alcon Inc. Ordinary Shares,stocks,us,XNYS,CS,True,usd,0001167379,,,2026-08-11T06:10:16.602313774Z
ALCO,Alico Inc,stocks,us,XNAS,CS,True,usd,0000003545,BBG000BBJR57,BBG001S5NKW0,2026-08-11T06:10:16.602313854Z
ALDB,Aptus Laddered Deep Buffer ETF,stocks,us,BATS,ETF,True,usd,,BBG0227KPWR4,BBG0227KPXQ3,2026-08-11T06:10:16.602313935Z
ALDF,Aldel Financial II Inc. Class A Ordinary Shares,stocks,us,XNAS,CS,True,usd,0002031561,,,2026-08-11T06:10:16.602314015Z
ALDFU,Aldel Financial II Inc. Units,stocks,us,XNAS,UNIT,True,usd,0002031561,,,2026-08-11T06:10:16.602314415Z
ALDFW,Aldel Financial II Inc. Warrants,stocks,us,XNAS,WARRANT,True,usd,0002031561,,,2026-08-11T06:10:16.602314496Z
ALDX,"Aldeyra Therapeutics, Inc.",stocks,us,XNAS,CS,True,usd,0001341235,BBG0029H8ZF6,BBG0029H8ZG5,2026-08-11T06:10:16.602314576Z
ALEC,"Alector, Inc. Common Stock",stocks,us,XNAS,CS,True,usd,0001653087,BBG00N0PL198,BBG00N0PL214,2026-08-11T06:10:16.602314656Z
ALF,Centurion Acquisition Corp. Class A Ordinary Shares,stocks,us,XNAS,CS,True,usd,0002010930,,,2026-08-11T06:10:16.602314886Z
ALFUU,Centurion Acquisition Corp. Unit,stocks,us,XNAS,UNIT,True,usd,0002010930,,,2026-08-11T06:10:16.602314967Z
ALFUW,Centurion Acquisition Corp. Warrant,stocks,us,XNAS,WARRANT,True,usd,0002010930,,,2026-08-11T06:10:16.602315087Z
ALG,"Alamo Group, Inc.",stocks,us,XNYS,CS,True,usd,0000897077,BBG000BJTZX0,BBG001S7YVC2,2026-08-11T06:10:16.602315167Z
ALGM,"Allegro MicroSystems, Inc. Common Stock",stocks,us,XNAS,CS,True,usd,0000866291,BBG00H5S8391,BBG00H5S83B8,2026-08-11T06:10:16.602315257Z
ALGN,Align Technology Inc,stocks,us,XNAS,CS,True,usd,0001097149,BBG000BRNLL2,BBG001SCF1B9,2026-08-11T06:10:16.602315327Z
ALGS,"Aligos Therapeutics, Inc. Common Stock",stocks,us,XNAS,CS,True,usd,0001799448,BBG00QX7QH68,BBG00QX7QH77,2026-08-11T06:10:16.602315407Z
ALGT,Allegiant Travel Company,stocks,us,XNAS,CS,True,usd,0001362468,BBG000LJS6B8,BBG001SQ25S5,2026-08-11T06:10:16.602315488Z
ALH,Alliance Laundry Holdings Inc.,stocks,us,XNYS,CS,True,usd,0001317685,BBG000P6B087,BBG001SL52J0,2026-08-11T06:10:16.602315568Z
ALHC,"Alignment Healthcare, Inc. Common Stock",stocks,us,XNAS,CS,True,usd,0001832466,BBG00ZJ0DSR6,BBG00ZJ0DSS5,2026-08-11T06:10:16.602315648Z
ALIL,Argent Focused Small Cap ETF,stocks,us,XNAS,ETF,True,usd,,BBG01TCJ00K7,BBG01TCJ01G0,2026-08-11T06:10:16.602315728Z
ALIS,Calisa Acquisition Corp Ordinary shares,stocks,us,XNAS,CS,True,usd,0002026767,,,2026-08-11T06:10:16.602315828Z
ALISR,Calisa Acquisition Corp Right,stocks,us,XNAS,RIGHT,True,usd,0002026767,,,2026-08-11T06:10:16.602315908Z
ALISU,Calisa Acquisition Corp Units,stocks,us,XNAS,UNIT,True,usd,0002026767,,,2026-08-11T06:10:16.602315988Z
ALIT,"Alight, Inc.",stocks,us,XNYS,CS,True,usd,0001809104,BBG00H00J2N1,BBG00H00J2Q8,2026-08-11T06:10:16.602316099Z
ALK,"Alaska Air Group, Inc.",stocks,us,XNYS,CS,True,usd,0000766421,BBG000BBL0Y1,BBG001S5NLG6,2026-08-11T06:10:16.602316299Z
ALKS,Alkermes Inc. plc,stocks,us,XNAS,CS,True,usd,0001520262,,,2026-08-11T06:10:16.60231656Z
ALKT,"Alkami Technology, Inc. Common Stock",stocks,us,XNAS,CS,True,usd,0001529274,BBG005HTCT54,BBG005HTCT63,2026-08-11T06:10:16.60231675Z
ALL,The Allstate Corporation,stocks,us,XNYS,CS,True,usd,0000899051,BBG000BVMGF2,BBG001S9BM06,2026-08-11T06:10:16.60231694Z
ALLE,Allegion Public Limited Company,stocks,us,XNYS,CS,True,usd,0001579241,,,2026-08-11T06:10:16.602317121Z
ALLO,"Allogene Therapeutics, Inc. Common Stock",stocks,us,XNAS,CS,True,usd,0001737287,BBG00KHRRDX3,BBG00KHRRDY2,2026-08-11T06:10:16.602317321Z
ALLR,"Allarity Therapeutics, Inc. Common Stock",stocks,us,XNAS,CS,True,usd,0001860657,BBG012NXCZP8,BBG012NXCZQ7,2026-08-11T06:10:16.602317401Z
ALLT,Allot Ltd. Ordinary Shares,stocks,us,XNAS,CS,True,usd,0001365767,,,2026-08-11T06:10:16.602317531Z
ALLW,SSGA Active Trust State Street Bridgewater All Weather ETF,stocks,us,XNAS,ETF,True,usd,0001516212,BBG01SN3NWY2,BBG01SN3NXT6,2026-08-11T06:10:16.602317612Z
ALLY,Ally Financial Inc.,stocks,us,XNYS,CS,True,usd,0000040729,BBG000BC2R71,BBG001S5RLN4,2026-08-11T06:10:16.602317692Z
ALLpB,The Allstate Corporation 5.100%  Fixed-To-Floating Rate Subordinated Debentures due 2053,stocks,us,XNYS,PFD,True,usd,0000899051,,,2026-08-11T06:10:16.602317772Z
ALLpH,The Allstate Corporation,stocks,us,XNYS,PFD,True,usd,0000899051,,,2026-08-11T06:10:16.602317962Z
ALLpI,The Allstate Corporation,stocks,us,XNYS,PFD,True,usd,0000899051,,,2026-08-11T06:10:16.602318143Z
ALLpJ,"The Allstate Corporation Depositary Shares each representing a 1/1,000th interest in a share of Fixed Rate Noncumulative Perpetual Preferred Stock, Series J",stocks,us,XNYS,PFD,True,usd,0000899051,,,2026-08-11T06:10:16.602318343Z
ALM,Almonty Industries Inc. Common Shares,stocks,us,XNAS,CS,True,usd,0001670061,BBG004KGNV81,BBG001T7CS41,2026-08-11T06:10:16.602318533Z
ALMR,"Alamar Biosciences, Inc. Common Stock",stocks,us,XNAS,CS,True,usd,0002104204,BBG012FD22W7,BBG012FD22X6,2026-08-11T06:10:16.602318614Z
ALMS,Alumis Inc. Common Stock,stocks,us,XNAS,CS,True,usd,0001847367,BBG01J7X4PN2,BBG01J7X4PP0,2026-08-11T06:10:16.602318694Z
ALMU,"Aeluma, Inc. Common Stock",stocks,us,XNAS,CS,True,usd,0001828805,BBG013BHY3G1,BBG013BHY3H0,2026-08-11T06:10:16.602318924Z
ALNT,Allient Inc. Common Stock,stocks,us,XNAS,CS,True,usd,0000046129,BBG000BKVYJ3,BBG001S5RST3,2026-08-11T06:10:16.602319004Z
ALNY,"Alnylam Pharmaceuticals, Inc.",stocks,us,XNAS,CS,True,usd,0001178670,BBG000BFGNJ5,BBG001S7FTC8,2026-08-11T06:10:16.602319125Z
ALOT,"AstroNova, Inc. Common Stock",stocks,us,XNAS,CS,True,usd,0000008146,BBG000BBMCY4,BBG001S5NLS3,2026-08-11T06:10:16.602319215Z
ALOV,"Aldabra 4 Liquidity Opportunity Vehicle, Inc. Class A Ordinary Shares",stocks,us,XNAS,CS,True,usd,0002083989,,,2026-08-11T06:10:16.602319285Z
ALOVU,"Aldabra 4 Liquidity Opportunity Vehicle, Inc. Units",stocks,us,XNAS,UNIT,True,usd,0002083989,,,2026-08-11T06:10:16.602319365Z
ALOVW,"Aldabra 4 Liquidity Opportunity Vehicle, Inc. Warrants",stocks,us,XNAS,WARRANT,True,usd,0002083989,,,2026-08-11T06:10:16.602319445Z
ALOY,REalloys Inc. Common Stock,stocks,us,XNAS,CS,True,usd,0001567900,BBG007GGHNQ4,BBG007GGHNR3,2026-08-11T06:10:16.602319535Z
ALP,Alpha Compute Corp Common Stock,stocks,us,XNAS,CS,True,usd,0001095435,,,2026-08-11T06:10:16.602319615Z
ALPS,ALPS Group Inc Ordinary Share,stocks,us,XNAS,CS,True,usd,0002025774,,,2026-08-11T06:10:16.602319696Z
ALPX,Alpex Acquisition Corporation Class A Ordinary Shares,stocks,us,XNAS,CS,True,usd,0002125551,,,2026-08-11T06:10:16.602319776Z
ALPXR,Alpex Acquisition Corporation Rights,stocks,us,XNAS,RIGHT,True,usd,0002125551,,,2026-08-11T06:10:16.602319846Z
ALPXU,Alpex Acquisition Corporation Unit,stocks,us,XNAS,UNIT,True,usd,0002125551,,,2026-08-11T06:10:16.602319936Z
ALPXW,Alpex Acquisition Corporation Warrants,stocks,us,XNAS,WARRANT,True,usd,0002125551,,,2026-08-11T06:10:16.602320016Z
ALRG,Allspring LT Large Core ETF,stocks,us,ARCX,ETF,True,usd,,BBG01V9VKGD0,BBG01V9VKHF6,2026-08-11T06:10:16.602320096Z
ALRM,"Alarm.com Holdings, Inc.",stocks,us,XNAS,CS,True,usd,0001459200,BBG007GNPYY7,BBG007GNPYZ6,2026-08-11T06:10:16.602320177Z
ALRS,Alerus Financial Corporation Common Stock,stocks,us,XNAS,CS,True,usd,0000903419,BBG000BTXSH7,BBG001SGGKT8,2026-08-11T06:10:16.602320487Z
ALSN,"ALLISON TRANSMISSION HOLDINGS, INC.",stocks,us,XNYS,CS,True,usd,0001411207,BBG001KY3845,BBG001V0T5F3,2026-08-11T06:10:16.602320567Z
ALT,"Altimmune, Inc. Common Stock",stocks,us,XNAS,CS,True,usd,0001326190,BBG000FXML90,BBG001SNS461,2026-08-11T06:10:16.602320688Z
ALTG,Alta Equipment Group Inc.,stocks,us,XNYS,CS,True,usd,0001759824,BBG00NZ6JVD4,BBG00NZ6JW42,2026-08-11T06:10:16.602320788Z
ALTGpA,Alta Equipment Group Inc. Depositary Shares (each representing 1/1000th in a share of 10% Series A Cumulative Perpetual Preferred Stock),stocks,us,XNYS,PFD,True,usd,0001759824,,,2026-08-11T06:10:16.602320878Z
ALTI,"AlTi Global, Inc. Class A Common Stock",stocks,us,XNAS,CS,True,usd,0001838615,BBG00Z6F0LQ7,BBG00Z6F0ML0,2026-08-11T06:10:16.602320958Z
ALTL,Pacer Lunt Large Cap Alternator ETF,stocks,us,ARCX,ETF,True,usd,0001616668,BBG00VP22TF7,BBG00VP22V71,2026-08-11T06:10:16.602321038Z
ALTO,"Alto Ingredients, Inc. Common Stock",stocks,us,XNAS,CS,True,usd,0000778164,BBG000K4WSD7,BBG001SCBYZ5,2026-08-11T06:10:16.602321118Z
ALTY,Global X Funds Global X Alternative Income ETF,stocks,us,XNAS,ETF,True,usd,0001432353,BBG009L6H4R7,BBG009L6H4S6,2026-08-11T06:10:16.602321329Z
ALUB,Alussa Energy Acquisition Corp. II,stocks,us,XNYS,CS,True,usd,0002041493,,,2026-08-11T06:10:16.602321399Z
ALUB.U,"Alussa Energy Acquisition Corp. II Units, each consisting of one Class A ordinary share and one-third of one redeemable warrant",stocks,us,XNYS,UNIT,True,usd,0002041493,,,2026-08-11T06:10:16.602321519Z
ALUB.WS,"Alussa Energy Acquisition Corp. II Redeemable Warrants, each whole warrant exercisable for one Class A ordinary share at an exercise price of $11.50 per share",stocks,us,XNYS,WARRANT,True,usd,0002041493,,,2026-08-11T06:10:16.602321599Z
ALV,"Autoliv, Inc.",stocks,us,XNYS,CS,True,usd,0001034670,BBG000BVLRY8,BBG001S9YRV6,2026-08-11T06:10:16.602321679Z
ALVO,Alvotech Ordinary Shares,stocks,us,XNAS,CS,True,usd,0001898416,,,2026-08-11T06:10:16.60232176Z
ALVOW,Alvotech Warrant,stocks,us,XNAS,WARRANT,True,usd,0001898416,,,2026-08-11T06:10:16.60232185Z
ALX,Alexander's Inc.,stocks,us,XNYS,CS,True,usd,0000003499,BBG000BBNLK8,BBG001S5NM92,2026-08-11T06:10:16.60232193Z
ALXO,ALX Oncology Holdings Inc. Common Stock,stocks,us,XNAS,CS,True,usd,0001810182,BBG00VR8SDG8,BBG00VR8SF73,2026-08-11T06:10:16.602322331Z
ALZN,"Alzamend Neuro, Inc. Common Stock",stocks,us,XNAS,CS,True,usd,0001677077,BBG00ZMXG7M8,BBG00ZMXG7N7,2026-08-11T06:10:16.602322411Z
AM,Antero Midstream Corporation Common Stock,stocks,us,XNYS,CS,True,usd,0001623925,BBG00GBNZ4M0,BBG00GBNZ4N9,2026-08-11T06:10:16.602322511Z
AMA,Defiance Daily Target 2X Long AMAT ETF,stocks,us,XNAS,ETF,True,usd,,BBG01X1D29L1,BBG01X1D2BQ1,2026-08-11T06:10:16.602322591Z
AMAA,Corgi AMZN 2x Daily ETF,stocks,us,BATS,ETF,True,usd,,BBG02316L100,BBG02316L262,2026-08-11T06:10:16.602322671Z
AMACU,AMR Resources Acquisition Corp Units,stocks,us,XNAS,UNIT,True,usd,0002110119,,,2026-08-11T06:10:16.602322741Z
AMAL,Amalgamated Financial Corp. Common Stock (DE),stocks,us,XNAS,CS,True,usd,0001823608,BBG00XRT7YX6,BBG00XRT7YY5,2026-08-11T06:10:16.602322822Z
AMAN,Amanat Acquisition Corp Class A Ordinary Shares,stocks,us,XNAS,CS,True,usd,0002112457,,,2026-08-11T06:10:16.602322902Z
AMAT,Applied Materials Inc,stocks,us,XNAS,CS,True,usd,0000006951,BBG000BBPFB9,BBG001S5NMM7,2026-08-11T06:10:16.602322982Z
AMAU,Leverage Shares 2X Long AMAT Daily ETF,stocks,us,BATS,ETF,True,usd,,BBG0227C6T90,BBG0227C6VB2,2026-08-11T06:10:16.602323062Z
AMAX,Adaptive Hedged Multi-Asset Income ETF,stocks,us,ARCX,ETF,True,usd,,BBG0133TN2R6,BBG0133TN3L0,2026-08-11T06:10:16.602323142Z
AMBA,"Ambarella, Inc. Ordinary Shares",stocks,us,XNAS,CS,True,usd,0001280263,,,2026-08-11T06:10:16.602323222Z
AMBO,Ambow Education Holding Ltd. American Depository Shares (each representing twenty (20) Class A Ordinary Shares),stocks,us,XASE,ADRC,True,usd,0001494558,BBG000BDCP09,BBG001T99B02,2026-08-11T06:10:16.602323303Z
AMBP,Ardagh Metal Packaging S.A.,stocks,us,XNYS,CS,True,usd,0001845097,,,2026-08-11T06:10:16.602323383Z
AMBQ,"Ambiq Micro, Inc.",stocks,us,XNYS,CS,True,usd,0001500412,BBG0026ZDH90,BBG0026ZDHB7,2026-08-11T06:10:16.602323463Z
AMBR,Amber International Holding Limited American Depositary Shares,stocks,us,XNAS,ADRC,True,usd,0001697818,BBG00J0BKBX0,BBG00J0BKBY9,2026-08-11T06:10:16.602323543Z
AMC,"AMC ENTERTAINMENT HOLDINGS, INC.",stocks,us,XNYS,CS,True,usd,0001411579,BBG000TDCVT6,BBG001SZYYL4,2026-08-11T06:10:16.602323743Z
AMCI,AMC Robotics Corporation Common Stock,stocks,us,XNAS,CS,True,usd,0001937891,BBG01BFJ8R35,BBG01BFJ8RY1,2026-08-11T06:10:16.602323824Z
AMCR,Amcor plc Ordinary Shares,stocks,us,XNYS,CS,True,usd,0001748790,,,2026-08-11T06:10:16.602324144Z
AMCX,AMC Global Media Inc. Class A Common Stock,stocks,us,XNAS,CS,True,usd,0001514991,BBG000H01H92,BBG001SLR8S3,2026-08-11T06:10:16.602324224Z
AMD,Advanced Micro Devices,stocks,us,XNAS,CS,True,usd,0000002488,BBG000BBQCY0,BBG001S5NN36,2026-08-11T06:10:16.602324305Z
AMDC,Corgi AMD 2x Daily ETF,stocks,us,BATS,ETF,True,usd,,BBG02316BZS6,BBG02316C0R3,2026-08-11T06:10:16.602324385Z
AMDD,Direxion Shares ETF Trust Direxion Daily AMD Bear 1X ETF,stocks,us,XNAS,ETF,True,usd,,BBG01S4RXG10,BBG01S4RXH09,2026-08-11T06:10:16.602324465Z
AMDG,Leverage Shares 2X Long AMD Daily ETF,stocks,us,XNAS,ETF,True,usd,0001976322,BBG01RYZKSJ0,BBG01RYZKTF2,2026-08-11T06:10:16.602324545Z
AMDL,GraniteShares 2x Long AMD Daily ETF,stocks,us,XNAS,ETF,True,usd,0001689873,BBG01LNWKBD5,BBG01LNWKC70,2026-08-11T06:10:16.602324625Z
AMDW,Roundhill AMD WeeklyPay ETF,stocks,us,BATS,ETF,True,usd,,BBG01W6VBTJ7,BBG01W6VBVF6,2026-08-11T06:10:16.602324705Z
AMDY,YieldMax AMD Option Income Strategy ETF,stocks,us,ARCX,ETS,True,usd,,BBG01J9TDVT0,BBG01J9TDWP2,2026-08-11T06:10:16.602324775Z
AME,"Ametek, Inc.",stocks,us,XNYS,CS,True,usd,0001037868,BBG000B9XG87,BBG001S5NN54,2026-08-11T06:10:16.602324856Z
AMEI,Amana Equity Income ETF,stocks,us,XNAS,ETF,True,usd,,BBG022VF7L29,BBG022VF7M27,2026-08-11T06:10:16.602324936Z
AMEM,Amana Developing World ETF,stocks,us,XNAS,ETF,True,usd,,BBG022VF2TX3,BBG022VF2VX8,2026-08-11T06:10:16.602325016Z
AMG,Affiliated Managers Group,stocks,us,XNYS,CS,True,usd,0001004434,BBG000C060M4,BBG001S6DMD6,2026-08-11T06:10:16.602325096Z
AMGN,Amgen Inc,stocks,us,XNAS,CS,True,usd,0000318154,BBG000BBS2Y0,BBG001S5NNL6,2026-08-11T06:10:16.602325176Z
AMGR,Amana Growth ETF,stocks,us,XNAS,ETF,True,usd,,BBG022W56ZN7,BBG022W57339,2026-08-11T06:10:16.602325477Z
AMH,AMERICAN HOMES 4 RENT,stocks,us,XNYS,CS,True,usd,0001562401,BBG003NXJNH6,BBG003NXJNJ4,2026-08-11T06:10:16.602325657Z
AMHI,American Beacon Aberdeen Municipal High Income ETF,stocks,us,ARCX,ETF,True,usd,,BBG0231TPK04,BBG0231TPKY7,2026-08-11T06:10:16.602333913Z
AMHpG,American Homes 4 Rent Series G cumulative redeemable perpetual preferred shares of beneficial interest,stocks,us,XNYS,PFD,True,usd,0001562401,,,2026-08-11T06:10:16.602334103Z
AMHpH,American Homes 4 Rent Series H cumulative redeemable perpetual Preferred Shares of Beneficial Interest,stocks,us,XNYS,PFD,True,usd,0001562401,,,2026-08-11T06:10:16.602334184Z
AMID,Argent Mid Cap ETF,stocks,us,XNAS,ETF,True,usd,,BBG017Z2L8P2,BBG017Z2L9J7,2026-08-11T06:10:16.602334264Z
AMIX,"Autonomix Medical, Inc. Common Stock",stocks,us,XNAS,CS,True,usd,0001617867,BBG00R28GXW5,BBG00R28GXX4,2026-08-11T06:10:16.602334454Z
AMJB,Alerian MLP Index ETNs due January 28 2044,stocks,us,ARCX,ETN,True,usd,0000019617,BBG01L70PXT3,BBG01L70PZ45,2026-08-11T06:10:16.602334614Z
AMKL,Defiance Daily Target 2X Long AMKR ETF,stocks,us,BATS,ETF,True,usd,,BBG021Z89606,BBG021Z898P5,2026-08-11T06:10:16.602334795Z
AMKR,Amkor Technology Inc,stocks,us,XNAS,CS,True,usd,0001047127,BBG000BCKGW7,BBG001S64YF8,2026-08-11T06:10:16.602334865Z
AMKX,Corgi AMKR 2x Daily ETF,stocks,us,BATS,ETF,True,usd,,BBG0230KGJ61,BBG0230KGK59,2026-08-11T06:10:16.602334975Z
AMLP,Alerian MLP ETF,stocks,us,ARCX,ETF,True,usd,0001414040,BBG0015CS200,BBG001TBMNT5,2026-08-11T06:10:16.602335075Z
AMLX,"Amylyx Pharmaceuticals, Inc. Common Stock",stocks,us,XNAS,CS,True,usd,0001658551,BBG00DP10YT5,BBG00DP10YW1,2026-08-11T06:10:16.602335155Z
AMMO,VistaShares Defense Supercycle ETF,stocks,us,ARCX,ETF,True,usd,0001722388,BBG023DW1YW5,BBG023DW2085,2026-08-11T06:10:16.602335236Z
AMN,AMN Healthcare Services,stocks,us,XNYS,CS,True,usd,0001142750,BBG000BCT197,BBG001S6Q193,2026-08-11T06:10:16.602335316Z
AMOD,"Alpha Modus Holdings, Inc. Class A Common Stock",stocks,us,XNAS,CS,True,usd,0001862463,BBG0123NSVZ3,BBG0123NSWT8,2026-08-11T06:10:16.602335396Z
AMODW,"Alpha Modus Holdings, Inc. Warrant",stocks,us,XNAS,WARRANT,True,usd,0001862463,BBG0123Q9X74,,2026-08-11T06:10:16.602335696Z
AMOM,Qraft AI-Enhanced US Large Cap Momentum ETF,stocks,us,ARCX,ETF,True,usd,0001547950,BBG00P5NRM19,BBG00P5NRMS0,2026-08-11T06:10:16.602335787Z
AMP,"Ameriprise Financial, Inc.",stocks,us,XNYS,CS,True,usd,0000820027,BBG000G3QLY3,BBG001SK6096,2026-08-11T06:10:16.602335897Z
AMPG,AMPLITECH GROUP INC. COM,stocks,us,XNAS,CS,True,usd,0001518461,BBG00394F954,BBG00394F9X3,2026-08-11T06:10:16.602335967Z
AMPGZ,"Amplitech Group, Inc. Series B Right",stocks,us,XNAS,RIGHT,True,usd,0001518461,BBG01ZZ7FS18,BBG01ZZ7FSY2,2026-08-11T06:10:16.602336047Z
AMPH,"Amphastar Pharmaceuticals, Inc.",stocks,us,XNAS,CS,True,usd,0001297184,BBG000BW90S6,BBG001SCM4W2,2026-08-11T06:10:16.602336127Z
AMPL,"Amplitude, Inc. Class A Common Stock",stocks,us,XNAS,CS,True,usd,0001866692,BBG012CDTZY6,BBG012CDTZZ5,2026-08-11T06:10:16.602336207Z
AMPU,Defiance Daily Target 2X Long AMPX ETF,stocks,us,BATS,ETF,True,usd,,BBG021ZB0CQ7,BBG021ZB0FY1,2026-08-11T06:10:16.602336288Z
AMPX,"Amprius Technologies, Inc.",stocks,us,XNYS,CS,True,usd,0001899287,BBG019MBDC63,BBG019MBDD16,2026-08-11T06:10:16.602336358Z
AMPX.WS,"Amprius Technologies, Inc. Warrants to purchase one share of Common Stock at an exercise price of $11.50 per share",stocks,us,XNYS,WARRANT,True,usd,0001899287,BBG016X0TFF7,,2026-08-11T06:10:16.602336468Z
AMPY,Amplify Energy Corp.,stocks,us,XNYS,CS,True,usd,0001533924,BBG00F0YM0Z8,BBG00F0YM1R5,2026-08-11T06:10:16.602336548Z
AMR,"Alpha Metallurgical Resources, Inc.",stocks,us,XNYS,CS,True,usd,0001704715,BBG00DGWV035,BBG00DGWV044,2026-08-11T06:10:16.602336618Z
AMRC,"Ameresco, Inc.",stocks,us,XNYS,CS,True,usd,0001488139,BBG000BD1QL6,BBG001S6P9W1,2026-08-11T06:10:16.602336698Z
AMRN,Amarin Corp Plc,stocks,us,XNAS,ADRC,True,usd,0000897448,BBG000BPYG99,BBG001SD42R0,2026-08-11T06:10:16.602336779Z
AMRX,"Amneal Pharmaceuticals, Inc. Class A Common Stock",stocks,us,XNAS,CS,True,usd,0001723128,BBG00462PGG0,BBG00462PGH9,2026-08-11T06:10:16.602336859Z
AMRZ,Amrize Ltd,stocks,us,XNYS,CS,True,usd,0002035989,,,2026-08-11T06:10:16.602336939Z
AMS,American Shared Hospital Services,stocks,us,XASE,CS,True,usd,0000744825,BBG000BBVZ37,BBG001S5NPF8,2026-08-11T06:10:16.602337139Z
AMSC,American Superconductor Corp,stocks,us,XNAS,CS,True,usd,0000880807,BBG000CP3D44,BBG001S70C31,2026-08-11T06:10:16.602337219Z
AMSF,"AMERISAFE, Inc.",stocks,us,XNAS,CS,True,usd,0001018979,BBG000Q0JJQ0,BBG001SDH7B2,2026-08-11T06:10:16.60233734Z
AMSS,AMASS Brands Inc. Common Stock,stocks,us,XNAS,CS,True,usd,0001851491,BBG01DD5YDQ0,BBG01DD5YDR9,2026-08-11T06:10:16.60233742Z
AMST,Amesite Inc.,stocks,us,XNAS,CS,True,usd,0001807166,BBG00KY7FCW4,BBG00KY7FCX3,2026-08-11T06:10:16.6023375Z
AMT,American Tower Corporation,stocks,us,XNYS,CS,True,usd,0001053507,BBG000B9XYV2,BBG001S5NPQ6,2026-08-11T06:10:16.60233758Z
AMTB,Amerant Bancorp Inc.,stocks,us,XNYS,CS,True,usd,0001734342,BBG001KHCXD7,BBG001V0P1S2,2026-08-11T06:10:16.602337811Z
AMTD,"AMTD IDEA Group American Depositary Shares, each representing six (6) Class A Ordinary Shares",stocks,us,XNYS,ADRC,True,usd,0001769731,BBG00PH297Y9,BBG00PH298P7,2026-08-11T06:10:16.602337891Z
AMTM,"Amentum Holdings, Inc.",stocks,us,XNYS,CS,True,usd,0002011286,BBG01NY7B734,BBG01NY7B770,2026-08-11T06:10:16.602337971Z
AMTX,"Aemetis, Inc. (DE) Common Stock",stocks,us,XNAS,CS,True,usd,0000738214,BBG000BWBZY9,BBG001SCST33,2026-08-11T06:10:16.602338051Z
AMUB,"ETRACS Alerian MLP Index ETN Series B due July 18, 2042",stocks,us,ARCX,ETN,True,usd,0001114446,BBG00B59KB85,BBG00B59KB76,2026-08-11T06:10:16.602338131Z
AMUN,abrdn Ultra Short Municipal Income Active ETF,stocks,us,XNAS,ETF,True,usd,,BBG01XLCVNG4,BBG01XLCVPD2,2026-08-11T06:10:16.602338201Z
AMUU,Direxion Shares ETF Trust Direxion Daily AMD Bull 2X ETF,stocks,us,XNAS,ETF,True,usd,,BBG01S4S1M83,BBG01S4S1N63,2026-08-11T06:10:16.602338281Z
AMWL,American Well Corporation,stocks,us,XNYS,CS,True,usd,0001393584,BBG002R1JYY1,BBG002R1JYZ0,2026-08-11T06:10:16.602338362Z
AMX,America Movil S.A.B de C.V American Depositary Shares (each representing the right to receive twenty (20) Series B Shares),stocks,us,XNYS,ADRC,True,usd,0001129137,BBG01FRH5MK2,BBG01FRH5ND8,2026-08-11T06:10:16.602338442Z
AMYY,GraniteShares YieldBOOST AMD ETF,stocks,us,XNAS,ETF,True,usd,0001689873,BBG01X4WY3P0,BBG01X4WY4V1,2026-08-11T06:10:16.602338522Z
AMZA,InfraCap MLP ETF,stocks,us,ARCX,ETF,True,usd,0001559109,BBG0077X4F42,BBG0077X4F33,2026-08-11T06:10:16.602338853Z
AMZD,Direxion Shares ETF Trust Direxion Daily AMZN Bear 1X ETF,stocks,us,XNAS,ETF,True,usd,,BBG019HFY6V2,BBG019HFY7P7,2026-08-11T06:10:16.602338933Z
AMZE,"Amaze Holdings, Inc.",stocks,us,XASE,CS,True,usd,0001880343,BBG013N9RNG0,BBG013N9RPD8,2026-08-11T06:10:16.602339043Z
AMZG,Leverage Shares 2X Long AMZN Daily ETF,stocks,us,BATS,ETF,True,usd,0001976322,BBG023HBKRD2,BBG023HBL0M0,2026-08-11T06:10:16.602339123Z
AMZN,Amazon.Com Inc,stocks,us,XNAS,CS,True,usd,0001018724,BBG000BVPV84,BBG001S5PQL7,2026-08-11T06:10:16.602339203Z
AMZO,Tradr 2X Short AMZN Daily ETF,stocks,us,BATS,ETF,True,usd,,BBG0215C1S28,BBG0215C1T08,2026-08-11T06:10:16.602339283Z
AMZP,Kurv Yield Premium Strategy Amazon (AMZN) ETF,stocks,us,BATS,ETF,True,usd,0001848758,BBG01QY0H433,BBG01QY0H4Y9,2026-08-11T06:10:16.602339364Z
AMZU,Direxion Shares ETF Trust Direxion Daily AMZN Bull 2X ETF,stocks,us,XNAS,ETF,True,usd,,BBG019HFXXC5,BBG019HFXY60,2026-08-11T06:10:16.602339444Z
AMZW,Roundhill AMZN WeeklyPay ETF,stocks,us,BATS,ETF,True,usd,,BBG01VKF7GV7,BBG01VKF7HR0,2026-08-11T06:10:16.602339784Z
AMZY,YieldMax AMZN Option Income Strategy ETF,stocks,us,ARCX,ETS,True,usd,,BBG01HMFFZL6,BBG01HMFG0L2,2026-08-11T06:10:16.602339864Z
AMZZ,GraniteShares 2x Long AMZN Daily ETF,stocks,us,XNAS,ETF,True,usd,0001689873,BBG01LNX9683,BBG01LNX97G2,2026-08-11T06:10:16.602339945Z
AN,"AutoNation, Inc.",stocks,us,XNYS,CS,True,usd,0000350698,BBG000BBXLW4,BBG001S5NQB0,2026-08-11T06:10:16.602340025Z
ANAB,"AnaptysBio, Inc. Common Stock",stocks,us,XNAS,CS,True,usd,0001370053,BBG0026ZDHR0,BBG0026ZDHT8,2026-08-11T06:10:16.602340105Z
ANDE,Andersons Inc/The,stocks,us,XNAS,CS,True,usd,0000821026,BBG000BF8CN3,BBG001S60FJ9,2026-08-11T06:10:16.602340185Z
ANDG,Andersen Group Inc.,stocks,us,XNYS,CS,True,usd,0002065708,BBG01XG59BR4,BBG01XG59CQ3,2026-08-11T06:10:16.602340255Z
ANEL,Defiance Daily Target 2x Long ANET ETF,stocks,us,XNAS,ETF,True,usd,,BBG01X0Z5YK6,BBG01X0Z5ZH7,2026-08-11T06:10:16.602340335Z
ANET,Arista Networks,stocks,us,XNYS,CS,True,usd,0001596532,BBG000N2HDY5,BBG001T51KQ0,2026-08-11T06:10:16.602340556Z
ANEW,ProShares MSCI Transformational Changes ETF,stocks,us,ARCX,ETF,True,usd,0001174610,BBG00XTVWSW5,BBG00XTVWTQ0,2026-08-11T06:10:16.602340636Z
ANF,Abercrombie & Fitch Co.,stocks,us,XNYS,CS,True,usd,0001018840,BBG000H9G7X2,BBG001S97027,2026-08-11T06:10:16.602340756Z
ANGH,Anghami Inc. Ordinary Shares,stocks,us,XNAS,CS,True,usd,0001871983,,,2026-08-11T06:10:16.602340836Z
ANGHW,Anghami Inc. Warrants,stocks,us,XNAS,WARRANT,True,usd,0001871983,,,2026-08-11T06:10:16.602340947Z
ANGI,Angi Inc. Class A Common Stock,stocks,us,XNAS,CS,True,usd,0001705110,BBG00HVKH3Q0,BBG00HVKH4F0,2026-08-11T06:10:16.602341027Z
ANGL,VanEck Fallen Angel High Yield Bond ETF,stocks,us,XNAS,ETF,True,usd,0001137360,BBG002VZY764,BBG002VZY7Y3,2026-08-11T06:10:16.602341107Z
ANGO,"AngioDynamics, Inc.",stocks,us,XNAS,CS,True,usd,0001275187,BBG000BB5621,BBG001S5RPY3,2026-08-11T06:10:16.602341317Z
ANGU,SEI Ang Research Enhanced U.S. Large Cap ETF,stocks,us,XNAS,ETF,True,usd,,BBG0244Y9DN7,BBG0244Y9GJ5,2026-08-11T06:10:16.602341397Z
ANGX,"Angel Studios, Inc.",stocks,us,XNYS,CS,True,usd,0001865200,BBG013SVSHG8,BBG013SVSJB9,2026-08-11T06:10:16.602341508Z
ANGpD,"American National Group Inc. Depositary Shares, each representing a 1/1000th interest in a share of 7.375% Fixed-Rate Non-Cumulative Preferred Stock, Series D",stocks,us,XNYS,PFD,True,usd,0001039828,,,2026-08-11T06:10:16.602341578Z
ANIK,Anika Therapeutics Inc,stocks,us,XNAS,CS,True,usd,0000898437,BBG000BBKZD8,BBG001S609X7,2026-08-11T06:10:16.602341658Z
ANIP,"ANI Pharmaceuticals, Inc.",stocks,us,XNAS,CS,True,usd,0001023024,BBG000KK1L04,BBG001S9DR85,2026-08-11T06:10:16.602341738Z
ANIX,"Anixa Biosciences, Inc.",stocks,us,XNAS,CS,True,usd,0000715446,BBG000BG3J79,BBG001S5Q1P7,2026-08-11T06:10:16.602341818Z
ANL,Adlai Nortye Ltd. American Depositary Shares,stocks,us,XNAS,ADRC,True,usd,0001944552,BBG01HP11SV4,BBG01HP11TP9,2026-08-11T06:10:16.602341898Z
ANNA,"AleAnna, Inc. Class A Common Stock",stocks,us,XNAS,CS,True,usd,0001845123,BBG01R8ZDT05,BBG01R8ZDT14,2026-08-11T06:10:16.602341979Z
ANNAW,"AleAnna, Inc. Warrant",stocks,us,XNAS,WARRANT,True,usd,0001845123,BBG01R8ZPBY4,,2026-08-11T06:10:16.602342179Z
ANNX,"Annexon, Inc. Common Stock",stocks,us,XNAS,CS,True,usd,0001528115,BBG007QVDFG2,BBG007QVDFH1,2026-08-11T06:10:16.602342259Z
ANPA,Rich Sparkle Holdings Limited Ordinary Shares,stocks,us,XNAS,CS,True,usd,0002031688,,,2026-08-11T06:10:16.602342369Z
ANRO,Alto Neuroscience Inc.,stocks,us,XNYS,CS,True,usd,0001999480,BBG00WYFS6R5,BBG00WYFS6S4,2026-08-11T06:10:16.602342449Z
ANSC,Agriculture & Natural Solutions Acquisition Corporation Class A Ordinary Shares,stocks,us,XNAS,CS,True,usd,0001854149,,,2026-08-11T06:10:16.60234252Z
ANSCU,Agriculture & Natural Solutions Acquisition Corporation Unit,stocks,us,XNAS,UNIT,True,usd,0001854149,,,2026-08-11T06:10:16.6023426Z
ANSCW,Agriculture & Natural Solutions Acquisition Corporation Warrant,stocks,us,XNAS,WARRANT,True,usd,0001854149,,,2026-08-11T06:10:16.60234268Z
ANTA,Antalpha Platform Holding Company Class A Ordinary Shares,stocks,us,XNAS,CS,True,usd,0002044255,,,2026-08-11T06:10:16.60234276Z
ANTX,"AN2 Therapeutics, Inc. Common Stock",stocks,us,XNAS,CS,True,usd,0001880438,BBG00QYLYBK4,BBG00QYLYBL3,2026-08-11T06:10:16.60234284Z
ANV,GraniteShares Autocallable NVDA ETF,stocks,us,XNAS,ETF,True,usd,,BBG01ZVX3SV5,BBG01ZVX3TR8,2026-08-11T06:10:16.60234292Z
ANVS,"Annovis Bio, Inc.",stocks,us,XNYS,CS,True,usd,0001477845,BBG00PN9XD40,BBG00PN9XDJ4,2026-08-11T06:10:16.602343001Z
ANY,Sphere 3D Corp. Common Shares,stocks,us,XNAS,CS,True,usd,0001591956,BBG004Z3JRW1,BBG001T8QYM1,2026-08-11T06:10:16.602343081Z
AOA,iShares Core 80/20 Aggressive Allocation ETF,stocks,us,ARCX,ETF,True,usd,0000913414,BBG000KD8RP3,BBG001T3YVL0,2026-08-11T06:10:16.602343161Z
AOCT,Innovator Equity Defined Protection ETF - 2 Yr to October 2026,stocks,us,BATS,ETF,True,usd,0001415726,BBG01Q0RLZ64,BBG01Q0RM015,2026-08-11T06:10:16.602343231Z
AOD,abrdn Total Dynamic Dividend Fund,stocks,us,XNYS,FUND,True,usd,0001379400,BBG000QC34R3,BBG001SS0YX4,2026-08-11T06:10:16.602343311Z
AOHY,Angel Oak High Yield  Opportunities ETF,stocks,us,XNAS,ETF,True,usd,,BBG01LCCJ3D1,BBG01LCCJ476,2026-08-11T06:10:16.602343391Z
AOK,iShares Core 30/70 Conservative Allocation ETF,stocks,us,ARCX,ETF,True,usd,0000913414,BBG000KD2X85,BBG001T3YTX2,2026-08-11T06:10:16.602343592Z
AOM,iShares Core 40/60 Moderate Allocation ETF,stocks,us,ARCX,ETF,True,usd,0001100663,BBG000KD5M13,BBG001T3YV21,2026-08-11T06:10:16.602343672Z
AOMD,"Angel Oak Mortgage REIT, Inc. 9.750% Senior Notes due 2030",stocks,us,XNYS,SP,True,usd,0001766478,,,2026-08-11T06:10:16.602343802Z
AOMN,"Angel Oak Mortgage REIT, Inc. 9.500% Senior Notes due 2029",stocks,us,XNYS,SP,True,usd,0001766478,,,2026-08-11T06:10:16.602343882Z
AOMR,"Angel Oak Mortgage REIT, Inc.",stocks,us,XNYS,CS,True,usd,0001766478,BBG0113S8MK2,BBG0113S8ND8,2026-08-11T06:10:16.602343962Z
AON,Aon plc Class A,stocks,us,XNYS,CS,True,usd,0000315293,,,2026-08-11T06:10:16.602344033Z
AOR,iShares Core 60/40 Balanced Allocation ETF,stocks,us,ARCX,ETF,True,usd,0000913414,BBG000KD76D3,BBG001T3YV58,2026-08-11T06:10:16.602344113Z
AORT,"Artivion, Inc.",stocks,us,XNYS,CS,True,usd,0000784199,BBG000BMLVJ6,BBG001SB3CB0,2026-08-11T06:10:16.602344193Z
AOS,A.O. Smith Corporation,stocks,us,XNYS,CS,True,usd,0000091142,BBG000BC1L02,BBG001S5NRY3,2026-08-11T06:10:16.602344273Z
AOSL,Alpha and Omega Semiconductor Limited,stocks,us,XNAS,CS,True,usd,0001387467,,,2026-08-11T06:10:16.602344353Z
AOTG,AOT Growth and Innovation ETF,stocks,us,XNAS,ETF,True,usd,,BBG017PHCW68,BBG017PHCX11,2026-08-11T06:10:16.602344423Z
AOTS,AOT Software Platform ETF,stocks,us,ARCX,ETF,True,usd,,BBG01Z2SMHM1,BBG01Z2SMJJ1,2026-08-11T06:10:16.602344513Z
AOUT,"American Outdoor Brands, Inc. Common Stock",stocks,us,XNAS,CS,True,usd,0001808997,BBG00QV8FS02,BBG00QV8FS11,2026-08-11T06:10:16.602344594Z
AP,Ampco-Pittsburgh Corp.,stocks,us,XNYS,CS,True,usd,0000006176,BBG000BC20T6,BBG001S5NS08,2026-08-11T06:10:16.602344674Z
APA,APA Corporation Common Stock,stocks,us,XNAS,CS,True,usd,0001841666,BBG00YTS96G2,BBG00YTS96H1,2026-08-11T06:10:16.602344744Z
APAC,StoneBridge Acquisition II Corporation Class A Ordinary Shares,stocks,us,XNAS,CS,True,usd,0002043630,,,2026-08-11T06:10:16.602344824Z
APACR,StoneBridge Acquisition II Corporation Rights,stocks,us,XNAS,RIGHT,True,usd,0002043630,,,2026-08-11T06:10:16.602345034Z
APACU,StoneBridge Acquisition II Corporation Units,stocks,us,XNAS,UNIT,True,usd,0002043630,,,2026-08-11T06:10:16.602345225Z
APAM,ARTISAN PARTNERS ASSET MANAGEMENT INC.,stocks,us,XNYS,CS,True,usd,0001517302,BBG001M6CZY1,BBG001V107T3,2026-08-11T06:10:16.602345305Z
APC,ARKO Petroleum Corp. Class A Common Stock,stocks,us,XNAS,CS,True,usd,0002080921,BBG01Z6HN5H2,BBG01Z6HN6H0,2026-08-11T06:10:16.602345656Z
APCB,ActivePassive Core Bond ETF,stocks,us,ARCX,ETF,True,usd,0001141819,BBG01GHCZHB0,BBG01GHCZJ53,2026-08-11T06:10:16.602345736Z
APD,"Air Products & Chemicals, Inc.",stocks,us,XNYS,CS,True,usd,0000002969,BBG000BC4JJ4,BBG001S5NSB6,2026-08-11T06:10:16.602345816Z
APDB,Aptus April Deep Buffer ETF,stocks,us,BATS,ETF,True,usd,,BBG0223F2VP8,BBG0223F2WR4,2026-08-11T06:10:16.602345886Z
APEI,"American Public Education, Inc.",stocks,us,XNAS,CS,True,usd,0001201792,BBG000RVD346,BBG001SRS4S8,2026-08-11T06:10:16.602345966Z
APG,APi Group Corporation,stocks,us,XNYS,CS,True,usd,0001796209,BBG00HXKRGY9,BBG00HVV7984,2026-08-11T06:10:16.602346046Z
APGE,"Apogee Therapeutics, Inc. Common Stock",stocks,us,XNAS,CS,True,usd,0001974640,BBG01H51WYQ5,BBG01H51WZL7,2026-08-11T06:10:16.602346127Z
APH,Amphenol Corporation,stocks,us,XNYS,CS,True,usd,0000820313,BBG000B9YJ35,BBG001S5NSK6,2026-08-11T06:10:16.602346207Z
APHG,Leverage Shares 2X Long APH Daily ETF,stocks,us,BATS,ETF,True,usd,,BBG022ZTXJQ5,BBG022ZTXKQ2,2026-08-11T06:10:16.602346287Z
APHU,T-REX 2X Long APH Daily Target ETF,stocks,us,BATS,ETF,True,usd,,BBG02092XHQ1,BBG02092XK48,2026-08-11T06:10:16.602346357Z
API,"Agora, Inc. American Depositary Shares",stocks,us,XNAS,ADRC,True,usd,0001802883,BBG00V9VKFB5,BBG00V9VKG50,2026-08-11T06:10:16.602346447Z
APIE,ActivePassive International Equity ETF,stocks,us,ARCX,ETF,True,usd,0001141819,BBG01GHDT638,BBG01GHDT6Z3,2026-08-11T06:10:16.602346527Z
APLD,Applied Digital Corporation Common Stock,stocks,us,XNAS,CS,True,usd,0001144879,BBG000DSJYS8,BBG001SK4K76,2026-08-11T06:10:16.602346607Z
APLE,"Apple Hospitality REIT, Inc.",stocks,us,XNYS,CS,True,usd,0001418121,BBG006473QX9,BBG006473QY8,2026-08-11T06:10:16.602346938Z
APLM,Apollomics Inc. Class A Ordinary Shares,stocks,us,XNAS,CS,True,usd,0001944885,,,2026-08-11T06:10:16.602347128Z
APLMW,Apollomics Inc. Warrant,stocks,us,XNAS,WARRANT,True,usd,0001944885,,,2026-08-11T06:10:16.602347339Z
APLU,Allspring Core Plus ETF,stocks,us,ARCX,ETF,True,usd,,BBG01R02P2S2,BBG01R02P3W5,2026-08-11T06:10:16.602347419Z
APLX,Tradr 2X Long APLD Daily ETF,stocks,us,BATS,ETF,True,usd,,BBG01X4RKPH6,BBG01X4RKR28,2026-08-11T06:10:16.602347499Z
APLY,YieldMax AAPL Option Income Strategy ETF,stocks,us,ARCX,ETS,True,usd,,BBG01FV8K8Y6,BBG01FV8K9V7,2026-08-11T06:10:16.602347579Z
APLZ,Tradr 2X Short APLD Daily ETF,stocks,us,BATS,ETF,True,usd,,BBG01ZQXWP63,BBG01ZQXWQ34,2026-08-11T06:10:16.60234767Z
APMC,AmperCap Acquisition Company Ordinary Shares,stocks,us,XNAS,CS,True,usd,0002101393,,,2026-08-11T06:10:16.60234775Z
APMCR,AmperCap Acquisition Company Right,stocks,us,XNAS,RIGHT,True,usd,0002101393,,,2026-08-11T06:10:16.60234783Z
APMCU,AmperCap Acquisition Company Unit,stocks,us,XNAS,UNIT,True,usd,0002101393,,,2026-08-11T06:10:16.60234791Z
APMD,"Apnimed, Inc. Common Stock",stocks,us,XNAS,CS,True,usd,0001745648,BBG023ML25G9,BBG023ML26P7,2026-08-11T06:10:16.60234798Z
APMI,Corgi AMAT 2x Daily ETF,stocks,us,BATS,ETF,True,usd,,BBG02317Y7H3,BBG02317Y8F3,2026-08-11T06:10:16.60234806Z
APMU,ActivePassive Intermediate Municipal Bond ETF,stocks,us,ARCX,ETF,True,usd,0001141819,BBG01GHD8KY6,BBG01GHD8LS1,2026-08-11T06:10:16.60234814Z
APO,"Apollo Global Management, Inc.",stocks,us,XNYS,CS,True,usd,0001858681,BBG00ZNLTFK3,BBG00ZNLTFL2,2026-08-11T06:10:16.602348221Z
APOC,Innovator Equity Defined Protection ETF - 6mo Apr/Oct,stocks,us,BATS,ETF,True,usd,0001415726,BBG01Q0QS2S8,BBG01Q0QS4L1,2026-08-11T06:10:16.602348301Z
APOG,Apogee Enterprises Inc,stocks,us,XNAS,CS,True,usd,0000006845,BBG000BC6L61,BBG001S5NSY1,2026-08-11T06:10:16.602348381Z
APOS,"Apollo Global Management, Inc. 7.625% Fixed-Rate Resettable Junior Subordinated Notes due 2053",stocks,us,XNYS,SP,True,usd,0001858681,,,2026-08-11T06:10:16.602348702Z
APP,Applovin Corporation Class A Common Stock,stocks,us,XNAS,CS,True,usd,0001751008,BBG006HFPX77,BBG006HFPX86,2026-08-11T06:10:16.602348782Z
APPC,Corgi APP 2x Daily ETF,stocks,us,BATS,ETF,True,usd,,BBG0230BSL63,BBG0230BSM89,2026-08-11T06:10:16.602348882Z
APPF,"AppFolio, Inc. Class A",stocks,us,XNAS,CS,True,usd,0001433195,BBG008GC8CP6,BBG008GC8CS3,2026-08-11T06:10:16.602348962Z
APPN,Appian Corporation Class A Common Stock,stocks,us,XNAS,CS,True,usd,0001441683,BBG001C7PMJ2,BBG001TWHH63,2026-08-11T06:10:16.602349032Z
APPS,"Digital Turbine, Inc.",stocks,us,XNAS,CS,True,usd,0000317788,BBG000HZ3562,BBG001SPBG12,2026-08-11T06:10:16.602349112Z
APPX,Tradr 2X Long APP Daily ETF,stocks,us,XNAS,ETF,True,usd,,BBG01TLQ6631,BBG01TLQ66Z6,2026-08-11T06:10:16.602349192Z
APRB,Aptus April Buffer ETF,stocks,us,BATS,ETF,True,usd,,BBG01XWMZT82,BBG01XWMZVC2,2026-08-11T06:10:16.602349273Z
APRE,"Aprea Therapeutics, Inc. Common stock",stocks,us,XNAS,CS,True,usd,0001781983,BBG00Q6Q3K37,BBG00Q6Q3KV6,2026-08-11T06:10:16.602349353Z
APRH,Innovator Premium Income 20 Barrier ETF - April,stocks,us,BATS,ETF,True,usd,0001415726,BBG01G42JFZ2,BBG01G42JGW3,2026-08-11T06:10:16.602349433Z
APRJ,Innovator Premium Income 30 Barrier ETF - April,stocks,us,BATS,ETF,True,usd,0001415726,BBG01G42Y382,BBG01G42Y435,2026-08-11T06:10:16.602349513Z
APRP,PGIM S&P 500 Buffer 12 ETF - April,stocks,us,BATS,ETF,True,usd,,BBG01M362VH4,BBG01M362WB8,2026-08-11T06:10:16.602349583Z
APRT,AllianzIM U.S. Equity Buffer10 Apr ETF,stocks,us,BATS,ETF,True,usd,0001797318,BBG00V5MP3T2,BBG00V5MP4M7,2026-08-11T06:10:16.602349663Z
APRW,AllianzIM U.S. Equity Buffer20 Apr ETF,stocks,us,BATS,ETF,True,usd,0001797318,BBG00V5MGGY7,BBG00V5MGHR3,2026-08-11T06:10:16.602349744Z
APRZ,TrueShares Structured Outcome (April) ETF,stocks,us,BATS,ETF,True,usd,0001776878,BBG01WJZK5V2,BBG01WJZK6S4,2026-08-11T06:10:16.602349824Z
APT,"Alpha Pro Tech, Ltd.",stocks,us,XASE,CS,True,usd,0000884269,BBG000C1H7Y2,BBG001S67MP0,2026-08-11T06:10:16.602349904Z
APTV,Aptiv PLC,stocks,us,XNYS,CS,True,usd,0001521332,,,2026-08-11T06:10:16.602350204Z
APUE,ActivePassive U.S. Equity ETF,stocks,us,ARCX,ETF,True,usd,0001141819,BBG01GHDLT90,BBG01GHDLV59,2026-08-11T06:10:16.602350285Z
APUR,Aperture AC Class A Ordinary Shares,stocks,us,XNAS,CS,True,usd,0002093524,,,2026-08-11T06:10:16.602350395Z
APURR,Aperture AC Rights,stocks,us,XNAS,RIGHT,True,usd,0002093524,,,2026-08-11T06:10:16.602350475Z
APUS,"Apimeds Pharmaceuticals US, Inc.",stocks,us,XASE,CS,True,usd,0001894525,BBG01Q0T3D78,BBG01Q0T3FL7,2026-08-11T06:10:16.602350555Z
APVO,Aptevo Therapeutics Inc,stocks,us,XNAS,CS,True,usd,0001671584,BBG009RRZ8C2,BBG009RRZ8D1,2026-08-11T06:10:16.602350625Z
APWC,Asia Pacific Wire & Cable Corp,stocks,us,XNAS,CS,True,usd,0001026980,,,2026-08-11T06:10:16.602350705Z
APXM,FT Vest U.S. Equity Max Buffer ETF - April,stocks,us,BATS,ETF,True,usd,0001667919,BBG01TG24ZX5,BBG01TG250R8,2026-08-11T06:10:16.602350786Z
APXT,Apex Treasury Corporation Class A Ordinary Share,stocks,us,XNAS,CS,True,usd,0002079253,,,2026-08-11T06:10:16.602350886Z
APXTU,Apex Treasury Corporation Units,stocks,us,XNAS,UNIT,True,usd,0002079253,,,2026-08-11T06:10:16.602350966Z
APXTW,Apex Treasury Corporation Warrants,stocks,us,XNAS,WARRANT,True,usd,0002079253,,,2026-08-11T06:10:16.602351036Z
APYX,Apyx Medical Corporation Common Stock,stocks,us,XNAS,CS,True,usd,0000719135,BBG000F4B671,BBG001S9F304,2026-08-11T06:10:16.602351116Z
AQB,"AquaBounty Technologies, Inc.",stocks,us,XNAS,CS,True,usd,0001603978,BBG00FQB2FM3,BBG007HWZ845,2026-08-11T06:10:16.602351196Z
AQEC,AQE Core ETF,stocks,us,BATS,ETF,True,usd,0001771146,BBG01YCKJ0Z7,BBG01YCKJ274,2026-08-11T06:10:16.602351276Z
AQLG,HCM Large Cap Growth ETF,stocks,us,XNAS,ETF,True,usd,,BBG022Q17MD2,BBG022Q17NJ4,2026-08-11T06:10:16.602351357Z
AQLT,iShares MSCI Global Quality Factor ETF,stocks,us,BATS,ETF,True,usd,0001100663,BBG01R38HHD8,BBG01R38HJN3,2026-08-11T06:10:16.602351437Z
AQMS,"Aqua Metals, Inc. Common Stock",stocks,us,XNAS,CS,True,usd,0001621832,BBG009CQH0P3,BBG009CQH0Q2,2026-08-11T06:10:16.602351627Z
AQN,Algonquin Power & Utilities Corp,stocks,us,XNYS,CS,True,usd,0001174169,BBG000G28WZ0,BBG001S8LHC5,2026-08-11T06:10:16.602351707Z
AQNB,"Algonquin Power & Utilities Corp. 6.20% Fixed-to-Floating Subordinated Notes Series 2019-A due July 1, 2079",stocks,us,XNYS,SP,True,usd,0001174169,,,2026-08-11T06:10:16.602351808Z
AQST,"Aquestive Therapeutics, Inc. Common Stock",stocks,us,XNAS,CS,True,usd,0001398733,BBG00L9HP0Z0,BBG00L9HP1R7,2026-08-11T06:10:16.602351888Z
AQWA,Global X Clean Water ETF,stocks,us,XNAS,ETF,True,usd,0001432353,BBG00ZYYP7Z9,BBG00ZYYP8T4,2026-08-11T06:10:16.602351968Z
AR,ANTERO RESOURCES CORPORATION,stocks,us,XNYS,CS,True,usd,0001433270,BBG000PW5VX1,BBG001T61KH8,2026-08-11T06:10:16.602352048Z
ARAI,Arrive AI Inc. Common Stock,stocks,us,XNAS,CS,True,usd,0001818274,BBG01RK67W78,BBG01RK67X21,2026-08-11T06:10:16.602352128Z
ARAY,Accuray Incorporated,stocks,us,XNAS,CS,True,usd,0001138723,BBG000QNRY51,BBG001SFHKJ0,2026-08-11T06:10:16.602352198Z
ARB,AltShares Merger Arbitrage ETF,stocks,us,ARCX,ETF,True,usd,0001779306,BBG00S7NVQL5,BBG00S7NVRB4,2026-08-11T06:10:16.602352278Z
ARBB,ARB IOT Group Limited Ordinary Shares,stocks,us,XNAS,CS,True,usd,0001930179,,,2026-08-11T06:10:16.602352359Z
ARBE,Arbe Robotics Ltd. Ordinary Shares,stocks,us,XNAS,CS,True,usd,0001861841,,,2026-08-11T06:10:16.602352439Z
ARBEW,Arbe Robotics Ltd. Warrant,stocks,us,XNAS,WARRANT,True,usd,0001861841,,,2026-08-11T06:10:16.602352519Z
ARBK,Argo Blockchain plc American Depositary Shares,stocks,us,XNAS,ADRC,True,usd,0001841675,BBG0127RP0J9,BBG0127RP1C4,2026-08-11T06:10:16.602352589Z
ARCB,ArcBest Corporation,stocks,us,XNAS,CS,True,usd,0000894405,BBG000C1PFY5,BBG001S686R2,2026-08-11T06:10:16.602352669Z
ARCC,Ares Capital Corporation,stocks,us,XNAS,CS,True,usd,0001287750,BBG000PD6X77,BBG001SL96Z9,2026-08-11T06:10:16.602352759Z
ARCI,Archimedes Tech SPAC Partners III Co. Ordinary Share,stocks,us,XNAS,CS,True,usd,0002083910,,,2026-08-11T06:10:16.602352839Z
ARCIU,Archimedes Tech SPAC Partners III Co. Units,stocks,us,XNAS,UNIT,True,usd,0002083910,,,2026-08-11T06:10:16.60235319Z
ARCIW,Archimedes Tech SPAC Partners III Co. Warrant,stocks,us,XNAS,WARRANT,True,usd,0002083910,,,2026-08-11T06:10:16.60235327Z
ARCL,ARC Group Acquisition I Corp Class A Ordinary Shares,stocks,us,XNAS,CS,True,usd,0002073515,,,2026-08-11T06:10:16.602353391Z
ARCLR,ARC Group Acquisition I Corp Right,stocks,us,XNAS,RIGHT,True,usd,0002073515,,,2026-08-11T06:10:16.602353471Z
ARCLU,ARC Group Acquisition I Corp Unit,stocks,us,XNAS,UNIT,True,usd,0002073515,,,2026-08-11T06:10:16.602353551Z
ARCLW,ARC Group Acquisition I Corp Warrants,stocks,us,XNAS,WARRANT,True,usd,0002073515,,,2026-08-11T06:10:16.602353631Z
ARCM,Arrow Reserve Capital Management ETF,stocks,us,BATS,ETF,True,usd,,BBG00GBV8NN9,BBG00GBV8PC6,2026-08-11T06:10:16.602353711Z
ARCO,ARCOS DORADOS HOLDINGS INC.,stocks,us,XNYS,CS,True,usd,0001508478,,,2026-08-11T06:10:16.602353791Z
ARCP,Aristotle Core Plus Income ETF,stocks,us,ARCX,ETF,True,usd,,BBG023X5L6C3,BBG023X5L7Y7,2026-08-11T06:10:16.602353861Z
ARCT,Arcturus Therapeutics Holdings Inc. Common Stock,stocks,us,XNAS,CS,True,usd,0001768224,BBG00NNW8JK1,BBG00NNW8JL0,2026-08-11T06:10:16.602353942Z
ARCX,Tradr 2X Long ACHR Daily ETF,stocks,us,BATS,ETF,True,usd,,BBG01VCYLC20,BBG01VCYLD73,2026-08-11T06:10:16.602354022Z
ARDC,"ARES DYNAMIC CREDIT ALLOCATION FUND, INC.",stocks,us,XNYS,FUND,True,usd,0001515324,BBG001LJH325,BBG001V0WD35,2026-08-11T06:10:16.602354102Z
ARDT,"Ardent Health, Inc.",stocks,us,XNYS,CS,True,usd,0001756655,BBG00DM203B3,BBG00DM203C2,2026-08-11T06:10:16.602354182Z
ARDX,"Ardelyx, Inc.",stocks,us,XNAS,CS,True,usd,0001437402,BBG001WH4DQ3,BBG001WH4F33,2026-08-11T06:10:16.602354262Z
ARE,"Alexandria Real Estate Equities, Inc.",stocks,us,XNYS,CS,True,usd,0001035443,BBG000BC33T9,BBG001S6CPH6,2026-08-11T06:10:16.602354342Z
AREC,AMERICAN RESOURCES CORP,stocks,us,XNAS,CS,True,usd,0001590715,BBG005VQ4CM1,BBG005VQ4CN0,2026-08-11T06:10:16.602354413Z
AREN,"The Arena Group Holdings, Inc.",stocks,us,XASE,CS,True,usd,0000894871,BBG000HPKKH0,BBG001S9BDW1,2026-08-11T06:10:16.602354623Z
ARES,Ares Management Corporation Class A Common Stock,stocks,us,XNYS,CS,True,usd,0001176948,BBG0068KVV91,BBG0068KVVC7,2026-08-11T06:10:16.602354703Z
ARESpB,Ares Management Corporation 6.75% Series B Mandatory Convertible Preferred Stock,stocks,us,XNYS,SP,True,usd,0001176948,,,2026-08-11T06:10:16.602354813Z
ARGT,Global X MSCI Argentina ETF,stocks,us,ARCX,ETF,True,usd,0001432353,BBG001K93GS6,BBG001V0LJT6,2026-08-11T06:10:16.602354893Z
ARGX,argenx SE American Depositary Shares,stocks,us,XNAS,ADRC,True,usd,0001697862,BBG00GHB88X9,BBG00GHB88Y8,2026-08-11T06:10:16.602354964Z
ARHS,"Arhaus, Inc. Class A Common Stock",stocks,us,XNAS,CS,True,usd,0001875444,BBG012TKHZ11,BBG012TKHZW7,2026-08-11T06:10:16.602355044Z
ARI,"APOLLO COMMERCIAL REAL ESTATE FINANCE, INC.",stocks,us,XNYS,CS,True,usd,0001467760,BBG000NFPF36,BBG001T55FJ5,2026-08-11T06:10:16.602355124Z
ARIA,Aria Opportunities ETF,stocks,us,ARCX,ETF,True,usd,,BBG023MH4LP1,BBG023MH4MM2,2026-08-11T06:10:16.602355424Z
ARIS,Aris Mining Corporation,stocks,us,XNYS,CS,True,usd,0001964504,BBG000K0VQL1,BBG001S75835,2026-08-11T06:10:16.602355505Z
ARKB,ARK 21Shares Bitcoin ETF,stocks,us,BATS,ETF,True,usd,0001869699,BBG01KY6DWQ0,BBG01KY6DXL3,2026-08-11T06:10:16.602355585Z
ARKD,ARK DIET Q1 Buffer ETF,stocks,us,BATS,ETF,True,usd,0001697748,BBG01ZCKVPH5,BBG01ZCKVQF5,2026-08-11T06:10:16.602355665Z
ARKE,ARK DIET Q3 Buffer ETF,stocks,us,BATS,ETF,True,usd,0001697748,BBG023DDTR52,BBG023DDTSC2,2026-08-11T06:10:16.602355735Z
ARKF,ARK Blockchain & Fintech Innovation ETF,stocks,us,BATS,ETF,True,usd,0001697748,BBG00N7YFK60,BBG00N7YFKY9,2026-08-11T06:10:16.602355815Z
ARKG,ARK Genomic Revolution ETF,stocks,us,BATS,ETF,True,usd,0001697748,BBG007FJPCB0,BBG007FJPCC9,2026-08-11T06:10:16.602355905Z
ARKI,ARK DIET Q2 Buffer ETF,stocks,us,BATS,ETF,True,usd,0001697748,BBG021CYYMV7,BBG021CYYQK0,2026-08-11T06:10:16.602355976Z
ARKK,ARK Innovation ETF,stocks,us,BATS,ETF,True,usd,0001697748,BBG007FJMV58,BBG007FJMV49,2026-08-11T06:10:16.602356056Z
ARKO,ARKO Corp. Common Stock,stocks,us,XNAS,CS,True,usd,0001823794,BBG00YD8K411,BBG00YD8K420,2026-08-11T06:10:16.602356266Z
ARKQ,ARK Autonomous Technology & Robotics ETF,stocks,us,BATS,ETF,True,usd,0001697748,BBG0077Q7038,BBG0077Q7047,2026-08-11T06:10:16.602356336Z
ARKR,Ark Restaurants Corp,stocks,us,XNAS,CS,True,usd,0000779544,BBG000DMMH86,BBG001S8F0L9,2026-08-11T06:10:16.602356456Z
ARKT,ARK DIET Q4 Buffer ETF,stocks,us,BATS,ETF,True,usd,0001697748,BBG01XMLZ5K3,BBG01XMLZ6L0,2026-08-11T06:10:16.602356537Z
ARKW,ARK Next Generation Internet ETF,stocks,us,BATS,ETF,True,usd,0001697748,BBG0077Q7LF9,BBG0077Q7LG8,2026-08-11T06:10:16.602356617Z
ARKX,ARK Space & Defense Innovation ETF,stocks,us,BATS,ETF,True,usd,0001697748,BBG00ZV1N0C6,BBG00ZV1N161,2026-08-11T06:10:16.602356697Z
ARL,"American Realty Investors, Inc.",stocks,us,XNYS,CS,True,usd,0001102238,BBG000C1RRF8,BBG001SFRR04,2026-08-11T06:10:16.602356777Z
ARLI,AllianzIM International Equity Buffer15 Uncapped Apr ETF,stocks,us,BATS,ETF,True,usd,0001797318,BBG0214DRHZ7,BBG0214DRLT5,2026-08-11T06:10:16.602356847Z
ARLO,"Arlo Technologies, Inc.",stocks,us,XNYS,CS,True,usd,0001736946,BBG00K88DTH3,BBG00K88DTJ1,2026-08-11T06:10:16.602356927Z
ARLP,Alliance Resource Partners LP,stocks,us,XNAS,CS,True,usd,0001086600,BBG000C14X88,BBG001SD52Y1,2026-08-11T06:10:16.602357018Z
ARLU,AllianzIM U.S. Equity Buffer15 Uncapped Apr ETF,stocks,us,BATS,ETF,True,usd,0001797318,BBG01M371GT3,BBG01M371HP5,2026-08-11T06:10:16.602357098Z
ARM,Arm Holdings plc American Depositary Shares,stocks,us,XNAS,ADRC,True,usd,0001973239,BBG01J1GXZF0,BBG01J1GY084,2026-08-11T06:10:16.602357188Z
ARMA,Corgi ARM 2x Daily ETF,stocks,us,BATS,ETF,True,usd,,BBG02317Y2F6,BBG02317Y3J0,2026-08-11T06:10:16.602357268Z
ARMG,Leverage Shares 2X Long ARM Daily ETF,stocks,us,XNAS,ETF,True,usd,0001976322,BBG01RQ6WKX1,BBG01RQ6WLS5,2026-08-11T06:10:16.602357348Z
ARMH,Arm Holdings PLC ADRhedged,stocks,us,ARCX,ETS,True,usd,,BBG01SR0G376,BBG01SR0G429,2026-08-11T06:10:16.602357428Z
ARMK,ARAMARK,stocks,us,XNYS,CS,True,usd,0001584509,BBG001KY4N87,BBG001V0NR70,2026-08-11T06:10:16.602357498Z
ARMP,"Armata Pharmaceuticals, Inc. Common Stock",stocks,us,XASE,CS,True,usd,0000921114,BBG000BD7CF8,BBG001S5WNR0,2026-08-11T06:10:16.602357699Z
ARMS,Aristotle Multi-Sector Income ETF,stocks,us,ARCX,ETF,True,usd,,BBG023X56NQ8,BBG023X56Q18,2026-08-11T06:10:16.602357779Z
ARMW,Roundhill ARM WeeklyPay ETF,stocks,us,BATS,ETF,True,usd,,BBG01Y2DTZR5,BBG01Y2DV0W3,2026-08-11T06:10:16.602357879Z
ARMY,Tema ETF Trust Tema International Defense ETF,stocks,us,XNAS,ETF,True,usd,0002056807,BBG01X2NF8S9,BBG01X2NFBV8,2026-08-11T06:10:16.602357949Z
AROC,Archrock Inc,stocks,us,XNYS,CS,True,usd,0001389050,BBG000RWH1V4,BBG001SVDK72,2026-08-11T06:10:16.602358029Z
AROW,Arrow Financial Corp,stocks,us,XNAS,CS,True,usd,0000717538,BBG000BCBS51,BBG001S5NV83,2026-08-11T06:10:16.60235811Z
ARP,PMV Adaptive Risk Parity ETF,stocks,us,ARCX,ETF,True,usd,,BBG01C17LTH0,BBG01C17LVB1,2026-08-11T06:10:16.60235819Z
ARQ,"Arq, Inc. Common Stock",stocks,us,XNAS,CS,True,usd,0001515156,BBG000JFNL85,BBG001S7XN59,2026-08-11T06:10:16.60235826Z
ARQQ,Arqit Quantum Inc. Ordinary Shares,stocks,us,XNAS,CS,True,usd,0001859690,,,2026-08-11T06:10:16.60235834Z
ARQQW,Arqit Quantum Inc. Warrants,stocks,us,XNAS,WARRANT,True,usd,0001859690,,,2026-08-11T06:10:16.60235842Z
ARQT,"Arcutis Biotherapeutics, Inc. Common Stock",stocks,us,XNAS,CS,True,usd,0001787306,BBG00QN8K4M4,BBG00QN8K4P1,2026-08-11T06:10:16.6023585Z
ARR,"ARMOUR Residential REIT, Inc.",stocks,us,XNYS,CS,True,usd,0001428205,BBG000PRZNN8,BBG001SRBTG4,2026-08-11T06:10:16.602358581Z
ARRY,"Array Technologies, Inc. Common Stock",stocks,us,XNAS,CS,True,usd,0001820721,BBG001V4SF46,BBG002MX7TQ9,2026-08-11T06:10:16.602358661Z
ARRpC,"ARMOUR Residential REIT, Inc. 7.00% Series C Cumulative Redeemable Preferred Stock",stocks,us,XNYS,PFD,True,usd,0001428205,,,2026-08-11T06:10:16.602358741Z
ARTC,Art Technology Acquisition Corp. Class A Ordinary Shares,stocks,us,XNAS,CS,True,usd,0002086545,,,2026-08-11T06:10:16.602358831Z
ARTCU,Art Technology Acquisition Corp. Units,stocks,us,XNAS,UNIT,True,usd,0002086545,,,2026-08-11T06:10:16.602358901Z
ARTCW,Art Technology Acquisition Corp. Warrants,stocks,us,XNAS,WARRANT,True,usd,0002086545,,,2026-08-11T06:10:16.602359112Z
ARTL,"Artelo Biosciences, Inc. Common Stock",stocks,us,XNAS,CS,True,usd,0001621221,BBG00793XCW0,BBG00793XCX9,2026-08-11T06:10:16.602359182Z
ARTNA,Artesian Resources Corp,stocks,us,XNAS,CS,True,usd,0000863110,BBG000BG1811,BBG001S7MLX4,2026-08-11T06:10:16.602359282Z
ARTV,"Artiva Biotherapeutics, Inc. Common Stock",stocks,us,XNAS,CS,True,usd,0001817241,BBG00VPZJ0F9,BBG00VPZJ0G8,2026-08-11T06:10:16.602359362Z
ARTW,Arts-Way Manufacturing Co Inc,stocks,us,XNAS,CS,True,usd,0000007623,BBG000BCCR52,BBG001S5NVL8,2026-08-11T06:10:16.602359442Z
ARTY,iShares Future AI & Tech ETF,stocks,us,ARCX,ETF,True,usd,0001100663,BBG00L9G3TC8,BBG00L9G3V33,2026-08-11T06:10:16.602359522Z
ARVN,"Arvinas, Inc",stocks,us,XNAS,CS,True,usd,0001655759,BBG00LW7YK82,BBG00LW7YL08,2026-08-11T06:10:16.602359593Z
ARVR,First Trust Indxx Metaverse ETF,stocks,us,XNAS,ETF,True,usd,0001125816,BBG015P0XN84,BBG015P0XP34,2026-08-11T06:10:16.602359673Z
ARW,"Arrow Electronics, Inc.",stocks,us,XNYS,CS,True,usd,0000007536,BBG000BCD3D5,BBG001S5NVP4,2026-08-11T06:10:16.602359753Z
ARWG,Archer Growth ETF,stocks,us,BATS,ETF,True,usd,,BBG01ZB8NFD8,BBG01ZB8NGG3,2026-08-11T06:10:16.602359833Z
ARWR,Arrowhead Research Corporation,stocks,us,XNAS,CS,True,usd,0000879407,BBG000BRVKH0,BBG001SGT8G5,2026-08-11T06:10:16.602359903Z
ARX,Accelerant Holdings,stocks,us,XNYS,CS,True,usd,0001997350,,,2026-08-11T06:10:16.602359983Z
ARXS,"Arxis, Inc. Class A Common Stock",stocks,us,XNAS,CS,True,usd,0002093536,BBG0217MY2M3,BBG0217MY3J5,2026-08-11T06:10:16.602360063Z
AS,"Amer Sports, Inc.",stocks,us,XNYS,CS,True,usd,0001988894,,,2026-08-11T06:10:16.602360144Z
ASA,ASA GOLD AND PRECIOUS METALS LIMITED,stocks,us,XNYS,FUND,True,usd,0001230869,,,2026-08-11T06:10:16.602360224Z
ASAN,"Asana, Inc. Class A Common Stock",stocks,us,XNYS,CS,True,usd,0001477720,BBG00WYHL732,BBG00WYHL741,2026-08-11T06:10:16.602360304Z
ASB,Associated Banc-Corp,stocks,us,XNYS,CS,True,usd,0000007789,BBG000BCFQC3,BBG001S5NVZ3,2026-08-11T06:10:16.602360514Z
ASBA,Associated Banc-Corp 6.625% Fixed-Rate Reset Subordinated Notes due 2033,stocks,us,XNYS,SP,True,usd,0000007789,,,2026-08-11T06:10:16.602360594Z
ASBP,"Aspire Biopharma Holdings, Inc. Common Stock",stocks,us,XNAS,CS,True,usd,0001847345,BBG015STV133,BBG015STV142,2026-08-11T06:10:16.602360785Z
ASBPW,"Aspire Biopharma Holdings, Inc. Warrant",stocks,us,XNAS,WARRANT,True,usd,0001847345,BBG016PH81D5,,2026-08-11T06:10:16.602360965Z
ASBpE,"Associated Banc-Corp Depositary Shares, each representing a 1/40th interest in a share of 5.875% Non-Cumulative Perpetual Preferred Stock, Series E",stocks,us,XNYS,PFD,True,usd,0000007789,,,2026-08-11T06:10:16.602361135Z
ASBpF,"Associated Banc-Corp Depositary Shares, each representing a 1/40th interest in a share of Associated Banc-Corp 5. 625% Non-Cumulative Perpetual Preferred Stock, Series F",stocks,us,XNYS,PFD,True,usd,0000007789,,,2026-08-11T06:10:16.602361216Z
ASC,ARDMORE SHIPPING CORPORATION,stocks,us,XNYS,CS,True,usd,0001577437,,,2026-08-11T06:10:16.602361296Z
ASCE,Allspring SMID Core ETF,stocks,us,ARCX,ETF,True,usd,,BBG01VBLZXD6,BBG01VBLZYD4,2026-08-11T06:10:16.602361376Z
ASCI,abrdn International Small Cap Active ETF,stocks,us,XNAS,ETF,True,usd,,BBG01XLCPSZ9,BBG01XLCPVD6,2026-08-11T06:10:16.602361556Z
ASD,Defiance Autism Impact ETF,stocks,us,XNAS,ETF,True,usd,,BBG022LH00D7,BBG022LH01P2,2026-08-11T06:10:16.602361626Z
ASEA,Global X FTSE Southeast Asia ETF,stocks,us,ARCX,ETF,True,usd,0001432353,BBG001J4CVC3,BBG001V0GHG0,2026-08-11T06:10:16.602361737Z
ASEC,American Century Securitized Credit ETF,stocks,us,XNAS,ETF,True,usd,,BBG022H8NZF8,BBG022H8P0H1,2026-08-11T06:10:16.602361817Z
ASG,LIBERTY ALL-STAR GROWTH FD,stocks,us,XNYS,FUND,True,usd,0000786035,BBG000DQH311,BBG001S8MP72,2026-08-11T06:10:16.602361887Z
ASGI,abrdn Global Infrastructure Income Fund,stocks,us,XNYS,FUND,True,usd,0001793855,BBG00VQRLFQ8,BBG00VQRLH39,2026-08-11T06:10:16.602361967Z
ASGM,Virtus AlphaSimplex Global Macro ETF,stocks,us,ARCX,ETF,True,usd,0001648403,BBG01W92SSN7,BBG01W92SV23,2026-08-11T06:10:16.602362047Z
ASH,Ashland Inc.,stocks,us,XNYS,CS,True,usd,0001674862,BBG00D0Y81M1,BBG00D0Y81N0,2026-08-11T06:10:16.602362127Z
ASHR,Xtrackers Harvest CSI 300 China A-Shares ETF,stocks,us,ARCX,ETF,True,usd,0001503123,BBG005HJL923,BBG005HJL932,2026-08-11T06:10:16.602362448Z
ASHS,Xtrackers Harvest CSI 500 China A-Shares Small Cap ETF,stocks,us,ARCX,ETF,True,usd,0001503123,BBG006H1P0Q9,BBG006H1P0P0,2026-08-11T06:10:16.602362528Z
ASIA,Matthews Pacific Tiger Active ETF,stocks,us,ARCX,ETF,True,usd,,BBG01JFJDTM7,BBG01JFJDVJ6,2026-08-11T06:10:16.602362668Z
ASIC,Ategrity Specialty Insurance Company Holdings,stocks,us,XNYS,CS,True,usd,0002040491,BBG01T25HLT5,BBG01T25HMP7,2026-08-11T06:10:16.602362749Z
ASIX,AdvanSix Inc.,stocks,us,XNYS,CS,True,usd,0001673985,BBG00CWTTQ41,BBG00CWTTQ32,2026-08-11T06:10:16.602362829Z
ASLE,AerSale Corporation Common Stock,stocks,us,XNAS,CS,True,usd,0001754170,BBG00R28X833,BBG00R28X851,2026-08-11T06:10:16.602362909Z
ASLV,Allspring Special Large Value ETF,stocks,us,ARCX,ETF,True,usd,,BBG01SXNZNR2,BBG01SXNZPM2,2026-08-11T06:10:16.60236326Z
ASM,Avino Silver & Gold Mines Ltd. (Canada),stocks,us,XASE,CS,True,usd,0000316888,BBG000BMTLV6,BBG001SB77V5,2026-08-11T06:10:16.60236333Z
ASMB,"Assembly Biosciences, Inc",stocks,us,XNAS,CS,True,usd,0001426800,BBG000R62Q06,BBG001T9BMW0,2026-08-11T06:10:16.60236341Z
ASMF,Virtus AlphaSimplex Managed Futures ETF,stocks,us,ARCX,ETF,True,usd,0001648403,BBG01MT26WQ9,BBG01MT26XM1,2026-08-11T06:10:16.60236349Z
ASMG,Leverage Shares 2X Long ASML Daily ETF,stocks,us,XNAS,ETF,True,usd,0001976322,BBG01RQ6ZBC1,BBG01RQ6ZC75,2026-08-11T06:10:16.60236357Z
ASMH,ASML Holding NV ADRhedged,stocks,us,ARCX,ETS,True,usd,,BBG01SR1H0L3,BBG01SR1H257,2026-08-11T06:10:16.60236365Z
ASML,ASML Holding NV,stocks,us,XNAS,ADRC,True,usd,0000937966,,,2026-08-11T06:10:16.60236373Z
ASMU,Direxion Daily ASML Bull 2X ETF,stocks,us,XNAS,ETF,True,usd,,BBG01ZT4KLB0,BBG01ZT4KM73,2026-08-11T06:10:16.602363811Z
ASMZ,Corgi ASML 2x Daily ETF,stocks,us,BATS,ETF,True,usd,,BBG0236NBGH8,BBG0236NBHK2,2026-08-11T06:10:16.602363881Z
ASND,Ascendis Pharma A/S Ordinary Share,stocks,us,XNAS,CS,True,usd,0001612042,,,2026-08-11T06:10:16.602363961Z
ASO,"Academy Sports and Outdoors, Inc.",stocks,us,XNAS,CS,True,usd,0001817358,BBG00X7L1C14,BBG00X7L1CW0,2026-08-11T06:10:16.602364261Z
ASPC,A SPAC III Acquisition Corp. Class A Ordinary Shares,stocks,us,XNAS,CS,True,usd,0001890361,,,2026-08-11T06:10:16.602364352Z
ASPCR,A SPAC III Acquisition Corp. Right,stocks,us,XNAS,RIGHT,True,usd,0001890361,,,2026-08-11T06:10:16.602364452Z
ASPCU,A SPAC III Acquisition Corp. Unit,stocks,us,XNAS,UNIT,True,usd,0001890361,,,2026-08-11T06:10:16.602364572Z
ASPI,ASP Isotopes Inc. Common Stock,stocks,us,XNAS,CS,True,usd,0001921865,BBG013Y062J3,BBG013Y062L0,2026-08-11T06:10:16.602364652Z
ASPN,"Aspen Aerogels, Inc.",stocks,us,XNYS,CS,True,usd,0001145986,BBG001S58GW6,BBG001SJZK39,2026-08-11T06:10:16.602364732Z
ASPS,Altisource Portfolio Solutions S.A.,stocks,us,XNAS,CS,True,usd,0001462418,,,2026-08-11T06:10:16.602364813Z
ASPSW,Altisource Portfolio Solutions S.A. Net Settle Stakeholder Warrants,stocks,us,XNAS,WARRANT,True,usd,0001462418,,,2026-08-11T06:10:16.602364883Z
ASPSZ,Altisource Portfolio Solutions S.A. Cash Exercise Stakeholder Warrants,stocks,us,XNAS,WARRANT,True,usd,0001462418,,,2026-08-11T06:10:16.602364963Z
ASR,"Grupo Aeroportuario del Sureste, S.A. de C.V. American Depositary Shares",stocks,us,XNYS,ADRC,True,usd,0001123452,BBG000B9XWX4,BBG001S5NWT8,2026-08-11T06:10:16.602365043Z
ASRV,AmeriServ Financial Inc,stocks,us,XNAS,CS,True,usd,0000707605,BBG000H0X129,BBG001SD3BP3,2026-08-11T06:10:16.602365123Z
ASST,"Strive, Inc. Class A Common Stock",stocks,us,XNAS,CS,True,usd,0001920406,BBG019HGLML0,BBG019HGLNF5,2026-08-11T06:10:16.602365203Z
ASTC,Astrotech Corporation (DE) Common Stock,stocks,us,XNAS,CS,True,usd,0001001907,BBG000FNC0Z0,BBG001S8LVC4,2026-08-11T06:10:16.602365283Z
ASTE,Astec Industries Inc,stocks,us,XNAS,CS,True,usd,0000792987,BBG000BCHZL1,BBG001S5NWY2,2026-08-11T06:10:16.602365354Z
ASTG,Leverage Shares 2X Long ASTS Daily ETF,stocks,us,BATS,ETF,True,usd,,BBG0236XL4C7,BBG0236XL598,2026-08-11T06:10:16.602365434Z
ASTH,Astrana Health Inc. Common Stock,stocks,us,XNAS,CS,True,usd,0001083446,BBG000H7ZK57,BBG001S96MS2,2026-08-11T06:10:16.602365514Z
ASTI,"Ascent Solar Technologies, Inc. Common Stock",stocks,us,XNAS,CS,True,usd,0001350102,BBG000PT5SS1,BBG001SRD9B1,2026-08-11T06:10:16.602365804Z
ASTL,Algoma Steel Group Inc. Common Shares,stocks,us,XNAS,CS,True,usd,0001860805,BBG012NKXTD0,BBG012NKXV72,2026-08-11T06:10:16.602365885Z
ASTLW,Algoma Steel Group Inc. Warrant,stocks,us,XNAS,WARRANT,True,usd,0001860805,BBG0133BZQ71,,2026-08-11T06:10:16.602365995Z
ASTN,Defiance Daily Target 2X Short ASTS ETF,stocks,us,BATS,ETF,True,usd,,BBG01ZZ3ZD81,BBG01ZZ3ZHF4,2026-08-11T06:10:16.602366075Z
ASTS,"AST SpaceMobile, Inc. Class A Common Stock",stocks,us,XNAS,CS,True,usd,0001780312,BBG00Q402TR2,BBG00Q402TS1,2026-08-11T06:10:16.602366155Z
ASTT,Corgi ASTS 2x Daily ETF,stocks,us,BATS,ETF,True,usd,,BBG023112WH6,BBG023112XH4,2026-08-11T06:10:16.602366235Z
ASTX,Tradr 2X Long ASTS Daily ETF,stocks,us,BATS,ETF,True,usd,,BBG01VXQQFV0,BBG01VXQQH82,2026-08-11T06:10:16.602366315Z
ASTY,Defiance Daily Target 2X Long ASTS ETF,stocks,us,BATS,ETF,True,usd,,BBG0226D7625,BBG0226D77B3,2026-08-11T06:10:16.602366396Z
ASUP,T-REX 2X Long ASTS Daily Target ETF,stocks,us,BATS,ETF,True,usd,0001771146,BBG022GNM313,BBG022GNM3Z6,2026-08-11T06:10:16.602366466Z
ASUR,"Asure Software, Inc",stocks,us,XNAS,CS,True,usd,0000884144,BBG000JT96H4,BBG001S9KQ61,2026-08-11T06:10:16.602366546Z
ASX,"ASE Technology Holding Co., Ltd.",stocks,us,XNYS,ADRC,True,usd,0001122411,BBG00KLHL9W6,BBG00KLHLBL3,2026-08-11T06:10:16.602366666Z
ASYS,Amtech Systems Inc,stocks,us,XNAS,CS,True,usd,0000720500,BBG000BCJDW6,BBG001S5NX89,2026-08-11T06:10:16.602366746Z
ATAI,AtaiBeckley Inc. Common Stock,stocks,us,XNAS,CS,True,usd,0002081043,BBG0107FR3K9,BBG0107FR4D5,2026-08-11T06:10:16.602366816Z
ATAT,Atour Lifestyle Holdings Limited American Depositary Shares,stocks,us,XNAS,ADRC,True,usd,0001853717,BBG011C6KJG8,BBG011C6KK93,2026-08-11T06:10:16.602366897Z
ATC,GraniteShares Autocallable COIN ETF,stocks,us,XNAS,ETF,True,usd,,BBG0222TWJS0,BBG0222TWLC2,2026-08-11T06:10:16.602366977Z
ATCH,"AtlasClear Holdings, Inc.",stocks,us,XASE,CS,True,usd,0001963088,BBG01GN7L7Y6,BBG01GN7L7Z5,2026-08-11T06:10:16.602367057Z
ATCL,REX Autocallable Income ETF,stocks,us,ARCX,ETF,True,usd,0001830795,BBG02038K0T2,BBG02038K1S1,2026-08-11T06:10:16.602367357Z
ATCX,Atlas Critical Minerals Corporation Common Stock,stocks,us,XNAS,CS,True,usd,0001684688,,,2026-08-11T06:10:16.602367438Z
ATEC,"Alphatec Holdings, Inc.",stocks,us,XNAS,CS,True,usd,0001350653,BBG000BBM7Y5,BBG001S64XQ8,2026-08-11T06:10:16.602367548Z
ATEN,A10 NETWORKS INC,stocks,us,XNYS,CS,True,usd,0001580808,BBG0060K22C1,BBG0060K22D0,2026-08-11T06:10:16.602367628Z
ATER,"Aterian, Inc. Common Stock",stocks,us,XNAS,CS,True,usd,0001757715,BBG00P4JBS95,BBG00P4JBT11,2026-08-11T06:10:16.602367708Z
ATEX,Anterix Inc. Common Stock,stocks,us,XNAS,CS,True,usd,0001304492,BBG0081NLHR0,BBG0081NLJH7,2026-08-11T06:10:16.60236842Z
ATFV,Alger 35 ETF,stocks,us,ARCX,ETF,True,usd,0001807486,BBG0106Y4324,BBG0106Y43Y9,2026-08-11T06:10:16.6023685Z
ATGL,Alpha Technology Group Limited Class A Ordinary Shares,stocks,us,XNAS,CS,True,usd,0001967621,,,2026-08-11T06:10:16.60236858Z
ATHE,Alterity Therapeutics Limited American Depositary Shares,stocks,us,XNAS,ADRC,True,usd,0001131343,BBG000DK9TP0,BBG001SHP8H6,2026-08-11T06:10:16.602369191Z
ATHM,"Autohome Inc. American Depositary Shares, each representing four Class A Ordinary Shares",stocks,us,XNYS,ADRC,True,usd,0001527636,BBG005JYTDQ5,BBG005JYTDP6,2026-08-11T06:10:16.602369391Z
ATHR,"Aether Holdings, Inc. Common Stock",stocks,us,XNAS,CS,True,usd,0002026353,BBG01RK1GGC8,BBG01RK1GH72,2026-08-11T06:10:16.602369472Z
ATHS,Athene Holding Ltd. 7.250% Fixed-Rate Reset Junior Subordinated Debentures due 2064,stocks,us,XNYS,SP,True,usd,0001527469,,,2026-08-11T06:10:16.602369612Z
ATHpA,"Athene Holding Ltd. Depositary Shares, Each Representing a 1/1,000th Interest in a 6.35% Fixed-to-Floating Rate Perpetual Non-Cumulative Preference Share, Series A",stocks,us,XNYS,PFD,True,usd,0001527469,,,2026-08-11T06:10:16.602369802Z
ATHpB,"Athene Holding Ltd. Depositary Shares, Each Representing a 1/1,000th Interest in a 5.625% Fixed Rate Perpetual Non- Cumulative Preference Share, Series B, par value $1.00 per share",stocks,us,XNYS,PFD,True,usd,0001527469,,,2026-08-11T06:10:16.602369882Z
ATHpD,"Athene Holding Ltd. Depositary Shares, Each Representing a 1/1,000th Interest in a 4.875% Fixed-Rate Perpetual Non-Cumulative Preference Share, Series D",stocks,us,XNYS,PFD,True,usd,0001527469,,,2026-08-11T06:10:16.602370003Z
ATHpE,"Athene Holding Ltd. Depositary Shares, Each Representing a 1/1,000th Interest in a 7.750% Fixed-Rate Reset Perpetual Non-Cumulative Preference Share, Series E",stocks,us,XNYS,PFD,True,usd,0001527469,,,2026-08-11T06:10:16.602370083Z
ATI,ATI Inc.,stocks,us,XNYS,CS,True,usd,0001018963,BBG000LC1FS4,BBG001S8WY72,2026-08-11T06:10:16.602370163Z
ATII,Archimedes Tech SPAC Partners II Co. Ordinary Shares,stocks,us,XNAS,CS,True,usd,0002028516,,,2026-08-11T06:10:16.602370243Z
ATIIU,Archimedes Tech SPAC Partners II Co. Unit,stocks,us,XNAS,UNIT,True,usd,0002028516,,,2026-08-11T06:10:16.602370343Z
ATIIW,Archimedes Tech SPAC Partners II Co. Warrant,stocks,us,XNAS,WARRANT,True,usd,0002028516,,,2026-08-11T06:10:16.602370423Z
ATKR,Atkore Inc.,stocks,us,XNYS,CS,True,usd,0001666138,BBG000QTFDQ4,BBG001T8LDZ8,2026-08-11T06:10:16.602370544Z
ATLC,Atlanticus Holdings Corporation,stocks,us,XNAS,CS,True,usd,0001464343,BBG000C6TLC1,BBG001SC0HS2,2026-08-11T06:10:16.602370624Z
ATLCL,Atlanticus Holdings Corporation 6.125% Senior Notes due 2026,stocks,us,XNAS,CS,True,usd,0001464343,,,2026-08-11T06:10:16.602371004Z
ATLCP,"Atlanticus Holdings Corporation 7.625% Series B Cumulative Perpetual Preferred Stock, no par value per share",stocks,us,XNAS,PFD,True,usd,0001464343,,,2026-08-11T06:10:16.602371115Z
ATLCZ,Atlanticus Holdings Corporation 9.25% Senior Notes due 2029,stocks,us,XNAS,CS,True,usd,0001464343,,,2026-08-11T06:10:16.602371365Z
ATLO,AMES National Corp,stocks,us,XNAS,CS,True,usd,0001132651,BBG000BHLJW9,BBG001S7RMM9,2026-08-11T06:10:16.602371636Z
ATLX,Atlas Lithium Corporation Common Stock,stocks,us,XNAS,CS,True,usd,0001540684,BBG002VZVSN2,BBG002VZVTD1,2026-08-11T06:10:16.602371776Z
ATMP,iPath Select MLP ETN,stocks,us,BATS,ETF,True,usd,0000312070,BBG0047C1H17,BBG0047C1HS8,2026-08-11T06:10:16.602371856Z
ATMU,Atmus Filtration Technologies Inc.,stocks,us,XNYS,CS,True,usd,0001921963,BBG01B079Z74,BBG01B079Z92,2026-08-11T06:10:16.602371926Z
ATNI,"ATN International, Inc",stocks,us,XNAS,CS,True,usd,0000879585,BBG000F8RCH1,BBG001S9SMF2,2026-08-11T06:10:16.602372006Z
ATNM,"Actinium Pharmaceuticals, Inc",stocks,us,XASE,CS,True,usd,0001388320,BBG000RQZ245,BBG001SV3L17,2026-08-11T06:10:16.602372087Z
ATO,Atmos Energy Corporation,stocks,us,XNYS,CS,True,usd,0000731802,BBG000BRNGM2,BBG001S5VG05,2026-08-11T06:10:16.602372167Z
ATOM,Atomera Incorporated Common Stock,stocks,us,XNAS,CS,True,usd,0001420520,BBG00D88BWP5,BBG00D88BWQ4,2026-08-11T06:10:16.602372247Z
ATOS,"Atossa Therapeutics, Inc. Common Stock",stocks,us,XNAS,CS,True,usd,0001488039,BBG002NCD8C8,BBG002NCD954,2026-08-11T06:10:16.602372357Z
ATPC,Agape ATP Corporation Common Stock,stocks,us,XNAS,CS,True,usd,0001713210,BBG00HKYNJT7,BBG00HKYNJV4,2026-08-11T06:10:16.602372437Z
ATR,"AptarGroup, Inc.",stocks,us,XNYS,CS,True,usd,0000896622,BBG000BGX2S0,BBG001S78MT3,2026-08-11T06:10:16.602372507Z
ATRA,"Atara Biotherapeutics, Inc",stocks,us,XNAS,CS,True,usd,0001604464,BBG005Q3MQY4,BBG005Q3MR36,2026-08-11T06:10:16.602372588Z
ATRC,"AtriCure, Inc.",stocks,us,XNAS,CS,True,usd,0001323885,BBG000BL6CB5,BBG001SD43V3,2026-08-11T06:10:16.602372668Z
ATRO,Astronics Corp,stocks,us,XNAS,CS,True,usd,0000008063,BBG000BCLBY5,BBG001S5NYK3,2026-08-11T06:10:16.602372748Z
ATS,ATS Corporation,stocks,us,XNYS,CS,True,usd,0001394832,BBG000BZ6164,BBG001S5XWC5,2026-08-11T06:10:16.602372828Z
ATTO,"Attovia Therapeutics, Inc. Common Stock",stocks,us,XNAS,CS,True,usd,0002058707,BBG01H3TV5J8,BBG01H3TV5L5,2026-08-11T06:10:16.602373219Z
ATTR,Arin Tactical Tail Risk ETF,stocks,us,BATS,ETF,True,usd,,BBG01XHGYCB6,BBG01XHGYDK4,2026-08-11T06:10:16.602373399Z
ATXG,Addentax Group Corp. Common Stock,stocks,us,XNAS,CS,True,usd,0001650101,BBG009R6DP43,BBG009R6DP52,2026-08-11T06:10:16.602373479Z
ATYR,"aTyr Pharma, Inc. Common Stock",stocks,us,XNAS,CS,True,usd,0001339970,BBG001J2P692,BBG001V0GF01,2026-08-11T06:10:16.602373559Z
AU,AngloGold Ashanti plc,stocks,us,XNYS,CS,True,usd,0001973832,,,2026-08-11T06:10:16.60237365Z
AUAU,Global X Gold Miners ETF,stocks,us,ARCX,ETF,True,usd,,BBG01YT1WC53,BBG01YT1WD33,2026-08-11T06:10:16.60237373Z
AUB,Atlantic Union Bankshares Corporation,stocks,us,XNYS,CS,True,usd,0000883948,BBG000BKS4S3,BBG001S7GJV8,2026-08-11T06:10:16.60237381Z
AUBN,Auburn National Bancorporation,stocks,us,XNAS,CS,True,usd,0000750574,BBG000BNFKK3,BBG001S6RJQ4,2026-08-11T06:10:16.60237388Z
AUBpA,"Atlantic Union Bankshares Corporation Depositary Shares, Each Representing a 1/400th Interest in a Share of 6.875% Perpetual Non-Cumulative Preferred Stock, Series A",stocks,us,XNYS,PFD,True,usd,0000883948,,,2026-08-11T06:10:16.60237396Z
AUC,ATIF Holdings Limited Ordinary Shares,stocks,us,XNAS,CS,True,usd,0001755058,,,2026-08-11T06:10:16.60237404Z
AUDC,AudioCodes Ltd,stocks,us,XNAS,CS,True,usd,0001086434,,,2026-08-11T06:10:16.60237412Z
AUGC,Corgi U.S. Equities 10% Structured Buffer ETF - August Series,stocks,us,BATS,ETF,True,usd,,BBG023YD4BX0,BBG023YD4DH4,2026-08-11T06:10:16.602374201Z
AUGM,FT Vest U.S. Equity Max Buffer ETF - August,stocks,us,BATS,ETF,True,usd,0001667919,BBG01P470Z78,BBG01P471083,2026-08-11T06:10:16.602374281Z
AUGO,Aura Minerals Inc. Common Shares,stocks,us,XNAS,CS,True,usd,0001468642,,,2026-08-11T06:10:16.602374351Z
AUGP,PGIM S&P 500 Buffer 12 ETF - August,stocks,us,BATS,ETF,True,usd,,BBG01MQ8J4J5,BBG01MQ8J5D8,2026-08-11T06:10:16.602374431Z
AUGT,AllianzIM U.S. Equity Buffer10 Aug ETF,stocks,us,BATS,ETF,True,usd,0001797318,BBG01HDXBFP1,BBG01HDXBGL3,2026-08-11T06:10:16.602374511Z
AUGU,AllianzIM U.S. Equity Buffer15 Uncapped Aug ETF,stocks,us,BATS,ETF,True,usd,0001797318,BBG01NYJD0Y7,BBG01NYJD200,2026-08-11T06:10:16.602374842Z
AUGW,AllianzIM U.S. Equity Buffer20 Aug ETF,stocks,us,BATS,ETF,True,usd,0001797318,BBG01HDWX4R2,BBG01HDWX5T7,2026-08-11T06:10:16.602375022Z
AUGZ,TrueShares Structured Outcome (August) ETF,stocks,us,BATS,ETF,True,usd,0001776878,BBG01X3LJ8G1,BBG01X3LJ9G9,2026-08-11T06:10:16.602375122Z
AUID,authID Inc. Common Stock,stocks,us,XNAS,CS,True,usd,0001534154,BBG0081VR7H9,BBG0081VR7J7,2026-08-11T06:10:16.602375203Z
AUMI,Themes Gold Miners ETF,stocks,us,XNAS,ETF,True,usd,0001976322,BBG01KJPQ4Y4,BBG01KJPQ660,2026-08-11T06:10:16.602375283Z
AUNA,Auna S.A.,stocks,us,XNYS,CS,True,usd,0001799207,,,2026-08-11T06:10:16.602375363Z
AUPH,Aurinia Pharmaceuticals Inc,stocks,us,XNAS,CS,True,usd,0001600620,BBG000BCRJM5,BBG001S68013,2026-08-11T06:10:16.602375443Z
AUR,"Aurora Innovation, Inc. Class A Common Stock",stocks,us,XNAS,CS,True,usd,0001828108,BBG00Z92Y6X1,BBG00Z92Y6Y0,2026-08-11T06:10:16.602375513Z
AURA,"Aura Biosciences, Inc. Common Stock",stocks,us,XNAS,CS,True,usd,0001501796,BBG00226DGM5,BBG00226DGP2,2026-08-11T06:10:16.602375704Z
AURE,Aurelion Inc. Class A Ordinary Shares,stocks,us,XNAS,CS,True,usd,0001765850,,,2026-08-11T06:10:16.602375784Z
AUROW,"Aurora Innovation, Inc. Warrant",stocks,us,XNAS,WARRANT,True,usd,0001828108,BBG010SBLF79,,2026-08-11T06:10:16.602375884Z
AUSF,Global X Adaptive U.S. Factor ETF,stocks,us,ARCX,ETF,True,usd,0001432353,BBG00LSVL368,BBG00LSVL3Y7,2026-08-11T06:10:16.602375964Z
AUSM,Allspring Ultra Short Municipal ETF,stocks,us,ARCX,ETF,True,usd,,BBG01V8GCW48,BBG01V8GCX37,2026-08-11T06:10:16.602376044Z
AUST,Austin Gold Corp.,stocks,us,XASE,CS,True,usd,0001817740,BBG00VZQRKP4,BBG00VZQRKT0,2026-08-11T06:10:16.602376124Z
AUTL,Autolus Therapeutics plc American Depositary Share,stocks,us,XNAS,ADRC,True,usd,0001730463,BBG00KVT05R6,BBG00KVT06G6,2026-08-11T06:10:16.602376205Z
AUUD,Auddia Inc. Common Stock,stocks,us,XNAS,CS,True,usd,0001554818,BBG00Y0537N9,BBG00Y0538H4,2026-08-11T06:10:16.602376285Z
AV,Corgi Aerospace & Commercial Aviation ETF,stocks,us,BATS,ETF,True,usd,0002078265,BBG0223BRHL5,BBG0223BRKM7,2026-08-11T06:10:16.602376505Z
AVA,Avista Corporation,stocks,us,XNYS,CS,True,usd,0000104918,BBG000BCNF74,BBG001S5NZ48,2026-08-11T06:10:16.602376585Z
AVAH,Aveanna Healthcare Holdings Inc. Common Stock,stocks,us,XNAS,CS,True,usd,0001832332,BBG00G6D6H96,BBG00G6D6HB3,2026-08-11T06:10:16.602376695Z
AVAL,GRUPO AVAL ACCIONES Y VALORES S.A.,stocks,us,XNYS,ADRC,True,usd,0001504764,BBG004T0ZMF6,BBG004T0ZN64,2026-08-11T06:10:16.602376776Z
AVAT,Avalanche Treasury Corporation Class A Common Stock,stocks,us,XNAS,CS,True,usd,0002092446,BBG022XF2F34,BBG022XF2F43,2026-08-11T06:10:16.602376856Z
AVAV,"AeroVironment, Inc.",stocks,us,XNAS,CS,True,usd,0001368622,BBG000GX14P2,BBG001SPPWP6,2026-08-11T06:10:16.602376926Z
AVAZ,2x Avalanche ETF,stocks,us,BATS,ETF,True,usd,,BBG022CLMZS1,BBG022CLN0Y0,2026-08-11T06:10:16.602377006Z
AVB,"AvalonBay Communities, Inc.",stocks,us,XNYS,CS,True,usd,0000915912,BBG000BLPBL5,BBG001S7J2H8,2026-08-11T06:10:16.602377086Z
AVBC,"Avidia Bancorp, Inc.",stocks,us,XNYS,CS,True,usd,0002058758,BBG01TVWYGZ9,BBG01TVWYHT4,2026-08-11T06:10:16.602377166Z
AVBH,"Avidbank Holdings, Inc. Common stock",stocks,us,XNAS,CS,True,usd,0001443575,BBG000Q24975,BBG001SM30Y7,2026-08-11T06:10:16.602377247Z
AVBP,"ArriVent BioPharma, Inc. Common Stock",stocks,us,XNAS,CS,True,usd,0001868279,BBG011N37VQ0,BBG011N37VW3,2026-08-11T06:10:16.602377327Z
AVD,American Vanguard Corporation,stocks,us,XNYS,CS,True,usd,0000005981,BBG000DPXVW9,BBG001S8KSH7,2026-08-11T06:10:16.602377397Z
AVDE,Avantis International Equity ETF,stocks,us,ARCX,ETF,True,usd,0001710607,BBG00Q9MQ620,BBG00Q9MQ6T1,2026-08-11T06:10:16.602377477Z
AVDS,Avantis International Small Cap Equity ETF,stocks,us,ARCX,ETF,True,usd,0001710607,BBG01HDKB223,BBG01HDKB2Y8,2026-08-11T06:10:16.602377557Z
AVDV,Avantis International Small Cap Value ETF,stocks,us,ARCX,ETF,True,usd,0001710607,BBG00Q9MR772,BBG00Q9MR7Z1,2026-08-11T06:10:16.602377637Z
AVEE,Avantis Emerging Markets Small Cap Equity ETF,stocks,us,ARCX,ETF,True,usd,0001710607,BBG01JY8SVC0,BBG01JY8SW65,2026-08-11T06:10:16.602377717Z
AVEM,Avantis Emerging Markets Equity ETF,stocks,us,ARCX,ETF,True,usd,0001710607,BBG00Q6ZDX29,BBG00Q6ZDXT0,2026-08-11T06:10:16.602377938Z
AVES,Avantis Emerging Markets Value ETF,stocks,us,ARCX,ETF,True,usd,0001710607,BBG012NXXFT5,BBG012NXXGN9,2026-08-11T06:10:16.602378018Z
AVEX,AEVEX Corp.,stocks,us,XNYS,CS,True,usd,0002096300,BBG021740KM0,BBG021740MJ0,2026-08-11T06:10:16.602378128Z
AVGB,Avantis Credit ETF,stocks,us,XNAS,ETF,True,usd,,BBG01TB5RVG6,BBG01TB5RWB9,2026-08-11T06:10:16.602378208Z
AVGC,Corgi AVGO 2x Daily ETF,stocks,us,BATS,ETF,True,usd,,BBG023116XR9,BBG023116Z94,2026-08-11T06:10:16.602378289Z
AVGE,Avantis All Equity Markets ETF,stocks,us,ARCX,ETF,True,usd,0001710607,BBG019T9Z9T9,BBG019T9ZBN0,2026-08-11T06:10:16.602378369Z
AVGG,Leverage Shares 2X Long AVGO Daily ETF,stocks,us,XNAS,ETF,True,usd,0001976322,BBG01TYZ1T96,BBG01TYZ1VH2,2026-08-11T06:10:16.602378439Z
AVGO,Broadcom Inc. Common Stock,stocks,us,XNAS,CS,True,usd,0001730168,BBG00KHY5S69,BBG00KHY5SY8,2026-08-11T06:10:16.602378519Z
AVGU,GraniteShares 2x Long AVGO Daily ETF,stocks,us,XNAS,ETF,True,usd,0001689873,BBG01VWNTJN6,BBG01VWNTKK6,2026-08-11T06:10:16.602378599Z
AVGV,Avantis All Equity Markets Value ETF,stocks,us,ARCX,ETF,True,usd,0001710607,BBG01H488JH1,BBG01H488KB4,2026-08-11T06:10:16.60237887Z
AVGW,Roundhill AVGO WeeklyPay ETF,stocks,us,BATS,ETF,True,usd,,BBG01W6VNFL1,BBG01W6VNGG5,2026-08-11T06:10:16.60237895Z
AVGX,Defiance Daily Target 2X Long AVGO ETF,stocks,us,XNAS,ETF,True,usd,0001924868,BBG01P7T8FX4,BBG01P7T8GS8,2026-08-11T06:10:16.60237903Z
AVIE,Avantis Inflation Focused Equity ETF,stocks,us,ARCX,ETF,True,usd,0001710607,BBG019TB2NF4,BBG019TB2P87,2026-08-11T06:10:16.60237911Z
AVIG,Avantis Core Fixed Income ETF,stocks,us,ARCX,ETF,True,usd,0001710607,BBG00XTVX0Z2,BBG00XTVX1T7,2026-08-11T06:10:16.60237919Z
AVIR,"Atea Pharmaceuticals, Inc. Common Stock",stocks,us,XNAS,CS,True,usd,0001593899,BBG00TZNCJ75,BBG00TZNCJ84,2026-08-11T06:10:16.60237926Z
AVIV,Avantis International Large Cap Value ETF,stocks,us,ARCX,ETF,True,usd,0001710607,BBG012R45G05,BBG012R45GX9,2026-08-11T06:10:16.602379341Z
AVK,Advent Convertible and Income Fund,stocks,us,XNYS,FUND,True,usd,0001219120,BBG000KDPR38,BBG001SJLCH7,2026-08-11T06:10:16.602379551Z
AVL,Direxion Shares ETF Trust Direxion Daily AVGO Bull 2X ETF,stocks,us,XNAS,ETF,True,usd,,BBG01Q40B085,BBG01Q40B156,2026-08-11T06:10:16.602379751Z
AVLC,Avantis U.S. Large Cap Equity ETF,stocks,us,ARCX,ETF,True,usd,0001710607,BBG01J9W37C5,BBG01J9W3879,2026-08-11T06:10:16.602379932Z
AVLN,Avalyn Pharma Inc. Common Stock,stocks,us,XNAS,CS,True,usd,0001540171,BBG003M9S3Z4,BBG003M9S400,2026-08-11T06:10:16.602380122Z
AVLV,Avantis U.S. Large Cap Value ETF,stocks,us,ARCX,ETF,True,usd,0001710607,BBG012NL45J6,BBG012NL46D0,2026-08-11T06:10:16.602380312Z
AVMA,Avantis Moderate Allocation ETF,stocks,us,ARCX,ETF,True,usd,0001710607,BBG01H4897B2,BBG01H489875,2026-08-11T06:10:16.602380383Z
AVMC,Avantis U.S. Mid Cap Equity ETF,stocks,us,ARCX,ETF,True,usd,0001710607,BBG01JYBR229,BBG01JYBR2Z3,2026-08-11T06:10:16.602380513Z
AVMU,Avantis Core Municipal Fixed Income ETF,stocks,us,ARCX,ETF,True,usd,0001710607,BBG00YFF8NQ8,BBG00YFF8PK9,2026-08-11T06:10:16.602380583Z
AVMV,Avantis U.S. Mid Cap Value ETF,stocks,us,ARCX,ETF,True,usd,0001710607,BBG01JYVFND0,BBG01JYVFP90,2026-08-11T06:10:16.602380663Z
AVNM,Avantis All International Markets Equity ETF,stocks,us,ARCX,ETF,True,usd,0001710607,BBG01H48B1W9,BBG01H48B2Q4,2026-08-11T06:10:16.602380743Z
AVNT,Avient Corporation,stocks,us,XNYS,CS,True,usd,0001122976,BBG000C8NJ10,BBG001S6RCD3,2026-08-11T06:10:16.602380823Z
AVNV,Avantis All International Markets Value ETF,stocks,us,ARCX,ETF,True,usd,0001710607,BBG01H480D55,BBG01H480F14,2026-08-11T06:10:16.602380894Z
AVNW,"Aviat Networks, Inc.",stocks,us,XNAS,CS,True,usd,0001377789,BBG000QX48M2,BBG001SSSZS7,2026-08-11T06:10:16.602380974Z
AVO,"Mission Produce, Inc. Common Stock",stocks,us,XNAS,CS,True,usd,0001802974,BBG005C9W679,BBG005C9W688,2026-08-11T06:10:16.602381054Z
AVOS,Avos Global Equities ETF,stocks,us,XNAS,ETF,True,usd,,BBG020HFQNJ6,BBG020HFQPM7,2026-08-11T06:10:16.602381134Z
AVPT,"AvePoint, Inc. Class A Common Stock",stocks,us,XNAS,CS,True,usd,0001777921,BBG00Q73LFG4,BBG00Q73LFK9,2026-08-11T06:10:16.602381214Z
AVR,Anteris Technologies Global Corp. Common Stock,stocks,us,XNAS,CS,True,usd,0002011514,BBG01PLXJNR7,BBG01PLXJQ81,2026-08-11T06:10:16.602381435Z
AVRE,Avantis Real Estate ETF,stocks,us,ARCX,ETF,True,usd,0001710607,BBG012R477N8,BBG012R478M7,2026-08-11T06:10:16.602381515Z
AVRY,Avory Foundational ETF,stocks,us,BATS,ETF,True,usd,,BBG01ZFRYTV0,BBG01ZFRYVS9,2026-08-11T06:10:16.602381635Z
AVS,Direxion Shares ETF Trust Direxion Daily AVGO Bear 1X ETF,stocks,us,XNAS,ETF,True,usd,,BBG01Q419WL1,BBG01Q419XF6,2026-08-11T06:10:16.602381715Z
AVSC,Avantis U.S. Small Cap Equity ETF,stocks,us,ARCX,ETF,True,usd,0001710607,BBG014GDZJ95,BBG014GDZKC8,2026-08-11T06:10:16.602381795Z
AVSD,Avantis Responsible International Equity ETF,stocks,us,ARCX,ETF,True,usd,0001710607,BBG0161JYDX0,BBG0161JYFR2,2026-08-11T06:10:16.602381865Z
AVSE,Avantis Responsible Emerging Markets Equity ETF,stocks,us,ARCX,ETF,True,usd,0001710607,BBG0161JWW79,BBG0161JWX22,2026-08-11T06:10:16.602381946Z
AVSF,Avantis Short-Term Fixed Income ETF,stocks,us,ARCX,ETF,True,usd,0001481714,BBG00XTVX5G2,BBG00XTVX698,2026-08-11T06:10:16.602382026Z
AVSU,Avantis Responsible U.S. Equity ETF,stocks,us,ARCX,ETF,True,usd,0001710607,BBG0161K0614,BBG0161K06W0,2026-08-11T06:10:16.602382106Z
AVT,"Avnet, Inc.",stocks,us,XNAS,CS,True,usd,0000008858,BBG000BCPB71,BBG001S5NZJ2,2026-08-11T06:10:16.602382186Z
AVTM,Avantis Total Equity Markets ETF,stocks,us,ARCX,ETF,True,usd,,BBG01ZT0X1L7,BBG01ZT0X2J8,2026-08-11T06:10:16.602382276Z
AVTR,"Avantor, Inc.",stocks,us,XNYS,CS,True,usd,0001722482,BBG00G2HHYD7,BBG00G2HHYF5,2026-08-11T06:10:16.602382356Z
AVTX,"Avalo Therapeutics, Inc. Common Stock",stocks,us,XNAS,CS,True,usd,0001534120,BBG001QHW0Y8,BBG001V1GPQ9,2026-08-11T06:10:16.602382427Z
AVUQ,Avantis U.S. Quality ETF,stocks,us,XNAS,ETF,True,usd,,BBG01SQC3L75,BBG01SQC3M28,2026-08-11T06:10:16.602382507Z
AVUS,Avantis U.S. Equity ETF,stocks,us,ARCX,ETF,True,usd,0001710607,BBG00Q9MPPR2,BBG00Q9MPQH1,2026-08-11T06:10:16.602382587Z
AVUV,Avantis U.S. Small Cap Value ETF,stocks,us,ARCX,ETF,True,usd,0001710607,BBG00Q9MQZ44,BBG00Q9MQZW3,2026-08-11T06:10:16.602382667Z
AVX,Avax One Technology Ltd. Common Shares,stocks,us,XNAS,CS,True,usd,0001826397,BBG00YLW2WR9,BBG00YLW2WS8,2026-08-11T06:10:16.602382917Z
AVXC,Avantis Emerging Markets ex-China Equity ETF,stocks,us,XNAS,ETF,True,usd,,BBG01LV4QP78,BBG01LV4QQ67,2026-08-11T06:10:16.602382998Z
AVXL,Anavex Life Sciences,stocks,us,XNAS,CS,True,usd,0001314052,BBG000C9K8K4,BBG001SLQWW6,2026-08-11T06:10:16.602383108Z
AVXX,Defiance Daily Target 2x Long AVAV ETF,stocks,us,XNAS,ETF,True,usd,,BBG01Y0N55S6,BBG01Y0N56R5,2026-08-11T06:10:16.602383188Z
AVY,Avery Dennison Corp.,stocks,us,XNYS,CS,True,usd,0000008818,BBG000BCQ4P6,BBG001S5NZM8,2026-08-11T06:10:16.602383268Z
AWAY,Amplify Travel Tech ETF,stocks,us,ARCX,ETF,True,usd,0001633061,BBG01L6Y34F3,BBG01L6Y3597,2026-08-11T06:10:16.602383358Z
AWF,"ALLIANCEBERSTEIN GLOBAL HIGH INCOME FUND, INC.",stocks,us,XNYS,FUND,True,usd,0000906013,BBG000BD8L30,BBG001S6LJ53,2026-08-11T06:10:16.602383438Z
AWI,"Armstrong World Industries, Inc.",stocks,us,XNYS,CS,True,usd,0000007431,BBG000DW4LB1,BBG001SGL0H9,2026-08-11T06:10:16.602383509Z
AWK,"American Water Works Company, Inc",stocks,us,XNYS,CS,True,usd,0001410636,BBG000TRJ294,BBG001SPHYW3,2026-08-11T06:10:16.602383589Z
AWP,abrdn Global Premier Properties Fund,stocks,us,XNYS,FUND,True,usd,0001390195,BBG000R204N1,BBG001SSZNJ6,2026-08-11T06:10:16.602383669Z
AWR,American States Water Company,stocks,us,XNYS,CS,True,usd,0001056903,BBG000F964B6,BBG001S9T5Z6,2026-08-11T06:10:16.602383749Z
AWRE,Aware Inc,stocks,us,XNAS,CS,True,usd,0001015739,BBG000H56MZ6,BBG001S95Q04,2026-08-11T06:10:16.602383829Z
AWX,Avalon Holdings Corp.,stocks,us,XASE,CS,True,usd,0001061069,BBG000BPSQJ3,BBG001S9D084,2026-08-11T06:10:16.602383909Z
AX,"Axos Financial, Inc. Common Stock",stocks,us,XNYS,CS,True,usd,0001299709,BBG000QPHD08,BBG001SLZ724,2026-08-11T06:10:16.60238399Z
AXG,Solowin Holdings Class A Ordinary Share,stocks,us,XNAS,CS,True,usd,0001959224,,,2026-08-11T06:10:16.60238407Z
AXGN,"Axogen, Inc. Common Stock",stocks,us,XNAS,CS,True,usd,0000805928,BBG000BN46R9,BBG001S5SRD1,2026-08-11T06:10:16.60238415Z
AXIL,"AXIL Brands, Inc.",stocks,us,XASE,CS,True,usd,0001718500,BBG00HXXP3F3,BBG00HXXP3G2,2026-08-11T06:10:16.60238439Z
AXIN,Axiom Intelligence Acquisition Corp 1 Class A Ordinary Shares,stocks,us,XNAS,CS,True,usd,0002057030,,,2026-08-11T06:10:16.60238447Z
AXINR,Axiom Intelligence Acquisition Corp 1 Right,stocks,us,XNAS,RIGHT,True,usd,0002057030,,,2026-08-11T06:10:16.602384601Z
AXINU,Axiom Intelligence Acquisition Corp 1 Units,stocks,us,XNAS,UNIT,True,usd,0002057030,,,2026-08-11T06:10:16.602384681Z
AXON,"Axon Enterprise, Inc. Common Stock",stocks,us,XNAS,CS,True,usd,0001069183,BBG000BHJWG1,BBG001SB2HG5,2026-08-11T06:10:16.602384761Z
AXP,American Express Company,stocks,us,XNYS,CS,True,usd,0000004962,BBG000BCQZS4,BBG001S5P034,2026-08-11T06:10:16.602384831Z
AXR,AMREP Corporation,stocks,us,XNYS,CS,True,usd,0000006207,BBG000BCRB60,BBG001S5P052,2026-08-11T06:10:16.602384911Z
AXS,Axis Capital Holders Limited,stocks,us,XNYS,CS,True,usd,0001214816,,,2026-08-11T06:10:16.602384991Z
AXSM,"Axsome Therapeutics, Inc",stocks,us,XNAS,CS,True,usd,0001579428,BBG00B6G7GL7,BBG00B6G7GM6,2026-08-11T06:10:16.602385072Z
AXSpE,"AXIS Capital Holdings Limited Depositary Shares, each representing 1/100th interest in a share of the Issuers 5.50% Series E Preferred Shares",stocks,us,XNYS,PFD,True,usd,0001214816,,,2026-08-11T06:10:16.602385182Z
AXTA,Axalta Coating Systems Ltd.,stocks,us,XNYS,CS,True,usd,0001616862,,,2026-08-11T06:10:16.602385262Z
AXTC,Corgi AXTI 2x Daily ETF,stocks,us,BATS,ETF,True,usd,,BBG0230LXGF6,BBG0230LXHC7,2026-08-11T06:10:16.602385332Z
AXTI,AXT Inc,stocks,us,XNAS,CS,True,usd,0001051627,BBG000BHZ0N5,BBG001S7SPZ7,2026-08-11T06:10:16.602385412Z
AXTL,Leverage Shares 2X Long AXTI Daily ETF,stocks,us,BATS,ETF,True,usd,,BBG022ZTYXB9,BBG022ZTYY81,2026-08-11T06:10:16.602385492Z
AXTU,T-REX 2X Long AXTI Daily Target ETF,stocks,us,BATS,ETF,True,usd,,BBG021YX06R2,BBG021YX07R0,2026-08-11T06:10:16.602385573Z
AXTX,Tradr 2X Long AXTI Daily ETF,stocks,us,BATS,ETF,True,usd,,BBG021VCBNP4,BBG021VCBPY9,2026-08-11T06:10:16.602385663Z
AYA,Aya Gold & Silver Inc. Common Shares,stocks,us,XNAS,CS,True,usd,0001826836,BBG000Q62W77,BBG001T2PNC0,2026-08-11T06:10:16.602385983Z
AYI,Acuity Inc.,stocks,us,XNYS,CS,True,usd,0001144215,BBG000BJ5HK0,BBG001SBG656,2026-08-11T06:10:16.602386064Z
AYTU,"AYTU BioPharma, Inc. Common Stock",stocks,us,XNAS,CS,True,usd,0001385818,BBG000VC2PT9,BBG001T21Q11,2026-08-11T06:10:16.602386164Z
AZ,A2Z Cust2Mate Solutions Corp. Common Shares,stocks,us,XNAS,CS,True,usd,0001866030,BBG00TM0F0B2,BBG00JXQRF10,2026-08-11T06:10:16.602386244Z
AZI,Autozi Internet Technology (Global) Ltd. Class A Ordinary Shares,stocks,us,XNAS,CS,True,usd,0001959726,,,2026-08-11T06:10:16.602386314Z
AZIO,"Azio AI Holdings, Inc. Common Stock",stocks,us,XNAS,CS,True,usd,0001563568,BBG007J7HYT4,BBG007J7HYV1,2026-08-11T06:10:16.602386394Z
AZN,AstraZeneca PLC,stocks,us,XNYS,CS,True,usd,0000901832,,,2026-08-11T06:10:16.602386725Z
AZO,"AutoZone, Inc.",stocks,us,XNYS,CS,True,usd,0000866787,BBG000C7LMS8,BBG001S6Q5D9,2026-08-11T06:10:16.602386795Z
AZTA,"Azenta, Inc.",stocks,us,XNAS,CS,True,usd,0000933974,BBG000DX9JV7,BBG001S8F1B8,2026-08-11T06:10:16.602386875Z
AZTD,Aztlan Global Stock Selection DM SMID ETF,stocks,us,ARCX,ETF,True,usd,0001387131,BBG0196FNNX7,BBG0196FNPT7,2026-08-11T06:10:16.602386955Z
AZTR,Azitra Inc,stocks,us,XASE,CS,True,usd,0001701478,BBG00GDC73T8,BBG00GDC73V5,2026-08-11T06:10:16.602387035Z
AZUL,"Azul S.A. American Depositary Shares, each representing two (2) Common Shares",stocks,us,XNYS,ADRC,True,usd,0001432364,BBG01ZF76VW9,BBG01ZF76WV8,2026-08-11T06:10:16.602387116Z
AZYY,GraniteShares YieldBoost AMZN ETF,stocks,us,XNAS,ETF,True,usd,0001689873,BBG01X4WYRY7,BBG01X4WYSY5,2026-08-11T06:10:16.602387186Z
AZZ,AZZ Inc.,stocks,us,XNYS,CS,True,usd,0000008947,BBG000F83JZ2,BBG001S9QNK6,2026-08-11T06:10:16.602387266Z
B,Barrick Mining Corporation,stocks,us,XNYS,CS,True,usd,0000756894,BBG000BB07P9,BBG001S5N9P3,2026-08-11T06:10:16.602387346Z
BA,Boeing Company,stocks,us,XNYS,CS,True,usd,0000012927,BBG000BCSST7,BBG001S5P0V3,2026-08-11T06:10:16.602387426Z
BAB,Invesco Taxable Municipal Bond ETF,stocks,us,ARCX,ETF,True,usd,0001378872,BBG000C00736,BBG001STKGB3,2026-08-11T06:10:16.602387637Z
BABA,"Alibaba Group Holding Limited American Depositary Shares, each represents eight Ordinary Shares",stocks,us,XNYS,ADRC,True,usd,0001577552,BBG006G2JVL2,BBG006G2JWB1,2026-08-11T06:10:16.602387867Z
BABC,Corgi BABA 2x Daily ETF,stocks,us,BATS,ETF,True,usd,,BBG02310Q162,BBG02310Q2J6,2026-08-11T06:10:16.602387947Z
BABO,YieldMax BABA Option Income Strategy ETF,stocks,us,ARCX,ETS,True,usd,,BBG01P50CN21,BBG01P50CNX7,2026-08-11T06:10:16.602388027Z
BABU,Direxion Daily BABA Bull 2X ETF,stocks,us,XNAS,ETF,True,usd,,BBG01ZT4CMW4,BBG01ZT4CNT6,2026-08-11T06:10:16.602388097Z
BABW,Roundhill BABA WeeklyPay ETF,stocks,us,BATS,ETF,True,usd,,BBG01Y2G3556,BBG01Y2G3690,2026-08-11T06:10:16.602388178Z
BABX,GraniteShares ETF Trust GraniteShares 2x Long BABA Daily ETF,stocks,us,XNAS,ETF,True,usd,0001689873,BBG01BWDFNB1,BBG01BWDFP53,2026-08-11T06:10:16.602388258Z
BAC,Bank of America Corporation,stocks,us,XNYS,CS,True,usd,0000070858,BBG000BCTLF6,BBG001S5P0Y0,2026-08-11T06:10:16.602388338Z
BACC,Blue Acquisition Corp. Class A Ordinary Shares,stocks,us,XNAS,CS,True,usd,0002059654,,,2026-08-11T06:10:16.602388418Z
BACCR,Blue Acquisition Corp. Right,stocks,us,XNAS,RIGHT,True,usd,0002059654,,,2026-08-11T06:10:16.602388659Z
BACCU,Blue Acquisition Corp. Unit,stocks,us,XNAS,UNIT,True,usd,0002059654,,,2026-08-11T06:10:16.602388739Z
BACpB,"Bank of America Corporation Depositary Shares, each representing a 1/1,000th interest in a share of 6.000% Non-Cumulative Preferred Stock, Series GG",stocks,us,XNYS,PFD,True,usd,0000070858,,,2026-08-11T06:10:16.602388849Z
BACpE,"Bank of America Corporation Depositary Shares (representing 1/1,000th of a share of Floating Rate Non-Cumalative Preferred Stock, Series E)",stocks,us,XNYS,PFD,True,usd,0000070858,,,2026-08-11T06:10:16.602388929Z
BACpK,"Bank of America Corporation Depositary Shares, each representing a 1/1,000th interest in a share of 5.875% Non- Cumulative Preferred Stock, Series HH",stocks,us,XNYS,PFD,True,usd,0000070858,,,2026-08-11T06:10:16.602389009Z
BACpL,"Bank Of America Corporation 7.25% Non-Cumulative Perpetual Convertible Preferred Stock, Series L",stocks,us,XNYS,PFD,True,usd,0000070858,,,2026-08-11T06:10:16.602389089Z
BACpM,"Bank of America Corporation Depositary Shares, each representing a 1/1,000th interest in a share of 5.375% Non-Cumulative Preferred Stock, Series KK",stocks,us,XNYS,PFD,True,usd,0000070858,,,2026-08-11T06:10:16.602389159Z
BACpN,"Bank of America Corporation Depositary shares, each representing 1/1,000th interest in a share of 5.000% Non-Cumulative Preferred Stock, Series LL",stocks,us,XNYS,PFD,True,usd,0000070858,,,2026-08-11T06:10:16.60238924Z
BACpO,"Bank of America Corporation Depositary shares, each representing 1/1,000th interest in a share of 4.375% Non-Cumulative Preferred Stock, Series NN",stocks,us,XNYS,PFD,True,usd,0000070858,,,2026-08-11T06:10:16.60238933Z
BACpP,"Bank of America Corporation Depositary Shares, each representing a 1/1,000th interest in a share of 4.125% Non- Cumulative Preferred Stock, Series PP",stocks,us,XNYS,PFD,True,usd,0000070858,,,2026-08-11T06:10:16.60238953Z
BACpQ,"Bank of America Corporation Depositary shares, each representing 1/1,000th interest in a share of 4.250% Non-Cumulative Preferred Stock, Series QQ",stocks,us,XNYS,PFD,True,usd,0000070858,,,2026-08-11T06:10:16.60238962Z
BACpS,"Bank of America Corporation Depositary shares, each representing 1/1,000th interest in a share of 4.750% Non-Cumulative Preferred Stock, Series SS",stocks,us,XNYS,PFD,True,usd,0000070858,,,2026-08-11T06:10:16.602389721Z
BAER,"Bridger Aerospace Group Holdings, Inc. Common Stock",stocks,us,XNAS,CS,True,usd,0001941536,BBG019M64MD4,BBG019M64MF2,2026-08-11T06:10:16.602389801Z
BAERW,"Bridger Aerospace Group Holdings, Inc. Warrant",stocks,us,XNAS,WARRANT,True,usd,0001941536,BBG01BBJSP77,,2026-08-11T06:10:16.602389881Z
BAFE,Brown Advisory Flexible Equity ETF,stocks,us,XNAS,ETF,True,usd,0001593547,BBG01QVCT4K8,BBG01QVCTTJ5,2026-08-11T06:10:16.602390101Z
BAFN,BayFirst Financial Corp. Common Stock,stocks,us,XNAS,CS,True,usd,0001649739,BBG000QK3NY5,BBG001SN12G3,2026-08-11T06:10:16.602390181Z
BAGX,EA Bridgeway Aggressive Investors ETF,stocks,us,BATS,ETF,True,usd,,BBG023X5BX99,BBG023X5BZC0,2026-08-11T06:10:16.602390322Z
BAGY,Amplify Bitcoin Max Income Covered Call ETF,stocks,us,BATS,ETF,True,usd,0001633061,BBG01THF8MT5,BBG01THF8NP7,2026-08-11T06:10:16.602390402Z
BAH,Booz Allen Hamilton Holding Corporation,stocks,us,XNYS,CS,True,usd,0001443646,BBG000R2YFG7,BBG001T91S76,2026-08-11T06:10:16.602390482Z
BAI,iShares A.I. Innovation and Tech Active ETF,stocks,us,ARCX,ETF,True,usd,0001761055,BBG01Q9L3CL2,BBG01Q9L3DJ3,2026-08-11T06:10:16.602390562Z
BAIG,Leverage Shares 2X Long BBAI Daily ETF,stocks,us,XNAS,ETF,True,usd,0001976322,BBG01WRVB212,BBG01WRVB2Z5,2026-08-11T06:10:16.602390642Z
BAIV,Brown Advisory International Value Select ETF,stocks,us,XNAS,ETF,True,usd,0001593547,BBG0200SYTB2,BBG0200SYV90,2026-08-11T06:10:16.602390722Z
BAK,Braskem S.A. American Depositary Shares (Each representing Two Class A  Preferred Shares),stocks,us,XNYS,ADRC,True,usd,0001071438,BBG000BDJYK1,BBG001S5XRM5,2026-08-11T06:10:16.602390953Z
BALI,iShares U.S. Large Cap Premium Income Active ETF,stocks,us,BATS,ETF,True,usd,0001761055,BBG01JJ8XLW1,BBG01JJ8XMV0,2026-08-11T06:10:16.602391033Z
BALL,Ball Corporation,stocks,us,XNYS,CS,True,usd,0000009389,BBG000BDDNH5,BBG001S5P7Q4,2026-08-11T06:10:16.602391133Z
BALQ,iShares Nasdaq Premium Income Active ETF,stocks,us,XNAS,ETF,True,usd,0001761055,BBG01YQ5F524,BBG01YQ5F604,2026-08-11T06:10:16.602391213Z
BALT,Innovator Defined Wealth Shield ETF,stocks,us,BATS,ETF,True,usd,0001415726,BBG011MFV0P6,BBG011MFV1P4,2026-08-11T06:10:16.602391294Z
BALY,Bally's Corporation,stocks,us,XNYS,CS,True,usd,0001747079,BBG01QPXB2Q6,BBG01QPXB3P5,2026-08-11T06:10:16.602391374Z
BAM,Brookfield Asset Management Ltd.,stocks,us,XNYS,CS,True,usd,0001937926,BBG01BPHNXZ3,BBG019Z17GF9,2026-08-11T06:10:16.602391454Z
BAMA,Brookstone Active ETF,stocks,us,BATS,ETF,True,usd,,BBG01JG50KL0,BBG01JG50LG4,2026-08-11T06:10:16.602391534Z
BAMB,Brookstone Intermediate Bond ETF,stocks,us,BATS,ETF,True,usd,,BBG01JG4ZQ50,BBG01JG4ZR03,2026-08-11T06:10:16.602391614Z
BAMD,Brookstone Dividend Stock ETF,stocks,us,BATS,ETF,True,usd,,BBG01JG50QK8,BBG01JG50RG1,2026-08-11T06:10:16.602391694Z
BAMG,Brookstone Growth Stock ETF,stocks,us,BATS,ETF,True,usd,,BBG01JG4JRS1,BBG01JG4JSN4,2026-08-11T06:10:16.602391775Z
BAMO,Brookstone Opportunities ETF,stocks,us,BATS,ETF,True,usd,,BBG01JG4H5X5,BBG01JG4H6R0,2026-08-11T06:10:16.602391855Z
BAMU,Brookstone Ultra-Short Bond ETF,stocks,us,BATS,ETF,True,usd,,BBG01JG4D4D4,BBG01JG4D578,2026-08-11T06:10:16.602391935Z
BAMV,Brookstone Value Stock ETF,stocks,us,BATS,ETF,True,usd,,BBG01JG4GBQ1,BBG01JG4GCK5,2026-08-11T06:10:16.602392005Z
BAMY,Brookstone Yield ETF,stocks,us,BATS,ETF,True,usd,,BBG01JG4XT65,BBG01JG4XV33,2026-08-11T06:10:16.602392085Z
BANC,"Banc of California, Inc.",stocks,us,XNYS,CS,True,usd,0001169770,BBG000F7VG25,BBG001SKZX56,2026-08-11T06:10:16.602392165Z
BANCpF,"Banc of California, Inc. Depositary Shares, each representing a 1/40th interest in a share of 7.75% non- cumulative perpetual preferred stock, Series F",stocks,us,XNYS,PFD,True,usd,0001169770,,,2026-08-11T06:10:16.602392366Z
BAND,Bandwidth Inc. Class A Common Stock,stocks,us,XNAS,CS,True,usd,0001514416,BBG001K003W2,BBG001TFDMP2,2026-08-11T06:10:16.602392466Z
BANF,Bancfirst Corp,stocks,us,XNAS,CS,True,usd,0000760498,BBG000BGJJX3,BBG001S75RW1,2026-08-11T06:10:16.602392566Z
BANFP,BancFirst Corporation - BFC Capital Trust II Cumulative Trust Pfd Secs,stocks,us,XNAS,PFD,True,usd,0000760498,,,2026-08-11T06:10:16.602392656Z
BANL,CBL International Limited Class B Ordinary Shares,stocks,us,XNAS,CS,True,usd,0001914805,,,2026-08-11T06:10:16.602392736Z
BANR,Banner Corp.,stocks,us,XNAS,CS,True,usd,0000946673,BBG000MVZH28,BBG001SD3DZ8,2026-08-11T06:10:16.602392817Z
BANX,ArrowMark Financial Corp. Common Stock,stocks,us,XNAS,CS,True,usd,0001578987,BBG004PP4922,BBG004PP4931,2026-08-11T06:10:16.602392897Z
BAOS,Baosheng Media Group Holdings Limited Ordinary shares,stocks,us,XNAS,CS,True,usd,0001811216,,,2026-08-11T06:10:16.602392977Z
BAP,Credicorp LTD,stocks,us,XNYS,CS,True,usd,0001001290,,,2026-08-11T06:10:16.602393067Z
BAPR,Innovator U.S. Equity Buffer ETF - April,stocks,us,BATS,ETF,True,usd,0001482688,BBG00NR9PSK9,BBG00NR9PT90,2026-08-11T06:10:16.602393137Z
BAR,GraniteShares Gold Shares,stocks,us,ARCX,ETV,True,usd,0001690437,BBG00HBPWNN3,BBG00HBPWNP1,2026-08-11T06:10:16.602393217Z
BARK,"BARK, Inc.",stocks,us,XNYS,CS,True,usd,0001819574,BBG00Y9ZTKK0,BBG00Y9ZTKL9,2026-08-11T06:10:16.602393297Z
BASG,Brown Advisory Sustainable Growth ETF,stocks,us,XNAS,ETF,True,usd,0001593547,BBG01V6DRPS0,BBG01V6DRR60,2026-08-11T06:10:16.602393378Z
BASV,Brown Advisory Sustainable Value ETF,stocks,us,XNAS,ETF,True,usd,0001593547,BBG01V5C2JW9,BBG01V5C2KS1,2026-08-11T06:10:16.602393458Z
BATL,Battalion Oil Corporation,stocks,us,XASE,CS,True,usd,0001282648,BBG00R4SMLR4,BBG00R4SR3J8,2026-08-11T06:10:16.602393538Z
BATRA,"Atlanta Braves Holdings, Inc. Series A Common Stock",stocks,us,XNAS,CS,True,usd,0001958140,BBG01HCDRG86,BBG01HCDRG95,2026-08-11T06:10:16.602393618Z
BATRK,"Atlanta Braves Holdings, Inc. Series C Common Stock",stocks,us,XNAS,CS,True,usd,0001958140,BBG01HCX3Y34,BBG01HCX3Z22,2026-08-11T06:10:16.602393808Z
BATT,Amplify Lithium & Battery Technology ETF,stocks,us,ARCX,ETF,True,usd,0001633061,BBG00L322ZG8,BBG00L323065,2026-08-11T06:10:16.602393889Z
BAUG,Innovator U.S. Equity Buffer ETF - August,stocks,us,BATS,ETF,True,usd,0001482688,BBG00PVP2Q68,BBG00PVP2QY7,2026-08-11T06:10:16.602393989Z
BAVA,Bitwise Avalanche ETF,stocks,us,ARCX,ETV,True,usd,0002086017,BBG020QL5TW8,BBG020QL5VY1,2026-08-11T06:10:16.602394059Z
BAX,Baxter International Inc.,stocks,us,XNYS,CS,True,usd,0000010456,BBG000BCVJ77,BBG001S5P1K3,2026-08-11T06:10:16.602394139Z
BAY,Corgi Bay Area Based ETF,stocks,us,BATS,ETF,True,usd,0002078265,BBG0223DGGM4,BBG0223DGJ48,2026-08-11T06:10:16.602394219Z
BApA,"The Boeing Company Depositary Shares, each representing a 1/20th interest in a share of 6.00% Series A Mandatory Convertible Preferred Stock, par value $1.00",stocks,us,XNYS,SP,True,usd,0000012927,,,2026-08-11T06:10:16.602394299Z
BB,BlackBerry Limited,stocks,us,XNYS,CS,True,usd,0001070235,BBG000CR90K4,BBG001S60618,2026-08-11T06:10:16.60239438Z
BBAG,JPMorgan BetaBuilders U.S. Aggregate Bond ETF,stocks,us,BATS,ETF,True,usd,0001485894,BBG00MSHTGF0,BBG00MSHTH59,2026-08-11T06:10:16.60239446Z
BBAI,"BigBear.ai Holdings, Inc.",stocks,us,XNYS,CS,True,usd,0001836981,BBG00Z4HKRV4,BBG00Z4HKRY1,2026-08-11T06:10:16.60239454Z
BBAI.WS,"BigBear.ai Holdings, Inc. Redeemable warrants, each full warrant exercisable for one share of common stock at an exercise price of $11.50 per share",stocks,us,XNYS,WARRANT,True,usd,0001836981,BBG00ZVNPL58,,2026-08-11T06:10:16.60239463Z
BBAR,Banco BBVA Argentina S.A.,stocks,us,XNYS,ADRC,True,usd,0000913059,BBG000BLLR07,BBG001S62B15,2026-08-11T06:10:16.60239473Z
BBAX,JPMorgan BetaBuilders Developed Asia Pacific-ex Japan ETF,stocks,us,BATS,ETF,True,usd,0001485894,BBG00LN4D2G3,BBG00LN4D399,2026-08-11T06:10:16.60239481Z
BBB,CYBER HORNET Trust CYBER HORNET S&P 500 and Bitcoin 75/25 Strategy ETF75/25 Strategy ETF,stocks,us,XNAS,ETF,True,usd,,BBG01KS90D05,BBG01KS90DV1,2026-08-11T06:10:16.602394891Z
BBBI,BondBloxx BBB Rated 5-10 Year Corporate Bond ETF,stocks,us,ARCX,ETF,True,usd,,BBG01L55SHT6,BBG01L55SJN8,2026-08-11T06:10:16.602394971Z
BBBL,BondBloxx BBB Rated 10+ Year Corporate Bond ETF,stocks,us,ARCX,ETF,True,usd,,BBG01L53QR02,BBG01L53QRV8,2026-08-11T06:10:16.602395051Z
BBBS,BondBloxx BBB Rated 1-5 Year Corporate Bond ETF,stocks,us,ARCX,ETF,True,usd,,BBG01L53Z9K0,BBG01L53ZBF1,2026-08-11T06:10:16.602395131Z
BBBY,"Bed Bath & Beyond, Inc.",stocks,us,XNYS,CS,True,usd,0001130713,BBG000BF7BV7,BBG001S64TS5,2026-08-11T06:10:16.602395462Z
BBBY.WS,"Bed Bath & Beyond, Inc. Warrants to Purchase Common Stock",stocks,us,XNYS,WARRANT,True,usd,0001130713,BBG01XHHMYF5,,2026-08-11T06:10:16.602395542Z
BBC,Virtus Biotech Clinical Trials ETF,stocks,us,ARCX,ETF,True,usd,0001559109,BBG007QVCGG1,BBG007QVCGH0,2026-08-11T06:10:16.602395652Z
BBCA,JPMorgan BetaBuilders Canada ETF,stocks,us,BATS,ETF,True,usd,0001485894,BBG00LN4CVW2,BBG00LN4CWM1,2026-08-11T06:10:16.602395732Z
BBCB,JPMorgan BetaBuilders USD Investment Grade Corporate Bond ETF,stocks,us,BATS,ETF,True,usd,0001485894,BBG00MSHT6G1,BBG00MSHT760,2026-08-11T06:10:16.602395812Z
BBCP,"Concrete Pumping Holdings, Inc. Common Stock",stocks,us,XNAS,CS,True,usd,0001703956,BBG00M8BB0W0,BBG00M8BB1P6,2026-08-11T06:10:16.602395892Z
BBCQ,Bleichroeder Acquisition Corp. II Class A Ordinary Shares,stocks,us,XNAS,CS,True,usd,0002088295,,,2026-08-11T06:10:16.602395973Z
BBCQU,Bleichroeder Acquisition Corp. II Units,stocks,us,XNAS,UNIT,True,usd,0002088295,,,2026-08-11T06:10:16.602396053Z
BBCQW,Bleichroeder Acquisition Corp. II Warrants,stocks,us,XNAS,WARRANT,True,usd,0002088295,,,2026-08-11T06:10:16.602396133Z
BBD,Banco Bradesco S.A. American Depositary Shares (Each representing one Preferred Shares),stocks,us,XNYS,ADRC,True,usd,0001160330,BBG000BS6WW3,BBG001SF7657,2026-08-11T06:10:16.602396203Z
BBDC,"Barings BDC, Inc.",stocks,us,XNYS,CS,True,usd,0001379785,BBG000F54FK1,BBG001S9DQ05,2026-08-11T06:10:16.602396283Z
BBDO,"Banco Bradesco S.A. American Depositary Shares (Each representing one  Common Share, no par value)",stocks,us,XNYS,ADRC,True,usd,0001160330,BBG002QK59T6,BBG002QK5CB8,2026-08-11T06:10:16.602396373Z
BBEM,JPMorgan BetaBuilders Emerging Markets Equity ETF,stocks,us,BATS,ETF,True,usd,0001485894,BBG01FY5GRT8,BBG01FY5GSN2,2026-08-11T06:10:16.602396454Z
BBEU,JPMorgan BetaBuilders Europe ETF,stocks,us,BATS,ETF,True,usd,0001485894,BBG00L52KWW5,BBG00L52KXM4,2026-08-11T06:10:16.602396534Z
BBGI,Beasley Broadcasting Group Inc,stocks,us,XNAS,CS,True,usd,0001099160,BBG000CB07H7,BBG001SDTSJ5,2026-08-11T06:10:16.602396604Z
BBH,VanEck Biotech ETF,stocks,us,XNAS,ETF,True,usd,0001137360,BBG000C1FW33,BBG002DP3D21,2026-08-11T06:10:16.602396684Z
BBHL,BBH SELECT LARGE CAP ETF,stocks,us,ARCX,ETF,True,usd,,BBG01YKJJNP2,BBG01YKJJPM0,2026-08-11T06:10:16.602396914Z
BBHM,BBH SELECT MID CAP ETF,stocks,us,ARCX,ETF,True,usd,,BBG01YKJB490,BBG01YKJB5M2,2026-08-11T06:10:16.602397105Z
BBHY,JPMorgan BetaBuilders USD High Yield Corporate Bond ETF,stocks,us,BATS,ETF,True,usd,0001485894,BBG00DRLJ353,BBG00DRLJ399,2026-08-11T06:10:16.602397295Z
BBIB,JPMorgan BetaBuilders U.S. Treasury Bond 3-10 Year ETF,stocks,us,BATS,ETF,True,usd,0001485894,BBG01G1SB1M1,BBG01G26DD59,2026-08-11T06:10:16.602397486Z
BBIN,JPMorgan BetaBuilders International Equity ETF,stocks,us,BATS,ETF,True,usd,0001485894,BBG00QRCN8M9,BBG00QRCN9C8,2026-08-11T06:10:16.602397666Z
BBIO,"BridgeBio Pharma, Inc. Common Stock",stocks,us,XNAS,CS,True,usd,0001743881,BBG00P9KDZK6,BBG00P9KDZL5,2026-08-11T06:10:16.602397746Z
BBJP,JPMorgan BetaBuilders Japan ETF,stocks,us,BATS,ETF,True,usd,0001485894,BBG00L52MGS3,BBG00L52MHJ1,2026-08-11T06:10:16.602397866Z
BBLB,JPMorgan BetaBuilders U.S. Treasury Bond 20+ Year ETF,stocks,us,BATS,ETF,True,usd,0001485894,BBG01G1S4Q99,BBG01G1S4R42,2026-08-11T06:10:16.602397946Z
BBLG,Bone Biologics Corp Common Stock,stocks,us,XNAS,CS,True,usd,0001419554,BBG007GF2K51,BBG007GF2K79,2026-08-11T06:10:16.602398027Z
BBLGW,Bone Biologics Corp Warrants,stocks,us,XNAS,WARRANT,True,usd,0001419554,BBG012Y6Z4L3,,2026-08-11T06:10:16.602398107Z
BBLU,EA Bridgeway Blue Chip ETF,stocks,us,ARCX,ETF,True,usd,,BBG01B089DY1,BBG01B089FS3,2026-08-11T06:10:16.602398187Z
BBMC,JPMorgan BetaBuilders U.S. Mid Cap Equity ETF,stocks,us,BATS,ETF,True,usd,0001485894,BBG00S7NJMQ3,BBG00S7NJNG2,2026-08-11T06:10:16.602398267Z
BBN,BlackRock Taxable Municipal Bond Trust,stocks,us,XNYS,FUND,True,usd,0001493683,BBG000BGFM15,BBG001T9DW47,2026-08-11T06:10:16.602398347Z
BBNX,"Beta Bionics, Inc. Common Stock",stocks,us,XNAS,CS,True,usd,0001674632,BBG00JNGG9Q2,BBG00JNGG9R1,2026-08-11T06:10:16.602398427Z
BBOT,"BridgeBio Oncology Therapeutics, Inc. Common Stock",stocks,us,XNAS,CS,True,usd,0001869105,BBG01L3GYF02,BBG01L3GYF11,2026-08-11T06:10:16.602398507Z
BBP,Virtus Biotech ETF,stocks,us,ARCX,ETF,True,usd,0001559109,BBG007QVCC25,BBG007QVCC34,2026-08-11T06:10:16.602398588Z
BBRE,JPMorgan BetaBuilders MSCI U.S. REIT ETF,stocks,us,BATS,ETF,True,usd,0001485894,BBG00L53HBD4,BBG00L53HC42,2026-08-11T06:10:16.602398818Z
BBSB,JPMorgan BetaBuilders U.S. Treasury Bond 1-3 Year ETF,stocks,us,BATS,ETF,True,usd,0001485894,BBG01G1S8XD5,BBG01G1S8Y70,2026-08-11T06:10:16.602398898Z
BBSC,JPMorgan BetaBuilders U.S. Small Cap Equity ETF,stocks,us,BATS,ETF,True,usd,0001485894,BBG00X0VP3B2,BBG00X0VP439,2026-08-11T06:10:16.602399008Z
BBSI,Barrett Business Services,stocks,us,XNAS,CS,True,usd,0000902791,BBG000BHJSC4,BBG001S7CX50,2026-08-11T06:10:16.602399089Z
BBT,Beacon Financial Corporation,stocks,us,XNYS,CS,True,usd,0001108134,BBG000BB00D7,BBG001S5PSK4,2026-08-11T06:10:16.602399169Z
BBUC,Brookfield Business Corporation Class A Subordinate Voting Shares,stocks,us,XNYS,CS,True,usd,0001654795,BBG0211B3568,BBG0211B2RT6,2026-08-11T06:10:16.602399249Z
BBUL,GraniteShares 2x Long BB Daily ETF,stocks,us,XNAS,ETF,True,usd,,BBG023DF9LQ9,BBG023DF9MR6,2026-08-11T06:10:16.602399319Z
BBUS,JPMorgan BetaBuilders U.S. Equity ETF,stocks,us,BATS,ETF,True,usd,0001485894,BBG00NKWFB96,BBG00NKWFC12,2026-08-11T06:10:16.602399399Z
BBVA,"Banco Bilbao Vizcaya Argentaria, S.A.",stocks,us,XNYS,ADRC,True,usd,0000842180,BBG000BXD232,BBG001S5XP76,2026-08-11T06:10:16.602399479Z
BBW,"Build-A-Bear Workshop, Inc.",stocks,us,XNYS,CS,True,usd,0001113809,BBG000H8XPS1,BBG001SMC9T4,2026-08-11T06:10:16.60239958Z
BBWI,"Bath & Body Works, Inc.",stocks,us,XNYS,CS,True,usd,0000701985,BBG000BNGTQ7,BBG001S5SWL1,2026-08-11T06:10:16.60239966Z
BBY,"Best Buy Company, Inc.",stocks,us,XNYS,CS,True,usd,0000764478,BBG000BCWCG1,BBG001S5P285,2026-08-11T06:10:16.60239974Z
BBYY,GraniteShares YieldBOOST BABA ETF,stocks,us,XNAS,ETF,True,usd,0001689873,BBG01XWN5QV3,BBG01XWN5S85,2026-08-11T06:10:16.60239982Z
BC,Brunswick Corporation,stocks,us,XNYS,CS,True,usd,0000014930,BBG000BCWSS3,BBG001S5P294,2026-08-11T06:10:16.6023999Z
BCAB,"BioAtla, Inc. Common Stock",stocks,us,XNAS,CS,True,usd,0001826892,BBG00Y6GBT61,BBG00Y6GBV39,2026-08-11T06:10:16.60239998Z
BCAL,California BanCorp Common Stock,stocks,us,XNAS,CS,True,usd,0001795815,BBG000QJ8KD2,BBG001SMZ5M4,2026-08-11T06:10:16.602400531Z
BCAR,D. Boral ARC Acquisition I Corp. Class A Ordinary Shares,stocks,us,XNAS,CS,True,usd,0002065779,,,2026-08-11T06:10:16.602400612Z
BCARU,D. Boral ARC Acquisition I Corp. Units,stocks,us,XNAS,UNIT,True,usd,0002065779,,,2026-08-11T06:10:16.602400712Z
BCARW,D. Boral ARC Acquisition I Corp. Warrant,stocks,us,XNAS,WARRANT,True,usd,0002065779,,,2026-08-11T06:10:16.602400792Z
BCAT,BlackRock Capital Allocation Term Trust,stocks,us,XNYS,FUND,True,usd,0001809541,BBG00WRC2FN2,BBG00WRC2HF7,2026-08-11T06:10:16.602400862Z
BCAX,Bicara Therapeutics Inc. Common Stock,stocks,us,XNAS,CS,True,usd,0002023658,BBG00Z15DGK7,BBG00Z15DGL6,2026-08-11T06:10:16.602400942Z
BCBP,BCB Bancorp Inc (NJ),stocks,us,XNAS,CS,True,usd,0001228454,BBG000M7H7J5,BBG001SK9NQ4,2026-08-11T06:10:16.602401022Z
BCC,Boise Cascade Company,stocks,us,XNYS,CS,True,usd,0001328581,BBG000RQKCR4,BBG001SZX397,2026-08-11T06:10:16.602401102Z
BCCC,Global X Bitcoin Covered Call ETF,stocks,us,BATS,ETF,True,usd,,BBG01VCHMVT5,BBG01VCHMWZ6,2026-08-11T06:10:16.602401183Z
BCCQ,Bleichroeder Acquisition Corp. III Class A Ordinary Shares,stocks,us,XNAS,CS,True,usd,0002128045,,,2026-08-11T06:10:16.602401323Z
BCCQU,Bleichroeder Acquisition Corp. III Units,stocks,us,XNAS,UNIT,True,usd,0002128045,,,2026-08-11T06:10:16.602401423Z
BCCQW,Bleichroeder Acquisition Corp. III Warrant,stocks,us,XNAS,WARRANT,True,usd,0002128045,,,2026-08-11T06:10:16.602401503Z
BCD,abrdn Bloomberg All Commodity Longer Dated Strategy K-1 Free ETF,stocks,us,ARCX,ETF,True,usd,,BBG00G9CGWP3,BBG00G9CGXD4,2026-08-11T06:10:16.602401583Z
BCDA,"BioCardia, Inc. Common Stock",stocks,us,XNAS,CS,True,usd,0000925741,BBG000BTJTF3,BBG001S72MS0,2026-08-11T06:10:16.602401654Z
BCDF,Horizon Kinetics Blockchain Development ETF,stocks,us,ARCX,ETF,True,usd,0001683471,BBG0191G6DC4,BBG0191G6FC9,2026-08-11T06:10:16.602401734Z
BCE,"BCE, Inc.",stocks,us,XNYS,CS,True,usd,0000718940,BBG000BCXNS3,BBG001S5P2C0,2026-08-11T06:10:16.602401824Z
BCEM,Baron Emerging Markets Select ETF,stocks,us,XNYS,ETF,True,usd,,BBG021GR7Q21,BBG021GR7R01,2026-08-11T06:10:16.602402345Z
BCFN,Baron Financials ETF,stocks,us,XNAS,ETF,True,usd,,BBG01YZBRJJ0,BBG01YZBRKL4,2026-08-11T06:10:16.602402435Z
BCG,"Binah Capital Group, Inc. Common Stock",stocks,us,XNAS,CS,True,usd,0001953984,BBG01G023166,BBG01G023175,2026-08-11T06:10:16.602402555Z
BCGD,Baron Global Durable Advantage ETF,stocks,us,XNYS,ETF,True,usd,,BBG01YZ8SQV6,BBG01YZ8SRS8,2026-08-11T06:10:16.602402635Z
BCGS,Bancreek Global Select ETF,stocks,us,ARCX,ETF,True,usd,0001547950,BBG020QTNDL8,BBG020QTNG77,2026-08-11T06:10:16.602402706Z
BCGWW,"Binah Capital Group, Inc. Warrants",stocks,us,XNAS,WARRANT,True,usd,0001953984,BBG01GY518Z7,,2026-08-11T06:10:16.602402786Z
BCH,Banco de ChileAmerican Depositary Shares (Each representing 200 shares of Common Stock),stocks,us,XNYS,ADRC,True,usd,0001161125,BBG000D5HVG9,BBG001SF8LP1,2026-08-11T06:10:16.602402866Z
BCHI,GMO Beyond China ETF,stocks,us,ARCX,ETF,True,usd,,BBG01S548VL3,BBG01S548WG7,2026-08-11T06:10:16.602402946Z
BCHP,Principal Focused Blue Chip ETF,stocks,us,BATS,ETF,True,usd,0001572661,BBG01H8T1L01,BBG01H8T1LV7,2026-08-11T06:10:16.602403026Z
BCHT,Birchtech Corp.,stocks,us,XASE,CS,True,usd,0000728385,BBG000BCBZX4,BBG001S6FPP4,2026-08-11T06:10:16.602403096Z
BCI,abrdn Bloomberg All Commodity Strategy K-1 Free ETF,stocks,us,ARCX,ETF,True,usd,,BBG00G9CFD03,BBG00G9CFDS3,2026-08-11T06:10:16.602403176Z
BCIC,BCP Investment Corporation Common Stock,stocks,us,XNAS,CS,True,usd,0001372807,BBG000BMSWV3,BBG001SDR8W6,2026-08-11T06:10:16.602403257Z
BCIL,Bancreek International Large Cap ETF,stocks,us,ARCX,ETF,True,usd,0001547950,BBG01LYFDH45,BBG01LYFDHZ1,2026-08-11T06:10:16.602403337Z
BCKT,LifeX 2030 Income Bucket ETF,stocks,us,BATS,ETF,True,usd,,BBG01XHJ4B25,BBG01XHJ4BZ9,2026-08-11T06:10:16.602403407Z
BCLO,iShares BBB-B CLO Active ETF,stocks,us,XNAS,ETF,True,usd,0001804196,BBG01RZP7ZG3,BBG01RZP80D2,2026-08-11T06:10:16.602403487Z
BCML,BayCom Corp Common Stock,stocks,us,XNAS,CS,True,usd,0001730984,BBG00FWKRBS2,BBG00FWKRCJ0,2026-08-11T06:10:16.602403567Z
BCO,The Brink's Company,stocks,us,XNYS,CS,True,usd,0000078890,BBG000DR5QP5,BBG001S8PZK2,2026-08-11T06:10:16.602403778Z
BCOR,Grayscale Bitcoin Adopters ETF,stocks,us,ARCX,ETF,True,usd,0001068875,BBG01TQ373F0,BBG01TQ37495,2026-08-11T06:10:16.602403858Z
BCPC,Balchem Corporation,stocks,us,XNAS,CS,True,usd,0000009326,BBG000BCY878,BBG001S5P2R4,2026-08-11T06:10:16.602403978Z
BCPL,BNY Mellon Core Plus ETF,stocks,us,ARCX,ETF,True,usd,,BBG01Z33V9Z9,BBG01Z33VBY5,2026-08-11T06:10:16.602404058Z
BCRX,BioCryst Pharmaceuticals Inc,stocks,us,XNAS,CS,True,usd,0000882796,BBG000BLYWX6,BBG001S7K151,2026-08-11T06:10:16.602404138Z
BCS,Barclays PLC,stocks,us,XNYS,ADRC,True,usd,0000312069,BBG000BCZ341,BBG001S5P2T2,2026-08-11T06:10:16.602404218Z
BCSF,"Bain Capital Specialty Finance, Inc.",stocks,us,XNYS,CS,True,usd,0001655050,BBG00JDV0M15,BBG00JDV0M33,2026-08-11T06:10:16.602404299Z
BCSM,Baron SMID Cap ETF,stocks,us,XNYS,ETF,True,usd,,BBG01YZBGDS5,BBG01YZBGFR1,2026-08-11T06:10:16.602404379Z
BCSS,Bain Capital GSS Investment Corp.,stocks,us,XNYS,CS,True,usd,0002064355,,,2026-08-11T06:10:16.602404459Z
BCSS.U,"Bain Capital GSS Investment Corp. Units, each consisting of one Class A Ordinary Share and one-fifth of one redeemable warrant",stocks,us,XNYS,UNIT,True,usd,0002064355,,,2026-08-11T06:10:16.602404529Z
BCSS.WS,"Bain Capital GSS Investment Corp. Redeemable warrants, each whole warrant exercisable for one Class A ordinary share at an exercise price of $11.50",stocks,us,XNYS,WARRANT,True,usd,0002064355,,,2026-08-11T06:10:16.602404609Z
BCTK,Baron Technology ETF,stocks,us,XNAS,ETF,True,usd,,BBG01YZB6ZB5,BBG01YZB7076,2026-08-11T06:10:16.602404689Z
BCTX,Briacell Therapeutics Corp. Common Shares,stocks,us,XNAS,CS,True,usd,0001610820,BBG0018783B6,BBG001SMHR46,2026-08-11T06:10:16.60240477Z
BCTXL,BriaCell Therapeutics Corp. Warrant expiring 2031,stocks,us,XNAS,WARRANT,True,usd,0001610820,BBG01ZJ84K31,,2026-08-11T06:10:16.60240485Z
BCTXZ,BriaCell Therapeutics Corp. Warrant,stocks,us,XNAS,WARRANT,True,usd,0001610820,BBG01TNZDL47,,2026-08-11T06:10:16.60240493Z
BCUS,Bancreek U.S. Large Cap ETF,stocks,us,ARCX,ETF,True,usd,0001547950,BBG01KM4QLW1,BBG01KM4QMR5,2026-08-11T06:10:16.60240501Z
BCV,Bancroft Fund Ltd.,stocks,us,XASE,FUND,True,usd,0000009521,BBG000BB76H3,BBG001S5P2V9,2026-08-11T06:10:16.60240521Z
BCVpA,Bancroft Fund Ltd 5.375% Series A Cumulative Preferred Shares,stocks,us,XASE,PFD,True,usd,0000009521,,,2026-08-11T06:10:16.602405381Z
BCX,BLACKROCK RESOURCES & COMMODITIES STRATEGY TRUST,stocks,us,XNYS,FUND,True,usd,0001506289,BBG0019VQB06,BBG001TG5XN7,2026-08-11T06:10:16.602405561Z
BCYC,Bicycle Therapeutics plc American Depositary Shares,stocks,us,XNAS,ADRC,True,usd,0001761612,BBG00P0YWPK6,BBG00P0YWQ97,2026-08-11T06:10:16.602405741Z
BCpC,Brunswick Corporation 6.375% Notes due 2049,stocks,us,XNYS,SP,True,usd,0000014930,,,2026-08-11T06:10:16.602405922Z
BD,Russell Investments Core Plus Bond ETF,stocks,us,ARCX,ETF,True,usd,0002042513,BBG022XGF219,BBG022XGF399,2026-08-11T06:10:16.602406002Z
BDBT,Bluemonte Core Bond ETF,stocks,us,ARCX,ETF,True,usd,0001452937,BBG01VD0Y9P1,BBG01VD0YBM9,2026-08-11T06:10:16.602406092Z
BDC,Belden Inc.,stocks,us,XNYS,CS,True,usd,0000913142,BBG000Q4XNV1,BBG001SM6Z59,2026-08-11T06:10:16.602406192Z
BDCI,BTC Development Corp. Class A Ordinary Shares,stocks,us,XNAS,CS,True,usd,0002042292,,,2026-08-11T06:10:16.602406272Z
BDCIU,BTC Development Corp. Unit,stocks,us,XNAS,UNIT,True,usd,0002042292,,,2026-08-11T06:10:16.602406353Z
BDCIW,BTC Development Corp. Warrant,stocks,us,XNAS,WARRANT,True,usd,0002042292,,,2026-08-11T06:10:16.602406433Z
BDCX,"ETRACS Quarterly Pay 1.5x Leveraged MarketVector BDC Liquid Index ETN due June 10, 2050",stocks,us,ARCX,ETN,True,usd,0001114446,BBG00V775ND8,BBG00V775P52,2026-08-11T06:10:16.602406513Z
BDCZ,"ETRACS MarketVector Business Development Companies Liquid Index ETN due April 26, 2041",stocks,us,ARCX,ETN,True,usd,0001114446,BBG00B59K6J4,BBG00B59K6H6,2026-08-11T06:10:16.602406583Z
BDEC,Innovator U.S. Equity Buffer ETF - December,stocks,us,BATS,ETF,True,usd,0001415726,BBG00QYNBZ22,BBG00QYNBZV0,2026-08-11T06:10:16.602406663Z
BDGS,Bridges Capital Tactical ETF,stocks,us,XNAS,ETF,True,usd,,BBG01GKHKY33,BBG01GKHKYY9,2026-08-11T06:10:16.602406743Z
BDIV,AAM Brentview Dividend Growth ETF,stocks,us,ARCX,ETF,True,usd,0001539639,BBG01P17DWD7,BBG01P17DXJ9,2026-08-11T06:10:16.602406824Z
BDJ,BlackRock Enhanced Equity Dividend Trust,stocks,us,XNYS,FUND,True,usd,0001332283,BBG000BZQ7P8,BBG001SK5462,2026-08-11T06:10:16.602406904Z
BDL,Flanigan's Enterprises Inc,stocks,us,XASE,CS,True,usd,0000012040,BBG000BCZHJ4,BBG001S5P347,2026-08-11T06:10:16.602407094Z
BDMD,Baird Medical Investment Holdings Ltd Ordinary Share,stocks,us,XNAS,CS,True,usd,0001982444,,,2026-08-11T06:10:16.602407174Z
BDMDW,Baird Medical Investment Holdings Ltd Warrant,stocks,us,XNAS,WARRANT,True,usd,0001982444,,,2026-08-11T06:10:16.602407274Z
BDN,Brandywine Realty Trust,stocks,us,XNYS,CS,True,usd,0000790816,BBG000CL6RJ3,BBG001S6YGF4,2026-08-11T06:10:16.602407355Z
BDRX,Biodexa Pharmaceuticals plc American Depositary Shs,stocks,us,XNAS,ADRC,True,usd,0001643918,BBG00BLVW2R4,BBG00BLVW3G4,2026-08-11T06:10:16.602407435Z
BDRY,Breakwave Dry Bulk Shipping ETF,stocks,us,ARCX,ETV,True,usd,0001610940,BBG00KDXJCX5,BBG00KDXJDM5,2026-08-11T06:10:16.602407515Z
BDSX,"Biodesix, Inc. Common Stock",stocks,us,XNAS,CS,True,usd,0001439725,BBG001J2LMV6,BBG001V0G914,2026-08-11T06:10:16.602407595Z
BDTX,"Black Diamond Therapeutics, Inc. Common Stock",stocks,us,XNAS,CS,True,usd,0001701541,BBG00MS4Y0W9,BBG00MS4Y0X8,2026-08-11T06:10:16.602407675Z
BDVG,IMGP Berkshire Dividend Growth ETF,stocks,us,ARCX,ETF,True,usd,0001020425,BBG01H8T9X70,BBG01H8T9Y50,2026-08-11T06:10:16.602407755Z
BDVL,iShares Disciplined Volatility Equity Active ETF,stocks,us,XNAS,ETF,True,usd,0001761055,BBG01X70V6B8,BBG01X70V7D4,2026-08-11T06:10:16.602407835Z
BDX,"Becton, Dickinson and Co.",stocks,us,XNYS,CS,True,usd,0000010795,BBG000BCZYD3,BBG001S5P374,2026-08-11T06:10:16.602408206Z
BDYN,iShares Dynamic Equity Active ETF,stocks,us,XNAS,ETF,True,usd,0001761055,BBG01X70TSM1,BBG01X70TTQ5,2026-08-11T06:10:16.602408276Z
BE,Bloom Energy Corporation,stocks,us,XNYS,CS,True,usd,0001664703,BBG000N7KBZ3,BBG001T53509,2026-08-11T06:10:16.602408356Z
BEAG,Bold Eagle Acquisition Corp. Class A Ordinary Shares,stocks,us,XNAS,CS,True,usd,0001852207,,,2026-08-11T06:10:16.602408437Z
BEAGR,Bold Eagle Acquisition Corp. Right,stocks,us,XNAS,RIGHT,True,usd,0001852207,,,2026-08-11T06:10:16.602408517Z
BEAGU,Bold Eagle Acquisition Corp. Units,stocks,us,XNAS,UNIT,True,usd,0001852207,,,2026-08-11T06:10:16.602408597Z
BEAM,Beam Therapeutics Inc. Common Stock,stocks,us,XNAS,CS,True,usd,0001745999,BBG00KXC8646,BBG00KXC8655,2026-08-11T06:10:16.602408807Z
BEAT,"Heartbeam, Inc. Common Stock",stocks,us,XNAS,CS,True,usd,0001779372,BBG012F6HZX2,BBG012F6HZY1,2026-08-11T06:10:16.602408887Z
BEATW,"Heartbeam, Inc. Warrant",stocks,us,XNAS,WARRANT,True,usd,0001779372,BBG012XPRXX4,,2026-08-11T06:10:16.602408988Z
BEBE,TGE Value Creative Solutions Corp,stocks,us,XNYS,CS,True,usd,0002079933,,,2026-08-11T06:10:16.602409068Z
BEBE.U,"TGE Value Creative Solutions Corp Units, each consisting of one Class A ordinary share and one-half of one redeemable warrant",stocks,us,XNYS,UNIT,True,usd,0002079933,,,2026-08-11T06:10:16.602409148Z
BEBE.WS,"TGE Value Creative Solutions Corp Redeemable warrants, each whole warrant exercisable for one Class A ordinary share at an exercise price of $11.50 per share",stocks,us,XNYS,WARRANT,True,usd,0002079933,,,2026-08-11T06:10:16.602409228Z
BEC,Corgi BE 2x Daily ETF,stocks,us,BATS,ETF,True,usd,,BBG0230L5JW2,BBG0230L5KX8,2026-08-11T06:10:16.602409298Z
BEDY,BNY Mellon Enhanced Dividend and Income ETF,stocks,us,XNAS,ETF,True,usd,,BBG01YVLHWF8,BBG01YVLHXC9,2026-08-11T06:10:16.602409378Z
BEDZ,AdvisorShares Hotel ETF,stocks,us,ARCX,ETF,True,usd,0001408970,BBG0106XYDN8,BBG0106XYFH0,2026-08-11T06:10:16.602409459Z
BEEM,Beam Global Common Stock,stocks,us,XNAS,CS,True,usd,0001398805,BBG000BBJG06,BBG001S7JC04,2026-08-11T06:10:16.602409549Z
BEEP,Mobile Infrastructure Corporation Common Stock,stocks,us,XNAS,CS,True,usd,0001847874,BBG0104PDLN2,BBG0104PDMH7,2026-08-11T06:10:16.602409619Z
BEEX,The Beehive ETF,stocks,us,XNAS,ETF,True,usd,0001722388,BBG01R71KKD8,BBG01R71KLC7,2026-08-11T06:10:16.602409699Z
BEEZ,Honeytree U.S. Equity ETF,stocks,us,XNAS,ETF,True,usd,,BBG01K0VKY08,BBG01K0VKYW3,2026-08-11T06:10:16.602409779Z
BEG,Leverage Shares 2x Long BE Daily ETF,stocks,us,XNAS,ETF,True,usd,,BBG01Z1RCPL8,BBG01Z1RCQT8,2026-08-11T06:10:16.602409859Z
BEGS,Rareview 2x Bull Cryptocurrency & Precious Metals ETF,stocks,us,BATS,ETF,True,usd,,BBG01S57TS58,BBG01S57TT47,2026-08-11T06:10:16.60241018Z
BEKE,KE Holdings Inc. American Depositary Shares (each representing three Class A Ordinary Shares),stocks,us,XNYS,ADRC,True,usd,0001809587,BBG00W9L9LX1,BBG00W9L9N03,2026-08-11T06:10:16.60241026Z
BELFA,Bel Fuse Inc,stocks,us,XNAS,CS,True,usd,0000729580,BBG000C28YR9,BBG001S6BRZ3,2026-08-11T06:10:16.602410451Z
BELFB,Bel Fuse Inc,stocks,us,XNAS,CS,True,usd,0000729580,BBG000DYGCS6,BBG001S93K81,2026-08-11T06:10:16.602410631Z
BELT,BlackRock ETF Trust iShares U.S. Select Equity Active ETF,stocks,us,XNAS,ETF,True,usd,0001761055,BBG01NC45LW9,BBG01NC45MS2,2026-08-11T06:10:16.602410711Z
BEMB,iShares J.P. Morgan Broad USD Emerging Markets Bond ETF,stocks,us,BATS,ETF,True,usd,0001100663,BBG01F749Y32,BBG01F749YY8,2026-08-11T06:10:16.602410801Z
BEN,"Franklin Resources, Inc.",stocks,us,XNYS,CS,True,usd,0000038777,BBG000BD0TF8,BBG001S5P3W6,2026-08-11T06:10:16.602410891Z
BENF,Beneficient Class A Common Stock,stocks,us,XNAS,CS,True,usd,0001775734,BBG00KFV0B41,BBG00KFV0B50,2026-08-11T06:10:16.602410961Z
BENFW,Beneficient Warrant,stocks,us,XNAS,WARRANT,True,usd,0001775734,BBG01FVBG8K9,,2026-08-11T06:10:16.602411042Z
BENJ,Horizon Landmark ETF,stocks,us,ARCX,ETF,True,usd,,BBG01RXYQ4R2,BBG01RXYQ6C3,2026-08-11T06:10:16.602411122Z
BEP,Brookfield Renewable Partners L.P.,stocks,us,XNYS,CS,True,usd,0001533232,,,2026-08-11T06:10:16.602411312Z
BEPC,Brookfield Renewable Corporation Class A Exchangeable Subordinate Voting Shares,stocks,us,XNYS,CS,True,usd,0001791863,BBG01RJ2V7B2,BBG01RJ2Q8X2,2026-08-11T06:10:16.602411392Z
BEPH,Brookfield BRP Holdings (Canada) Inc. 4.625% Perpetual Subordinated Notes,stocks,us,XNYS,SP,True,usd,0001533232,,,2026-08-11T06:10:16.602411573Z
BEPI,Brookfield BRP Holdings (Canada) Inc. 4.875% Perpetual Subordinated Notes,stocks,us,XNYS,SP,True,usd,0001533232,,,2026-08-11T06:10:16.602411663Z
BEPJ,Brookfield BRP Holdings (Canada) Inc. 7.250% Perpetual Subordinated Notes,stocks,us,XNYS,SP,True,usd,0001533232,,,2026-08-11T06:10:16.602411743Z
BEPpA,"Brookfield Renewable Partners L.P. 5.25% Class A Preferred Limited Partnership Units, Series 17",stocks,us,XNYS,PFD,True,usd,0001533232,,,2026-08-11T06:10:16.602411823Z
BERZ,MicroSectors FANG & Innovation -3x Inverse Leveraged ETN,stocks,us,ARCX,ETN,True,usd,0000927971,BBG0123138B5,BBG012313969,2026-08-11T06:10:16.602411893Z
BESF,Bastion Energy ETF,stocks,us,BATS,ETF,True,usd,,BBG01V8RP111,BBG01V8RP246,2026-08-11T06:10:16.602411973Z
BESO,GSR Crypto Core3 ETF,stocks,us,XNAS,ETF,True,usd,0001771146,BBG021JZVNP5,BBG021JZVPM3,2026-08-11T06:10:16.602412184Z
BESS,Bimergen Energy Corporation,stocks,us,XASE,CS,True,usd,0001066764,BBG000DWCHR4,BBG001SF9744,2026-08-11T06:10:16.602412264Z
BESS.WS,"Bimergen Energy Corporation Warrants, each share exercisable to purchase one share of Common Stock",stocks,us,XASE,WARRANT,True,usd,0001066764,BBG01Z5R6955,,2026-08-11T06:10:16.602412374Z
BETA,"Beta Technologies, Inc.",stocks,us,XNYS,CS,True,usd,0001784570,BBG000MBSFT5,BBG001SQ9LQ5,2026-08-11T06:10:16.602412454Z
BETE,ProShares Bitcoin & Ether Equal Weight ETF,stocks,us,ARCX,ETF,True,usd,0001174610,BBG01JLGN2B6,BBG01JLGN351,2026-08-11T06:10:16.602412535Z
BETH,ProShares Bitcoin & Ether Market Cap Weight ETF,stocks,us,ARCX,ETF,True,usd,0001174610,BBG01JLGNB44,BBG01JLGNC06,2026-08-11T06:10:16.602412615Z
BETR,Better Home & Finance Holding Company Class A Common Stock,stocks,us,XNAS,CS,True,usd,0001835856,BBG0103VG6N0,BBG0103VG6P8,2026-08-11T06:10:16.602412695Z
BETRW,Better Home & Finance Holding Company Warrant,stocks,us,XNAS,WARRANT,True,usd,0001835856,BBG010B6T055,,2026-08-11T06:10:16.602412775Z
BETZ,Roundhill Sports Betting & iGaming ETF,stocks,us,ARCX,ETF,True,usd,0001776878,BBG00V7866V2,BBG00V7867P7,2026-08-11T06:10:16.602412845Z
BEX,Tradr 2X Long BE Daily ETF,stocks,us,BATS,ETF,True,usd,,BBG01YH4H0Q0,BBG01YH4H1N1,2026-08-11T06:10:16.602412925Z
BEZ,Tradr 2X Short BE Daily ETF,stocks,us,BATS,ETF,True,usd,,BBG0203BCST3,BBG0203BCTQ4,2026-08-11T06:10:16.602413005Z
BF.A,Brown-Forman Corporation Class A,stocks,us,XNYS,CS,True,usd,0000014693,BBG000BD2C18,BBG001S5P4G2,2026-08-11T06:10:16.602413086Z
BF.B,Brown-Forman Corporation Class B,stocks,us,XNYS,CS,True,usd,0000014693,BBG000BD2NY8,BBG001S5P4H1,2026-08-11T06:10:16.602413166Z
BFAM,BRIGHT HORIZONS FAMILY SOLUTIONS INC.,stocks,us,XNYS,CS,True,usd,0001437578,BBG003LFWP05,BBG003LFWPT4,2026-08-11T06:10:16.602413256Z
BFAP,FT Vest Bitcoin Strategy Floor15 ETF - April,stocks,us,ARCX,ETF,True,usd,0001329377,BBG01T3YN2T6,BBG01T3YN3R6,2026-08-11T06:10:16.602413326Z
BFC,Bank First Corporation Common Stock,stocks,us,XNAS,CS,True,usd,0001746109,BBG000BG27V9,BBG001S79DP6,2026-08-11T06:10:16.602413406Z
BFEB,Innovator U.S. Equity Buffer ETF - February,stocks,us,BATS,ETF,True,usd,0001482688,BBG00RHZ11C7,BBG00RHZ1235,2026-08-11T06:10:16.602413607Z
BFEW,FT Vest Laddered U.S. Equity Equal Weight Buffer ETF,stocks,us,BATS,ETF,True,usd,0001667919,BBG021D0T259,BBG021D0T3F6,2026-08-11T06:10:16.602413687Z
BFH,"Bread Financial Holdings, Inc.",stocks,us,XNYS,CS,True,usd,0001101215,BBG000BFNR17,BBG001S78Z50,2026-08-11T06:10:16.602413787Z
BFHpA,"Bread Financial Holdings, Inc. Depositary Shares, each representing a 1/40th interest in a share of 8.625% Non-Cumulative Perpetual Preferred Stock, Series A",stocks,us,XNYS,PFD,True,usd,0001101215,,,2026-08-11T06:10:16.602413867Z
BFHpB,"Bread Financial Holdings, Inc. Depositary Shares, each representing a 1/40th interest in a share of 8.875% Fixed Rate Reset Non-Cumulative Perpetual Preferred Stock, Series B",stocks,us,XNYS,PFD,True,usd,0001101215,,,2026-08-11T06:10:16.602413947Z
BFIX,Build Bond Innovation ETF,stocks,us,ARCX,ETF,True,usd,,BBG01462WN94,BBG01462WP99,2026-08-11T06:10:16.602414027Z
BFJA,FT Vest Bitcoin Strategy Floor15 ETF - January,stocks,us,ARCX,ETF,True,usd,0001329377,BBG01ZHF28D5,BBG01ZHF29J7,2026-08-11T06:10:16.602414108Z
BFJL,FT Vest Bitcoin Strategy Floor15 ETF - July,stocks,us,ARCX,ETF,True,usd,0001125816,BBG01VRRV3L7,BBG01VRRV4Y1,2026-08-11T06:10:16.602414188Z
BFLB,BufferLABS US Equity Dynamic Buffer ETF,stocks,us,BATS,ETF,True,usd,,BBG01XNY04J7,BBG01XNY0719,2026-08-11T06:10:16.602414258Z
BFLX,iShares Flexible Equity Active ETF,stocks,us,XNAS,ETF,True,usd,0001368620,BBG0225JWQ03,BBG0225JWR56,2026-08-11T06:10:16.602414338Z
BFLY,"Butterfly Network, Inc.",stocks,us,XNYS,CS,True,usd,0001804176,BBG00TN65975,BBG00TN65984,2026-08-11T06:10:16.602414418Z
BFOC,FT Vest Bitcoin Strategy Floor15 ETF - October,stocks,us,ARCX,ETF,True,usd,0001329377,BBG01XK3K898,BBG01XK3K969,2026-08-11T06:10:16.602414498Z
BFOR,Barron's 400 ETF,stocks,us,ARCX,ETF,True,usd,0001414040,BBG004N1S4Q6,BBG004N1S5G4,2026-08-11T06:10:16.602414578Z
BFRG,"Bullfrog AI Holdings, Inc. Common Stock",stocks,us,XNAS,CS,True,usd,0001829247,BBG01BXY7SH6,BBG01BXY7TD8,2026-08-11T06:10:16.602414649Z
BFRGW,"Bullfrog AI Holdings, Inc. Warrants",stocks,us,XNAS,WARRANT,True,usd,0001829247,BBG01CD99CS2,,2026-08-11T06:10:16.602414729Z
BFRI,Biofrontera Inc. Common Stock,stocks,us,XNAS,CS,True,usd,0001858685,BBG00HTD0PX0,BBG00HTD0PY9,2026-08-11T06:10:16.602414819Z
BFRIW,Biofrontera Inc. Warrants,stocks,us,XNAS,WARRANT,True,usd,0001858685,BBG013841CP0,,2026-08-11T06:10:16.602415019Z
BFRZ,Innovator Equity Managed 100 Buffer ETF,stocks,us,ARCX,ETF,True,usd,0001415726,BBG01TW7DK05,BBG01TW7DKV1,2026-08-11T06:10:16.602415099Z
BFS,"Saul Centers, Inc.",stocks,us,XNYS,CS,True,usd,0000907254,BBG000BJ5G95,BBG001S7F7J9,2026-08-11T06:10:16.60241521Z
BFST,"Business First Bancshares, Inc. Common Stock",stocks,us,XNAS,CS,True,usd,0001624322,BBG000TGZHS6,BBG001T056Q8,2026-08-11T06:10:16.60241529Z
BFSpD,"Saul Centers, Inc. Depositary Shares, each representing 1/100th of a share of 6.125% Series D Cumulative Redeemable Preferred Stock",stocks,us,XNYS,PFD,True,usd,0000907254,,,2026-08-11T06:10:16.60241543Z
BFSpE,"Saul Centers, Inc. Depositary Shares, each representing 1/100th of a share of 6.000% Series E Cumulative Redeemable Preferred Stock",stocks,us,XNYS,PFD,True,usd,0000907254,,,2026-08-11T06:10:16.60241551Z
BFXU,FT Vest Laddered U.S. Equity Uncapped Accelerator ETF,stocks,us,BATS,ETF,True,usd,0001667919,BBG021D15L97,BBG021D15N93,2026-08-11T06:10:16.60241559Z
BG,Bunge Global SA,stocks,us,XNYS,CS,True,usd,0001996862,,,2026-08-11T06:10:16.602415961Z
BGB,Blackstone Strategic Credit 2027 Term Fund,stocks,us,XNYS,FUND,True,usd,0001546429,BBG002W5R785,BBG002W5R801,2026-08-11T06:10:16.602416172Z
BGC,"BGC Group, Inc. Class A Common Stock",stocks,us,XNAS,CS,True,usd,0001094831,BBG01H9FTGX5,BBG01H9FTHS9,2026-08-11T06:10:16.602416252Z
BGCG,Baillie Gifford International Concentrated Growth ETF,stocks,us,XNAS,ETF,True,usd,,BBG022LJ7W00,BBG022LJ7X08,2026-08-11T06:10:16.602416452Z
BGDE,"Big Digital Energy, Inc. Common Stock",stocks,us,XNAS,CS,True,usd,0001218683,BBG000R6WR47,BBG001ST7265,2026-08-11T06:10:16.602416532Z
BGDV,Bahl & Gaynor Dividend ETF,stocks,us,ARCX,ETF,True,usd,,BBG01R77QK76,BBG01R77QL56,2026-08-11T06:10:16.602416642Z
BGEG,Baillie Gifford Emerging Markets ETF,stocks,us,XNAS,ETF,True,usd,,BBG022LJ93P5,BBG022LJ94M6,2026-08-11T06:10:16.602416763Z
BGFI,BNY Mellon Global Fixed Income ETF,stocks,us,BATS,ETF,True,usd,,BBG023WFB063,BBG023WFB1C4,2026-08-11T06:10:16.602416833Z
BGGG,Baillie Gifford Long Term Global Growth ETF,stocks,us,XNAS,ETF,True,usd,,BBG022LJ8WN4,BBG022LJ8XL4,2026-08-11T06:10:16.602416913Z
BGH,Barings Global Short Duration High Yield Fund,stocks,us,XNYS,FUND,True,usd,0001521404,BBG0034WH483,BBG0034WH517,2026-08-11T06:10:16.602417123Z
BGI,Birks Group Inc,stocks,us,XASE,CS,True,usd,0001179821,BBG000BCPBN3,BBG001S6PN78,2026-08-11T06:10:16.602417204Z
BGIA,Baillie Gifford International Alpha ETF,stocks,us,XNAS,ETF,True,usd,,BBG022LJ9721,BBG022LJ98N6,2026-08-11T06:10:16.602417294Z
BGIG,Bahl & Gaynor Income Growth ETF,stocks,us,ARCX,ETF,True,usd,0001539639,BBG01J9TNBB2,BBG01J9TNC66,2026-08-11T06:10:16.602417374Z
BGIN,Bgin Blockchain Limited Class A Ordinary Shares,stocks,us,XNAS,CS,True,usd,0001945565,,,2026-08-11T06:10:16.602417454Z
BGL,Blue Gold Limited Class A Ordinary Shares,stocks,us,XNAS,CS,True,usd,0002019435,,,2026-08-11T06:10:16.602417534Z
BGLC,BioNexus Gene Lab Corp Common stock,stocks,us,XNAS,CS,True,usd,0001737523,BBG00N70PLY0,BBG00N70PLZ9,2026-08-11T06:10:16.602417614Z
BGLD,FT Vest Gold Strategy Quarterly Buffer ETF,stocks,us,BATS,ETF,True,usd,0001329377,BBG00YXMR9N6,BBG00YXMRBJ6,2026-08-11T06:10:16.602418005Z
BGLWW,Blue Gold Limited Warrant,stocks,us,XNAS,WARRANT,True,usd,0002019435,,,2026-08-11T06:10:16.602418085Z
BGM,BGM Group Ltd. Class A Ordinary Shares,stocks,us,XNAS,CS,True,usd,0001779578,,,2026-08-11T06:10:16.602418165Z
BGMS,"Bio Green Med Solution, Inc. Common Stock",stocks,us,XNAS,CS,True,usd,0001130166,BBG000CT3XM2,BBG001SGNL18,2026-08-11T06:10:16.602418246Z
BGR,Blackrock Energy and Resources Trust,stocks,us,XNYS,FUND,True,usd,0001306550,BBG000QD1Q85,BBG001SMMW12,2026-08-11T06:10:16.602418326Z
BGRN,iShares Trust iShares USD Green Bond ETF,stocks,us,XNAS,ETF,True,usd,0001100663,BBG00MK1NPJ5,BBG00MK1NQ85,2026-08-11T06:10:16.602418406Z
BGRO,BlackRock ETF Trust iShares Large Cap Growth Active ETF,stocks,us,XNAS,ETF,True,usd,0001761055,BBG01N4ZX8Z4,BBG01N4ZX9W5,2026-08-11T06:10:16.602418486Z
BGS,"B&G Foods, Inc.",stocks,us,XNYS,CS,True,usd,0001278027,BBG000RKXRQ1,BBG001SQD861,2026-08-11T06:10:16.602418566Z
BGSF,"BGSF, Inc.",stocks,us,XNYS,CS,True,usd,0001474903,BBG005DLS9N2,BBG005DLS9P0,2026-08-11T06:10:16.602418646Z
BGSI,Boyd Group Services Inc.,stocks,us,XNYS,CS,True,usd,0002091467,BBG00RFF38P2,BBG001SFTY52,2026-08-11T06:10:16.602419027Z
BGT,BlackRock Floating Rate Income Trust,stocks,us,XNYS,FUND,True,usd,0001287480,BBG000BWND57,BBG001SCPXR1,2026-08-11T06:10:16.602419107Z
BGUS,Baillie Gifford U.S. Equity Growth ETF,stocks,us,XNAS,ETF,True,usd,,BBG023VZL283,BBG023VZL5H6,2026-08-11T06:10:16.602419227Z
BGX,Blackstone Long-Short Credit Income Fund,stocks,us,XNYS,FUND,True,usd,0001504234,BBG001855699,BBG001TCJG67,2026-08-11T06:10:16.602419308Z
BGY,BlackRock Enhanced International Dividend Trust,stocks,us,XNYS,FUND,True,usd,0001393299,BBG000QY41Y2,BBG001SSV2L3,2026-08-11T06:10:16.602419388Z
BH,Biglari Holdings Inc. Class B Common Stock,stocks,us,XNYS,CS,True,usd,0001726173,BBG00JPRDQH1,BBG00JPRDQJ9,2026-08-11T06:10:16.602419468Z
BH.A,Biglari Holdings Inc. Class A Common Stock,stocks,us,XNYS,CS,True,usd,0001726173,BBG00KK2W379,BBG00KK2W3Y9,2026-08-11T06:10:16.602419548Z
BHAV,BHAV Acquisition Corp Class A Ordinary Shares,stocks,us,XNAS,CS,True,usd,0002097288,,,2026-08-11T06:10:16.602419628Z
BHAVR,BHAV Acquisition Corp Rights,stocks,us,XNAS,RIGHT,True,usd,0002097288,,,2026-08-11T06:10:16.602419708Z
BHAVU,BHAV Acquisition Corp Units,stocks,us,XNAS,UNIT,True,usd,0002097288,,,2026-08-11T06:10:16.602419778Z
BHB,Bar Harbor Bankshares,stocks,us,XASE,CS,True,usd,0000743367,BBG000JKM045,BBG001SB8Q79,2026-08-11T06:10:16.602419859Z
BHC,Bausch Health Companies Inc,stocks,us,XNYS,CS,True,usd,0000885590,BBG000DLFM21,BBG001S7WDP0,2026-08-11T06:10:16.602419939Z
BHDG,Nicholas Bitcoin Tail ETF,stocks,us,XNAS,ETF,True,usd,,BBG020KZBZ98,BBG020KZC0D9,2026-08-11T06:10:16.602420019Z
BHE,Benchmark Electronics,stocks,us,XNYS,CS,True,usd,0000863436,BBG000C4JX31,BBG001S6LXL4,2026-08-11T06:10:16.602420099Z
BHF,"Brighthouse Financial, Inc.",stocks,us,XNAS,CS,True,usd,0001685040,BBG00DYPZ4T0,BBG00DYPZ4V7,2026-08-11T06:10:16.602420179Z
BHFAL,"Brighthouse Financial, Inc. 6.25% Junior Subordinated Debentures due 2058",stocks,us,XNAS,CS,True,usd,0001685040,,,2026-08-11T06:10:16.602420259Z
BHFAM,"Brighthouse Financial, Inc. Depositary shares each representing a 1/1,000th Interest in a Share of 4.625% Non-Cumulative Preferred Stock, Series D",stocks,us,XNAS,CS,True,usd,0001685040,,,2026-08-11T06:10:16.60242046Z
BHFAN,"Brighthouse Financial, Inc. Depositary shares, each representing a 1/1,000th interest in a share of 5.375% Non-Cumulative Preferred Stock, Series C",stocks,us,XNAS,CS,True,usd,0001685040,,,2026-08-11T06:10:16.60242054Z
BHFAO,"Brighthouse Financial, Inc. Depositary Shares 6.75% Non-Cum Pfd Series B",stocks,us,XNAS,CS,True,usd,0001685040,,,2026-08-11T06:10:16.60242064Z
BHFAP,"Brighthouse Financial, Inc. Depositary Shares 6.6% Non-Cumulative Preferred Stock, Series A",stocks,us,XNAS,PFD,True,usd,0001685040,,,2026-08-11T06:10:16.60242072Z
BHK,BLACKROCK CORE BD TR,stocks,us,XNYS,FUND,True,usd,0001160864,BBG000C09693,BBG001SFNB21,2026-08-11T06:10:16.6024208Z
BHM,"Bluerock Homes Trust, Inc.",stocks,us,XASE,CS,True,usd,0001903382,BBG0146YWXC8,BBG0146YWXD7,2026-08-11T06:10:16.602420881Z
BHP,BHP Group Limited American Depositary Shares (Each representing two Ordinary Shares),stocks,us,XNYS,ADRC,True,usd,0000811809,BBG000BD5NZ4,BBG001S5P5K4,2026-08-11T06:10:16.602420961Z
BHR,Braemar Hotels & Resorts Inc. Common Stock,stocks,us,XNYS,CS,True,usd,0001574085,BBG004PW84G9,BBG004PW8567,2026-08-11T06:10:16.602421041Z
BHRB,Burke & Herbert Financial Services Corp. Common Stock,stocks,us,XNAS,CS,True,usd,0001964333,BBG019X33P07,BBG019X33P61,2026-08-11T06:10:16.602421121Z
BHRpB,Braemar Hotels & Resorts Inc. 5.50% Series B Cumulative Convertible Preferred Stock,stocks,us,XNYS,PFD,True,usd,0001574085,,,2026-08-11T06:10:16.602421251Z
BHRpD,"Braemar Hotels & Resorts Inc. 8.25% Series D Cumulative Preferred Stock, par value $0.01 per share",stocks,us,XNYS,PFD,True,usd,0001574085,,,2026-08-11T06:10:16.602421331Z
BHST,BioHarvest Sciences Inc. Common Stock,stocks,us,XNAS,CS,True,usd,0001723464,BBG00NB02NZ5,BBG0086KQ0S2,2026-08-11T06:10:16.602421402Z
BHV,BlackRock Virginia Muni Bond Trust,stocks,us,XNYS,FUND,True,usd,0001169034,BBG000DXJJH2,BBG001SKCDT9,2026-08-11T06:10:16.602421482Z
BHVN,Biohaven Ltd.,stocks,us,XNYS,CS,True,usd,0001935979,,,2026-08-11T06:10:16.602421562Z
BHYB,Xtrackers USD High Yield BB-B ex Financials ETF,stocks,us,BATS,ETF,True,usd,,BBG01JTRL253,BBG01JTRLM68,2026-08-11T06:10:16.602421792Z
BHYP,Bitwise Hyperliquid ETF,stocks,us,ARCX,ETV,True,usd,0002088139,BBG0228SJW48,BBG0228SJX37,2026-08-11T06:10:16.602421893Z
BIAF,"bioAffinity Technologies, Inc. Common Stock",stocks,us,XNAS,CS,True,usd,0001712762,BBG00H69JDX1,BBG00H69JDY0,2026-08-11T06:10:16.602422093Z
BIAFW,"bioAffinity Technologies, Inc. Warrant",stocks,us,XNAS,WARRANT,True,usd,0001712762,BBG018DZJPN8,,2026-08-11T06:10:16.602422293Z
BIB,ProShares Ultra NASDAQ Biotechnology,stocks,us,XNAS,ETF,True,usd,0001174610,BBG000QMBZX6,BBG001T7V4Q9,2026-08-11T06:10:16.602422474Z
BIBL,Inspire 100 ETF,stocks,us,ARCX,ETF,True,usd,0001733356,BBG00J3H9QW5,BBG00J3H9RL5,2026-08-11T06:10:16.602422654Z
BID,Tribeca Strategic Acquisition Corp. Class A Ordinary Shares,stocks,us,XNAS,CS,True,usd,0002094919,,,2026-08-11T06:10:16.602422834Z
BIDD,iShares International Dividend Active ETF,stocks,us,ARCX,ETF,True,usd,0001761055,BBG01QVVCQY0,BBG01QVVCRV1,2026-08-11T06:10:16.602422915Z
BIDG,Leverage Shares 2X Long BIDU Daily ETF,stocks,us,XNAS,ETF,True,usd,,BBG01Z2PPCC6,BBG01Z2PPDD3,2026-08-11T06:10:16.602423055Z
BIDU,"Baidu, Inc.",stocks,us,XNAS,ADRC,True,usd,0001329099,BBG000QXWHD1,BBG001SNBKD5,2026-08-11T06:10:16.602423135Z
BIDWR,Tribeca Strategic Acquisition Corp. Rights,stocks,us,XNAS,RIGHT,True,usd,0002094919,,,2026-08-11T06:10:16.602423205Z
BIDWU,Tribeca Strategic Acquisition Corp. Unit,stocks,us,XNAS,UNIT,True,usd,0002094919,,,2026-08-11T06:10:16.602423285Z
BIGY,YieldMax Target 12 Big 50 Option Income ETF,stocks,us,ARCX,ETF,True,usd,,BBG01QRKG3V9,BBG01QRKG4Q3,2026-08-11T06:10:16.602423365Z
BIIB,Biogen Inc. Common Stock,stocks,us,XNAS,CS,True,usd,0000875045,BBG000C17X76,BBG001S67826,2026-08-11T06:10:16.602423446Z
BIII,Black Spade Acquisition III Co,stocks,us,XNYS,CS,True,usd,0002087087,,,2026-08-11T06:10:16.602423856Z
BIII.U,"Black Spade Acquisition III Co Units, each consisting of one Class A ordinary share and one-third of one redeemable warrant",stocks,us,XNYS,UNIT,True,usd,0002087087,,,2026-08-11T06:10:16.602423936Z
BIII.WS,"Black Spade Acquisition III Co Redeemable warrants, each whole warrant exercisable for one Class A ordinary share at an exercise price of $11.50",stocks,us,XNYS,WARRANT,True,usd,0002087087,,,2026-08-11T06:10:16.602424017Z
BIL,State Street SPDR Bloomberg 1-3 Month T-Bill ETF,stocks,us,ARCX,ETF,True,usd,0001081019,BBG000RFQSH8,BBG001STKCW9,2026-08-11T06:10:16.602424097Z
BILD,Nomura Global Listed Infrastructure ETF,stocks,us,ARCX,ETF,True,usd,0001969995,BBG01KBR85T1,BBG01KBR86N5,2026-08-11T06:10:16.602424297Z
BILI,Bilibili Inc. American Depositary Shares,stocks,us,XNAS,ADRC,True,usd,0001723690,BBG00K7T3037,BBG00K7T30T9,2026-08-11T06:10:16.602424377Z
BILL,"BILL Holdings, Inc.",stocks,us,XNYS,CS,True,usd,0001786352,BBG00QVJV6V4,BBG00QVJV7L3,2026-08-11T06:10:16.602424518Z
BILS,State Street SPDR Bloomberg 3-12 Month T-Bill ETF,stocks,us,ARCX,ETF,True,usd,0001081019,BBG00X8RXFQ1,BBG00X8RXGK5,2026-08-11T06:10:16.602424598Z
BILT,iShares Infrastructure Active ETF,stocks,us,BATS,ETF,True,usd,0001761055,BBG01W9TSW68,BBG01W9TSX57,2026-08-11T06:10:16.602424698Z
BILZ,PIMCO Ultra Short Government Active ETF,stocks,us,ARCX,ETF,True,usd,0001450011,BBG01GZF4L55,BBG01GZF4M26,2026-08-11T06:10:16.602424778Z
BINC,iShares Flexible Income Active ETF,stocks,us,ARCX,ETF,True,usd,0001804196,BBG01GQYLJ23,BBG01GQYLJY8,2026-08-11T06:10:16.602424858Z
BINT,Bluemonte Global Equity ETF,stocks,us,ARCX,ETF,True,usd,0001452937,BBG01VD0TS93,BBG01VD0TTS0,2026-08-11T06:10:16.602424938Z
BINV,Brandes International ETF,stocks,us,BATS,ETF,True,usd,0001616265,BBG01JM52LJ2,BBG01JM52MM6,2026-08-11T06:10:16.602425009Z
BIO,"Bio-Rad Laboratories, Inc.Class A",stocks,us,XNYS,CS,True,usd,0000012208,BBG000DY28W5,BBG001S625W4,2026-08-11T06:10:16.602425099Z
BIO.B,"Bio-Rad Laboratories, Inc. Class B",stocks,us,XNYS,CS,True,usd,0000012208,BBG000BD6WM7,BBG001S5P622,2026-08-11T06:10:16.602425199Z
BIOA,"BioAge Labs, Inc. Common Stock",stocks,us,XNAS,CS,True,usd,0001709941,BBG00HBTB0M9,BBG00HBTB0N8,2026-08-11T06:10:16.602425279Z
BIOT,Instinct Bio Technical Company Holdings Inc. Ordinary Shares,stocks,us,XNAS,CS,True,usd,0002072188,,,2026-08-11T06:10:16.602425359Z
BIOTW,Instinct Bio Technical Company Holdings Inc. Warrants,stocks,us,XNAS,WARRANT,True,usd,0002072188,,,2026-08-11T06:10:16.602425429Z
BIOX,Bioceres Crop Solutions Corp. Ordinary Shares,stocks,us,XNAS,CS,True,usd,0001769484,,,2026-08-11T06:10:16.60242551Z
BIOY,GraniteShares YieldBOOST Biotech ETF,stocks,us,XNAS,ETF,True,usd,,BBG021YXRY56,BBG021YXRZ35,2026-08-11T06:10:16.60242577Z
BIP,Brookfield Infrastructure Partners L.P. Limited Partnership Units,stocks,us,XNYS,CS,True,usd,0001406234,,,2026-08-11T06:10:16.602426101Z
BIPC,Brookfield Infrastructure Corporation Class A Exchangeable Subordinate Voting Shares,stocks,us,XNYS,CS,True,usd,0001788348,BBG01RJ2W204,BBG01RJ2TXY3,2026-08-11T06:10:16.602426181Z
BIPH,Brookfield Infrastructure Finance ULC 5.000% Subordinated Notes due 2081,stocks,us,XNYS,SP,True,usd,0001406234,,,2026-08-11T06:10:16.602426361Z
BIPI,BIP Bermuda Holdings I Limited 5.125% Perpetual Subordinated Notes,stocks,us,XNYS,SP,True,usd,0001406234,,,2026-08-11T06:10:16.602426542Z
BIPJ,Brookfield Infrastructure Finance ULC 7.250% Subordinated Notes due 2084,stocks,us,XNYS,SP,True,usd,0001406234,,,2026-08-11T06:10:16.602426722Z
BIPpA,"Brookfield Infrastructure Partners L.P. 5.125% Class A Preferred Limited Partnership Units, Series 13",stocks,us,XNYS,PFD,True,usd,0001406234,,,2026-08-11T06:10:16.602426802Z
BIPpB,"Brookfield Infrastructure Partners L.P. 5.000% Class A Preferred Limited Partnership Units, Series 14",stocks,us,XNYS,PFD,True,usd,0001406234,,,2026-08-11T06:10:16.602426882Z
BIRD,"Smartbird, Inc. Class A Common Stock",stocks,us,XNAS,CS,True,usd,0001653909,BBG00CCNTK76,BBG00CCNTK94,2026-08-11T06:10:16.602426952Z
BIRK,Birkenstock Holding plc,stocks,us,XNYS,CS,True,usd,0001977102,,,2026-08-11T06:10:16.602427163Z
BIS,ProShares UltraShort NASDAQ Biotechnology,stocks,us,XNAS,ETF,True,usd,0001174610,BBG000QMCF87,BBG001T7V4S7,2026-08-11T06:10:16.602427233Z
BIT,BLACKROCK MULTI-SECTOR INCOME TRUST,stocks,us,XNYS,FUND,True,usd,0001562818,BBG003P84BH1,BBG003P84C70,2026-08-11T06:10:16.602427363Z
BITA,The iShares Bitcoin Premium Income ETF Shares of Fractional Undivided Beneficial Interest,stocks,us,XNAS,ETF,True,usd,0002089969,BBG022ZT28C8,BBG022ZT29Q1,2026-08-11T06:10:16.602427443Z
BITB,Bitwise Bitcoin ETF,stocks,us,ARCX,ETV,True,usd,0001763415,BBG01KY66LW5,BBG01KY66MQ0,2026-08-11T06:10:16.602427523Z
BITC,Bitwise Trendwise Bitcoin and Treasuries Rotation Strategy ETF,stocks,us,ARCX,ETF,True,usd,,BBG01FZQP5S0,BBG01FZQP6S8,2026-08-11T06:10:16.602427604Z
BITI,ProShares Short Bitcoin ETF,stocks,us,ARCX,ETF,True,usd,0001174610,BBG018C3QG43,BBG018C3QH78,2026-08-11T06:10:16.602427684Z
BITO,ProShares Bitcoin ETF,stocks,us,ARCX,ETF,True,usd,0001174610,BBG0131STJL3,BBG0131STKH5,2026-08-11T06:10:16.602427764Z
BITQ,Bitwise Crypto Industry Innovators ETF,stocks,us,ARCX,ETF,True,usd,0001452937,BBG01Y4FMRX6,BBG01Y4FMSY3,2026-08-11T06:10:16.602428095Z
BITS,Global X Blockchain & Bitcoin Strategy ETF,stocks,us,XNAS,ETF,True,usd,,BBG013J592N1,BBG013J593K2,2026-08-11T06:10:16.602428175Z
BITU,ProShares Ultra Bitcoin ETF,stocks,us,ARCX,ETF,True,usd,0001174610,BBG01M79Z7R0,BBG01M79Z8W2,2026-08-11T06:10:16.602428375Z
BITW,Bitwise 10 Crypto Index ETF,stocks,us,ARCX,ETV,True,usd,0001723788,BBG00XX0Y6R0,BBG00XX0Y7L4,2026-08-11T06:10:16.602428455Z
BITX,2x Bitcoin ETF,stocks,us,BATS,ETF,True,usd,,BBG01GXLYLP9,BBG01GXLYNB0,2026-08-11T06:10:16.602428525Z
BITY,Amplify Bitcoin 2% Monthly Option Income ETF,stocks,us,BATS,ETF,True,usd,0001633061,BBG01THXH1S3,BBG01THXH2N6,2026-08-11T06:10:16.602428605Z
BIV,Vanguard Intermediate-Term Bond ETF,stocks,us,ARCX,ETF,True,usd,0000794105,BBG000R44SW0,BBG001ST39R1,2026-08-11T06:10:16.602428686Z
BIVI,"BioVie, Inc. Common Stock",stocks,us,XNAS,CS,True,usd,0001580149,BBG00548BTD6,BBG00548BTF4,2026-08-11T06:10:16.602428766Z
BIVIW,BioVie Inc. Warrant,stocks,us,XNAS,WARRANT,True,usd,0001580149,BBG01WJZNKD6,,2026-08-11T06:10:16.602428846Z
BIXI,Bitcoin Infrastructure Acquisition Corp Ltd. Class A Ordinary Shares,stocks,us,XNAS,CS,True,usd,0002082542,,,2026-08-11T06:10:16.602428926Z
BIXIU,Bitcoin Infrastructure Acquisition Corp Ltd. Unit,stocks,us,XNAS,UNIT,True,usd,0002082542,,,2026-08-11T06:10:16.602429006Z
BIXIW,Bitcoin Infrastructure Acquisition Corp Ltd. Warrant,stocks,us,XNAS,WARRANT,True,usd,0002082542,,,2026-08-11T06:10:16.602429076Z
BIYA,Baiya International Group Inc Class A Ordinary Shares,stocks,us,XNAS,CS,True,usd,0001944712,,,2026-08-11T06:10:16.602429157Z
BIZD,VanEck BDC Income ETF,stocks,us,ARCX,ETF,True,usd,0001137360,BBG00440GKJ4,BBG00440GL84,2026-08-11T06:10:16.602429237Z
BJ,"BJs Wholesale Club Holdings, Inc. Common Stock",stocks,us,XNYS,CS,True,usd,0001531152,BBG00FQ8T4G3,BBG00FQ8T4M6,2026-08-11T06:10:16.602429317Z
BJAN,Innovator U.S. Equity Buffer ETF - January,stocks,us,BATS,ETF,True,usd,0001482688,BBG00MYXK749,BBG00MYXK7W8,2026-08-11T06:10:16.602429397Z
BJDX,"Bluejay Diagnostics, Inc. Common Stock",stocks,us,XNAS,CS,True,usd,0001704287,BBG012TKJCJ1,BBG012TKJDC6,2026-08-11T06:10:16.602429738Z
BJRI,"BJ's Restaurants, Inc.",stocks,us,XNAS,CS,True,usd,0001013488,BBG000H9LNX1,BBG001S970P2,2026-08-11T06:10:16.602429818Z
BJUL,Innovator U.S. Equity Buffer ETF - July,stocks,us,BATS,ETF,True,usd,0001482688,BBG00LNJLC51,BBG00LNJLCX0,2026-08-11T06:10:16.602429938Z
BJUN,Innovator U.S. Equity Buffer ETF - June,stocks,us,BATS,ETF,True,usd,0001415726,BBG00PBD5ZW5,BBG00PBD60M2,2026-08-11T06:10:16.602430018Z
BKAG,BNY Mellon Core Bond ETF,stocks,us,ARCX,ETF,True,usd,,BBG00RYR56Q6,BBG00RYR57H4,2026-08-11T06:10:16.602430098Z
BKCG,BNY Mellon Concentrated Growth ETF,stocks,us,ARCX,ETF,True,usd,,BBG01SXJKVN3,BBG01SXJKWT5,2026-08-11T06:10:16.602430169Z
BKCH,Global X Blockchain ETF,stocks,us,XNAS,ETF,True,usd,0001432353,BBG011RVGZP6,BBG011RVH0K7,2026-08-11T06:10:16.602430249Z
BKCI,BNY Mellon Concentrated International ETF,stocks,us,ARCX,ETF,True,usd,,BBG013VPCK31,BBG013VPCL11,2026-08-11T06:10:16.602430329Z
BKD,"Brookdale Senior Living, Inc.",stocks,us,XNYS,CS,True,usd,0001332349,BBG000J4L211,BBG001SDHC58,2026-08-11T06:10:16.602430409Z
BKDV,BNY Mellon Dynamic Value ETF,stocks,us,ARCX,ETF,True,usd,,BBG01QM8ZCH6,BBG01QM8ZDG5,2026-08-11T06:10:16.602430489Z
BKE,"The Buckle, Inc.",stocks,us,XNYS,CS,True,usd,0000885245,BBG000BD9525,BBG001S5P6T3,2026-08-11T06:10:16.602430559Z
BKEM,BNY Mellon Emerging Markets Equity ETF,stocks,us,ARCX,ETF,True,usd,,BBG00RYRC6L3,BBG00RYRC7B2,2026-08-11T06:10:16.602430639Z
BKF,iShares MSCI BIC ETF,stocks,us,ARCX,ETF,True,usd,0000930667,BBG000TVZ652,BBG001T0LKN2,2026-08-11T06:10:16.60243072Z
BKFI,BNY Mellon Active Core Bond ETF,stocks,us,ARCX,ETF,True,usd,,BBG01Z33PK45,BBG01Z33PL34,2026-08-11T06:10:16.6024308Z
BKGI,BNY Mellon Global Infrastructure Income ETF,stocks,us,BATS,ETF,True,usd,,BBG01B7B20H1,BBG01B7B21C4,2026-08-11T06:10:16.60243087Z
BKH,Black Hills Corporation,stocks,us,XNYS,CS,True,usd,0001130464,BBG000BD9ZM7,BBG001S5P6X8,2026-08-11T06:10:16.60243098Z
BKHA,Black Hawk Acquisition Corporation Class A Ordinary Shares,stocks,us,XNAS,CS,True,usd,0002000775,,,2026-08-11T06:10:16.602431211Z
BKHAR,Black Hawk Acquisition Corporation Rights,stocks,us,XNAS,RIGHT,True,usd,0002000775,,,2026-08-11T06:10:16.602431391Z
BKHAU,Black Hawk Acquisition Corporation Units,stocks,us,XNAS,UNIT,True,usd,0002000775,,,2026-08-11T06:10:16.602431601Z
BKHY,BNY Mellon High Yield ETF,stocks,us,ARCX,ETF,True,usd,,BBG00RYR5TG7,BBG00RYR5V63,2026-08-11T06:10:16.602431832Z
BKIE,BNY Mellon International Equity ETF,stocks,us,ARCX,ETF,True,usd,,BBG00RYRB9H3,BBG00RYRBB79,2026-08-11T06:10:16.602432042Z
BKKT,"Bakkt, Inc.",stocks,us,XNYS,CS,True,usd,0001820302,BBG00XRJ7Y40,BBG00XRJ7Y59,2026-08-11T06:10:16.602432122Z
BKKT.WS,"Bakkt, Inc. Warrants to purchase Class A Common Stock Each Warrant entitles to purchase 1/25th of a share of Class A common stock at an exercise price of $287.50 for one share of Class A Common Stock",stocks,us,XNYS,WARRANT,True,usd,0001820302,BBG00Y624BK3,,2026-08-11T06:10:16.602432263Z
BKLC,BNY Mellon US Large Cap Core Equity ETF,stocks,us,ARCX,ETF,True,usd,,BBG00RYR67P4,BBG00RYR68F3,2026-08-11T06:10:16.602432343Z
BKLG,BNY Mellon US Large Cap Equity Growth ETF,stocks,us,ARCX,ETF,True,usd,,BBG023149R93,BBG023149WM7,2026-08-11T06:10:16.602432423Z
BKLN,Invesco Senior Loan ETF,stocks,us,ARCX,ETF,True,usd,0000914208,BBG001K94N28,BBG001V0MBC0,2026-08-11T06:10:16.602432503Z
BKMC,BNY Mellon US Mid Cap Core Equity ETF,stocks,us,ARCX,ETF,True,usd,,BBG00RYR6CV6,BBG00RYR6DL5,2026-08-11T06:10:16.602432583Z
BKMI,BNY Mellon Municipal Intermediate ETF,stocks,us,XNAS,ETF,True,usd,,BBG01Z32JFK7,BBG01Z32JGR8,2026-08-11T06:10:16.602432653Z
BKMS,BNY Mellon Municipal Short Duration ETF,stocks,us,XNAS,ETF,True,usd,,BBG01Z33V907,BBG01Z33V9X1,2026-08-11T06:10:16.602432733Z
BKNG,Booking Holdings Inc. Common Stock,stocks,us,XNAS,CS,True,usd,0001075531,BBG000BLBVN4,BBG001S89N72,2026-08-11T06:10:16.602432814Z
BKR,Baker Hughes Company,stocks,us,XNAS,CS,True,usd,0001701605,BBG00GBVBK51,BBG00GBVBK60,2026-08-11T06:10:16.602432894Z
BKSE,BNY Mellon US Small Cap Core Equity ETF,stocks,us,ARCX,ETF,True,usd,,BBG00RYR6KV8,BBG00RYR6LL7,2026-08-11T06:10:16.602432984Z
BKSY,BlackSky Technology Inc.,stocks,us,XNYS,CS,True,usd,0001753539,BBG00QRY6P33,BBG00QRY6P42,2026-08-11T06:10:16.602433605Z
BKSY.WS,"BlackSky Technology Inc. Redeemable Warrants, each whole Warrant exercisable for one-eighth (1/8th) of a share of Class A Common Stock at an exercise price of $92.00 per whole share",stocks,us,XNYS,WARRANT,True,usd,0001753539,BBG00R2NP1J7,,2026-08-11T06:10:16.602433806Z
BKT,BlackRock Income Trust Inc.,stocks,us,XNYS,FUND,True,usd,0000832327,BBG000BDC193,BBG001S5P7B0,2026-08-11T06:10:16.602434006Z
BKTI,BK Technologies Corporation,stocks,us,XASE,CS,True,usd,0000002186,BBG00NKSM4N7,BBG00NKSM4P5,2026-08-11T06:10:16.602434076Z
BKU,"Bankunited, Inc.",stocks,us,XNYS,CS,True,usd,0001504008,BBG000PQPCM6,BBG001T5W6B3,2026-08-11T06:10:16.602434156Z
BKUI,BNY Mellon Ultra Short Income ETF,stocks,us,ARCX,ETF,True,usd,,BBG0122M5L01,BBG0122M5LV7,2026-08-11T06:10:16.602434236Z
BKV,BKV Corporation,stocks,us,XNYS,CS,True,usd,0001838406,BBG00YNGK485,BBG00YNGK494,2026-08-11T06:10:16.602434316Z
BKYI,"BIO-key International, Inc. Common Stock",stocks,us,XNAS,CS,True,usd,0001019034,BBG000BHHR29,BBG001S7ZTY2,2026-08-11T06:10:16.602434387Z
BL,"BlackLine, Inc. Common Stock",stocks,us,XNAS,CS,True,usd,0001666134,BBG0029KJVB0,BBG0029KJVD8,2026-08-11T06:10:16.602434467Z
BLBD,Blue Bird Corporation Common Stock,stocks,us,XNAS,CS,True,usd,0001589526,BBG006427SW3,BBG006427TN1,2026-08-11T06:10:16.602434547Z
BLCK,Corgi Crypto Infrastructure ETF,stocks,us,BATS,ETF,True,usd,0002078265,BBG022385M80,BBG022385NN1,2026-08-11T06:10:16.602434627Z
BLCO,Bausch + Lomb Corporation,stocks,us,XNYS,CS,True,usd,0001860742,BBG014KG1L68,BBG014KG1GY8,2026-08-11T06:10:16.602434697Z
BLCR,BlackRock ETF Trust iShares Large Cap Core Active ETF,stocks,us,XNAS,ETF,True,usd,0001761055,BBG01JV98111,BBG01JV981Y5,2026-08-11T06:10:16.602434777Z
BLCV,iShares Large Cap Value Active ETF,stocks,us,ARCX,ETF,True,usd,0001761055,BBG020NMYW78,BBG020NMYX67,2026-08-11T06:10:16.602434858Z
BLDG,Cambria Global Real Estate ETF,stocks,us,BATS,ETF,True,usd,0001529390,BBG00XK4K218,BBG00XK4K2Z1,2026-08-11T06:10:16.602434938Z
BLDP,Ballard Power Systems Inc.,stocks,us,XNAS,CS,True,usd,0001453015,BBG000BNJRZ8,BBG001S5Y1D1,2026-08-11T06:10:16.602435018Z
BLDR,"Builders FirstSource, Inc.",stocks,us,XNYS,CS,True,usd,0001316835,BBG000BKD3K9,BBG001S9CFC7,2026-08-11T06:10:16.602435238Z
BLDX,Impax Global Sustainable Infrastructure ETF,stocks,us,ARCX,ETF,True,usd,,BBG01Z0ZJ5V7,BBG01Z0ZJ6R0,2026-08-11T06:10:16.602435318Z
BLES,Inspire Global Hope ETF,stocks,us,ARCX,ETF,True,usd,0001733356,BBG00G3NVM07,BBG00G3NVMQ9,2026-08-11T06:10:16.602435449Z
BLFS,BioLife Solutions Inc.,stocks,us,XNAS,CS,True,usd,0000834365,BBG000HRJ8Q5,BBG001SFGWZ7,2026-08-11T06:10:16.602435529Z
BLGR,Bluemonte Large Cap Growth ETF,stocks,us,ARCX,ETF,True,usd,0001452937,BBG01VF37R28,BBG01VF37RZ2,2026-08-11T06:10:16.602435599Z
BLIN,Bridgeline Digital Inc.,stocks,us,XNAS,CS,True,usd,0001378590,BBG000PMGM61,BBG001SR52L4,2026-08-11T06:10:16.602435689Z
BLIV,BeLive Holdings Ordinary Share,stocks,us,XNAS,CS,True,usd,0001982448,,,2026-08-11T06:10:16.602435769Z
BLK,"Blackrock, Inc.",stocks,us,XNYS,CS,True,usd,0002012383,BBG01PSW2WN4,BBG01PSW2WR0,2026-08-11T06:10:16.602435839Z
BLKB,"Blackbaud, Inc.",stocks,us,XNAS,CS,True,usd,0001280058,BBG000BGGTW5,BBG001S9B5W8,2026-08-11T06:10:16.60243592Z
BLLN,"BillionToOne, Inc. Class A Common Stock",stocks,us,XNAS,CS,True,usd,0002070849,BBG00NR7JXT0,BBG00NR7JXV7,2026-08-11T06:10:16.602436Z
BLMN,"Bloomin' Brands, Inc. Common Stock",stocks,us,XNAS,CS,True,usd,0001546417,BBG002VZ68Y2,BBG002VZ69Q9,2026-08-11T06:10:16.60243608Z
BLND,"Blend Labs, Inc.",stocks,us,XNYS,CS,True,usd,0001855747,BBG00D0YK7T7,BBG00D0YK7V4,2026-08-11T06:10:16.60243616Z
BLNE,"Beeline Holdings, Inc. Common Stock",stocks,us,XNAS,CS,True,usd,0001534708,BBG00282W8X3,BBG00282W9P0,2026-08-11T06:10:16.60243623Z
BLNK,Blink Charging Co. Common Stock,stocks,us,XNAS,CS,True,usd,0001429764,BBG000F9XKN7,BBG001T2HMC1,2026-08-11T06:10:16.60243631Z
BLOK,Amplify Blockchain Technology ETF,stocks,us,ARCX,ETF,True,usd,0001633061,BBG00JRH3F40,BBG00JRH3FV0,2026-08-11T06:10:16.60243639Z
BLOX,Nicholas Crypto Income ETF,stocks,us,ARCX,ETF,True,usd,,BBG01VKBKGB3,BBG01VKBKH94,2026-08-11T06:10:16.602436471Z
BLRK,Bluerock Acquisition Corp. Class A Ordinary Shares,stocks,us,XNAS,CS,True,usd,0002081532,,,2026-08-11T06:10:16.602436681Z
BLRKU,Bluerock Acquisition Corp. Unit,stocks,us,XNAS,UNIT,True,usd,0002081532,,,2026-08-11T06:10:16.602436761Z
BLRKW,Bluerock Acquisition Corp. Warrants,stocks,us,XNAS,WARRANT,True,usd,0002081532,,,2026-08-11T06:10:16.602437142Z
BLRX,BioLineRX Ltd,stocks,us,XNAS,ADRC,True,usd,0001498403,BBG001Y26LK0,BBG001Y26MC7,2026-08-11T06:10:16.602437302Z
BLSG,Leverage Shares 2X Long BLSH Daily ETF,stocks,us,XNAS,ETF,True,usd,,BBG01Y3C7BY5,BBG01Y3C7CW5,2026-08-11T06:10:16.602437402Z
BLSH,Bullish,stocks,us,XNYS,CS,True,usd,0001872195,,,2026-08-11T06:10:16.602437493Z
BLSM,"BlossomHill Therapeutics, Inc. Common Stock",stocks,us,XNAS,CS,True,usd,0001839970,BBG00ZHSKKM1,BBG00ZHSKKN0,2026-08-11T06:10:16.602437763Z
BLST,Bluemonte Short Term Bond ETF,stocks,us,ARCX,ETF,True,usd,0001452937,BBG01VF3M4K2,BBG01VF3M5F5,2026-08-11T06:10:16.602437833Z
BLTD,Bluemonte Long Term Bond ETF,stocks,us,ARCX,ETF,True,usd,0001452937,BBG01VF3KYX4,BBG01VF3L049,2026-08-11T06:10:16.602437913Z
BLTE,"Belite Bio, Inc American Depositary Shares",stocks,us,XNAS,ADRC,True,usd,0001889109,BBG016LJYT18,BBG016LJYTW4,2026-08-11T06:10:16.602437994Z
BLUC,Bluemonte Large Cap Core ETF,stocks,us,ARCX,ETF,True,usd,0001452937,BBG01VD0ZH36,BBG01VD0ZJ14,2026-08-11T06:10:16.602438074Z
BLUI,Bluemonte Diversified Income ETF,stocks,us,ARCX,ETF,True,usd,0001452937,BBG01VF3LSN7,BBG01VF3LTJ0,2026-08-11T06:10:16.602438154Z
BLUW,Blue Water Acquisition Corp. III Class A Ordinary Shares,stocks,us,XNAS,CS,True,usd,0002050501,,,2026-08-11T06:10:16.602438224Z
BLUWU,Blue Water Acquisition Corp. III Unit.,stocks,us,XNAS,UNIT,True,usd,0002050501,,,2026-08-11T06:10:16.602438314Z
BLUWW,Blue Water Acquisition Corp. III Warrant,stocks,us,XNAS,WARRANT,True,usd,0002050501,,,2026-08-11T06:10:16.602438394Z
BLUX,Bluemonte Dynamic Total Market ETF,stocks,us,ARCX,ETF,True,usd,0001452937,BBG01VD0QBD8,BBG01VD0QCB8,2026-08-11T06:10:16.602438475Z
BLV,Vanguard Long-Term Bond ETF,stocks,us,ARCX,ETF,True,usd,0000794105,BBG000R45489,BBG001ST39S0,2026-08-11T06:10:16.602438695Z
BLW,Blackrock Limited Duration Income Trust,stocks,us,XNYS,FUND,True,usd,0001233681,BBG000PLYMY2,BBG001SLG5M7,2026-08-11T06:10:16.602438775Z
BLX,"Bladex, Inc.",stocks,us,XNYS,CS,True,usd,0000890541,,,2026-08-11T06:10:16.602438875Z
BLZE,"Backblaze, Inc. Class A Common Stock",stocks,us,XNAS,CS,True,usd,0001462056,BBG0037X6HX3,BBG0037X6J05,2026-08-11T06:10:16.602438955Z
BLZR,Trailblazer Acquisition Corp. Class A Ordinary Shares,stocks,us,XNAS,CS,True,usd,0002075310,,,2026-08-11T06:10:16.602439036Z
BLZRU,Trailblazer Acquisition Corp. Unit,stocks,us,XNAS,UNIT,True,usd,0002075310,,,2026-08-11T06:10:16.602439116Z
BLZRW,Trailblazer Acquisition Corp. Warrant,stocks,us,XNAS,WARRANT,True,usd,0002075310,,,2026-08-11T06:10:16.602439196Z
BMA,Banco Macro S.A.,stocks,us,XNYS,ADRC,True,usd,0001347426,BBG000Q44W43,BBG001SQK8Y2,2026-08-11T06:10:16.602439266Z
BMAR,Innovator U.S. Equity Buffer ETF - March,stocks,us,BATS,ETF,True,usd,0001482688,BBG00S1NCRJ3,BBG00S1NCS83,2026-08-11T06:10:16.602439366Z
BMAY,Innovator U.S. Equity Buffer ETF - May,stocks,us,BATS,ETF,True,usd,0001415726,BBG00TGLNR34,BBG00TGLNRW2,2026-08-11T06:10:16.602439446Z
BMBL,Bumble Inc. Class A Common Stock,stocks,us,XNAS,CS,True,usd,0001830043,BBG00Z6RF483,BBG00Z6RF535,2026-08-11T06:10:16.602439527Z
BME,Blackrock Health Sciences Trust,stocks,us,XNYS,FUND,True,usd,0001314966,BBG000QLZLB7,BBG001SN4XL6,2026-08-11T06:10:16.602439607Z
BMEA,"Biomea Fusion, Inc. Common Stock",stocks,us,XNAS,CS,True,usd,0001840439,BBG00YS4WDC9,BBG00YS4WDD8,2026-08-11T06:10:16.602439687Z
BMED,iShares Health Innovation Active ETF,stocks,us,ARCX,ETF,True,usd,0001761055,BBG00XLX7539,BBG00XLX75Y5,2026-08-11T06:10:16.602439767Z
BMEZ,BlackRock Health Sciences Term Trust,stocks,us,XNYS,FUND,True,usd,0001785971,BBG00R28MS68,BBG00R28MSY7,2026-08-11T06:10:16.602439837Z
BMGL,Basel Medical Group Ltd Ordinary Shares,stocks,us,XNAS,CS,True,usd,0002004489,,,2026-08-11T06:10:16.602439927Z
BMHL,Bluemount Holdings Limited Class B Ordinary Shares,stocks,us,XNAS,CS,True,usd,0002027815,,,2026-08-11T06:10:16.602440138Z
BMI,"Badger Meter, Inc.",stocks,us,XNYS,CS,True,usd,0000009092,BBG000BDGHD9,BBG001S5P8Q2,2026-08-11T06:10:16.602440318Z
BMLpG,"Bank Of America Corporation Depositary Shares(Each representing a 1/1200th interest in a share of Bank of America Corporation Floating Rate Non-Cumulative Preferred Stock Series,1)",stocks,us,XNYS,PFD,True,usd,0000070858,,,2026-08-11T06:10:16.602440398Z
BMLpH,"Bank Of America Corporation Depositary Shares(Each representing a 1/1200th interest in a share of Bank of America Corporation Floating Rate Non-Cumulative Preferred Stock Series,2)",stocks,us,XNYS,PFD,True,usd,0000070858,,,2026-08-11T06:10:16.602440468Z
BMLpJ,"Bank of America Depositary Shares(Each representing 1/1200th interest in a share of Bank of America Corporation Floating Rate Non-Cumulative Preferred Stock, Series4)",stocks,us,XNYS,PFD,True,usd,0000070858,,,2026-08-11T06:10:16.602440559Z
BMLpL,"Bank of America Depositary Shares(Each representing 1/1200th interest in a share of Bank of America Corporation Floating Rate Non-Comulative Preferred Stock, Series5)",stocks,us,XNYS,PFD,True,usd,0000070858,,,2026-08-11T06:10:16.602440639Z
BMM,Blue Moon Metals Inc. Common Shares,stocks,us,XNAS,CS,True,usd,0001732379,BBG000VLHCM9,BBG001SS0LD4,2026-08-11T06:10:16.602440719Z
BMN,BlackRock 2037 Municipal Target Term Trust,stocks,us,XNYS,FUND,True,usd,0001832871,BBG019C0TPY1,BBG01B6VR0Y2,2026-08-11T06:10:16.602440799Z
BMNG,Leverage Shares 2X Long BMNR Daily ETF,stocks,us,XNAS,ETF,True,usd,,BBG01Y3CB2J7,BBG01Y3CB3G8,2026-08-11T06:10:16.602440869Z
BMNP,"BitMine Immersion Technologies, Inc. 9.5% Series A Perpetual Preferred Stock",stocks,us,XNYS,PFD,True,usd,0001829311,,,2026-08-11T06:10:16.602440949Z
BMNR,"BitMine Immersion Technologies, Inc.",stocks,us,XNYS,CS,True,usd,0001829311,BBG000BWFL03,BBG001SBD1J5,2026-08-11T06:10:16.602441039Z
BMNU,T-REX 2X Long BMNR Daily Target ETF,stocks,us,BATS,ETF,True,usd,0001771146,BBG01XBSLHQ3,BBG01XBSLJR8,2026-08-11T06:10:16.60244112Z
BMNZ,Defiance Daily Target 2X Short BMNR ETF,stocks,us,ARCX,ETS,True,usd,,BBG01YDPDM65,BBG01YDPDND5,2026-08-11T06:10:16.6024412Z
BMO,Bank of Montreal,stocks,us,XNYS,CS,True,usd,0000927971,BBG000DLY9B9,BBG001S5Y203,2026-08-11T06:10:16.60244127Z
BMOP,BNY Mellon Municipal Opportunities ETF,stocks,us,XNAS,ETF,True,usd,,BBG01Z33CQK8,BBG01Z33CRG1,2026-08-11T06:10:16.60244135Z
BMR,Beamr Imaging Ltd. Ordinary Share,stocks,us,XNAS,CS,True,usd,0001899005,,,2026-08-11T06:10:16.60244143Z
BMRA,BIOMERICA INC,stocks,us,XNAS,CS,True,usd,0000073290,BBG000BDH8F6,BBG001S5P8X4,2026-08-11T06:10:16.602441771Z
BMRC,Bank of Marin Bancorp,stocks,us,XNAS,CS,True,usd,0001403475,BBG000C3N539,BBG001S7WFM8,2026-08-11T06:10:16.602441861Z
BMRN,BioMarin Pharmaceuticals Inc,stocks,us,XNAS,CS,True,usd,0001048477,BBG000CZWZ05,BBG001S76R05,2026-08-11T06:10:16.602441971Z
BMSI,BNY Mellon Muti-Sector Income ETF,stocks,us,BATS,ETF,True,usd,,BBG023WGN7V5,BBG023WGN9D1,2026-08-11T06:10:16.602442041Z
BMVP,Invesco Bloomberg MVP Multi-factor ETF,stocks,us,ARCX,ETF,True,usd,0001547580,BBG000PQD3P6,BBG001SLN031,2026-08-11T06:10:16.602442122Z
BMY,Bristol-Myers Squibb Co.,stocks,us,XNYS,CS,True,usd,0000014272,BBG000DQLV23,BBG001S8N8J6,2026-08-11T06:10:16.602442202Z
BN,Brookfield Corporation,stocks,us,XNYS,CS,True,usd,0001001085,BBG000C9KL89,BBG001SF86D7,2026-08-11T06:10:16.602442282Z
BNAI,Brand Engagement Network Inc. Common Stock,stocks,us,XNAS,CS,True,usd,0001838163,BBG00Z83ZBN9,BBG00Z83ZBP7,2026-08-11T06:10:16.602442352Z
BNAIW,Brand Engagement Network Inc. Warrant,stocks,us,XNAS,WARRANT,True,usd,0001838163,BBG00ZQZ11K0,,2026-08-11T06:10:16.602442432Z
BNAV,Amplify Fairlead Tactical Bitcoin ETF,stocks,us,BATS,ETF,True,usd,0001633061,BBG023DXTTV5,BBG023DXTXG3,2026-08-11T06:10:16.602442512Z
BNC,CEA Industries Inc. Common Stock,stocks,us,XNAS,CS,True,usd,0001482541,BBG001LM4W55,BBG001SDHK32,2026-08-11T06:10:16.602442592Z
BNCWW,CEA Industries Inc. Warrant,stocks,us,XNAS,WARRANT,True,usd,0001849396,BBG0159N5136,,2026-08-11T06:10:16.602442673Z
BNCWZ,CEA Industries Inc. Warrant,stocks,us,XNAS,WARRANT,True,usd,0001482541,BBG021MHF9V3,,2026-08-11T06:10:16.602442753Z
BND,Vanguard Total Bond Market,stocks,us,XNAS,ETF,True,usd,0000794105,BBG000BZZS63,BBG001SK7DK4,2026-08-11T06:10:16.602442823Z
BNDC,FlexShares Core Select Bond Fund,stocks,us,ARCX,ETF,True,usd,0001491978,BBG00F9ZDXS2,BBG00F9ZDYJ0,2026-08-11T06:10:16.602442903Z
BNDD,Quadratic Deflation ETF,stocks,us,ARCX,ETF,True,usd,0001536592,BBG012N0P9Z3,BBG012N0PBT5,2026-08-11T06:10:16.602442983Z
BNDI,NEOS Enhanced Income Aggregate Bond ETF,stocks,us,ARCX,ETF,True,usd,0001848758,BBG019CHMSZ4,BBG019CHMV14,2026-08-11T06:10:16.602443314Z
BNDP,Vanguard Core-Plus Bond Index ETF,stocks,us,XNAS,ETF,True,usd,,BBG01YVN9410,BBG01YVN94Z3,2026-08-11T06:10:16.602443394Z
BNDS,Infrastructure Capital Bond Income ETF,stocks,us,ARCX,ETF,True,usd,,BBG01RQ9JP50,BBG01RQ9JQ03,2026-08-11T06:10:16.602443504Z
BNDW,Vanguard Total World Bond ETF,stocks,us,XNAS,ETF,True,usd,0001021882,BBG00LWSF7T3,BBG00LWSF8K0,2026-08-11T06:10:16.602443594Z
BNDX,Vanguard Total International Bond ETF,stocks,us,XNAS,ETF,True,usd,,BBG004N1LFT5,BBG004N1LGK2,2026-08-11T06:10:16.602443675Z
BNDY,Horizon Core Bond ETF,stocks,us,BATS,ETF,True,usd,,BBG01VRMDL29,BBG01VRMDM09,2026-08-11T06:10:16.602443745Z
BNED,"Barnes & Noble Education, Inc",stocks,us,XNYS,CS,True,usd,0001634117,BBG009CNQCW6,BBG009CNQCX5,2026-08-11T06:10:16.602443825Z
BNGE,First Trust S-Network Streaming and Gaming ETF,stocks,us,ARCX,ETF,True,usd,0001552740,BBG011636XP7,BBG011636YL9,2026-08-11T06:10:16.602443905Z
BNGO,"Bionano Genomics, Inc. Common Stock",stocks,us,XNAS,CS,True,usd,0001411690,BBG001KWWRS9,BBG001V0SSM6,2026-08-11T06:10:16.602444015Z
BNH,"Brookfield Finance Inc. 4.625% Subordinated Notes due October 16, 2080",stocks,us,XNYS,SP,True,usd,0001001085,,,2026-08-11T06:10:16.602444095Z
BNJ,Brookfield Finance I (UK) plc 4.50% Perpetual Subordinated Notes,stocks,us,XNYS,SP,True,usd,0001001085,,,2026-08-11T06:10:16.602444175Z
BNKD,"MicroSectors U.S. Big Banks -3x Inverse Leveraged ETNs due February 17, 2045",stocks,us,ARCX,ETN,True,usd,0000927971,BBG01S68FDG1,BBG01S68FFG6,2026-08-11T06:10:16.602444256Z
BNKK,"Bonk, Inc. Common Stock",stocks,us,XNAS,CS,True,usd,0001760903,BBG00VJHSMT3,BBG00VJHSMV0,2026-08-11T06:10:16.602444326Z
BNKU,"MicroSectors U.S. Big Banks 3x Leveraged ETNs due February 17, 2045",stocks,us,ARCX,ETN,True,usd,0000927971,BBG01S68X1X8,BBG01S68X2S2,2026-08-11T06:10:16.602444406Z
BNL,"Broadstone Net Lease, Inc.",stocks,us,XNYS,CS,True,usd,0001424182,BBG000PWD2R3,BBG001T61WG3,2026-08-11T06:10:16.602444486Z
BNMC,Corgi BMNR 2x Daily ETF,stocks,us,BATS,ETF,True,usd,,BBG0230FFMD8,BBG0230FFNH2,2026-08-11T06:10:16.602444566Z
BNO,"United States Brent Oil Fund, LP",stocks,us,ARCX,ETV,True,usd,0001472494,BBG000QZBM11,BBG001T8T4Q0,2026-08-11T06:10:16.602444897Z
BNOV,Innovator U.S. Equity Buffer ETF - November,stocks,us,BATS,ETF,True,usd,0001482688,BBG00QPZ0H72,BBG00QPZ0JC2,2026-08-11T06:10:16.602444977Z
BNR,Burning Rock Biotech Limited American Depositary Shares,stocks,us,XNAS,ADRC,True,usd,0001792267,BBG00V1JWDY7,BBG00V1JWFQ1,2026-08-11T06:10:16.602445087Z
BNRG,Brenmiller Energy Ltd Ordinary Shares,stocks,us,XNAS,CS,True,usd,0001901215,,,2026-08-11T06:10:16.602445167Z
BNS,Bank of Nova Scotia,stocks,us,XNYS,CS,True,usd,0000009631,BBG000C2RV03,BBG001S5Y2B1,2026-08-11T06:10:16.602445248Z
BNT,Brookfield Wealth Solutions Ltd.,stocks,us,XNYS,CS,True,usd,0001837429,,,2026-08-11T06:10:16.602445338Z
BNTC,Benitec Biopharma Inc. Common Stock,stocks,us,XNAS,CS,True,usd,0001808898,BBG00R712L56,BBG00R712L65,2026-08-11T06:10:16.602445408Z
BNTX,BioNTech SE American Depositary Share,stocks,us,XNAS,ADRC,True,usd,0001776985,BBG00Q70B3V1,BBG00Q70B4L0,2026-08-11T06:10:16.602445488Z
BNY,Bank of New York Mellon Corporation,stocks,us,XNYS,CS,True,usd,0001390777,BBG000BD8PN9,BBG001S5P6Q6,2026-08-11T06:10:16.602445568Z
BNYpK,"The Bank of New York Mellon Corporation Depositary Shares, each representing a 1/4,000th interest in a share of Series K Noncumulative Perpetual Preferred Stock",stocks,us,XNYS,PFD,True,usd,0001390777,,,2026-08-11T06:10:16.602445648Z
BOAT,SonicShares Global Shipping ETF,stocks,us,ARCX,ETF,True,usd,0001387131,BBG0120SRF72,BBG0120SRG34,2026-08-11T06:10:16.602445728Z
BOBP,CORE16 Best of Breed Premier Index ETF,stocks,us,ARCX,ETF,True,usd,0001452937,BBG01TV9SN91,BBG01TV9SP69,2026-08-11T06:10:16.602445809Z
BOBS,"Bobs Discount Furniture, Inc.",stocks,us,XNYS,CS,True,usd,0002085187,BBG000BR4RL0,BBG001SBKPR5,2026-08-11T06:10:16.602445889Z
BOC,Boston Omaha Corporation,stocks,us,XNYS,CS,True,usd,0001494582,BBG0021J73K6,BBG0021J74C3,2026-08-11T06:10:16.602445969Z
BOCT,Innovator U.S. Equity Buffer ETF - October,stocks,us,BATS,ETF,True,usd,0001482688,BBG00M4NZ5C3,BBG00M4NZ631,2026-08-11T06:10:16.602446049Z
BODI,"The Beachbody Company, Inc. Class A Common Stock",stocks,us,XNAS,CS,True,usd,0001826889,BBG00XTHJJ15,BBG00XTHJJ24,2026-08-11T06:10:16.602446119Z
BOE,BlackRock Enhanced Global Dividend Trust,stocks,us,XNYS,FUND,True,usd,0001320375,BBG000BGHVY7,BBG001SB82H1,2026-08-11T06:10:16.60244638Z
BOEG,Leverage Shares 2X Long BA Daily ETF,stocks,us,XNAS,ETF,True,usd,0001976322,BBG01VH4C1W2,BBG01VH4C2T4,2026-08-11T06:10:16.60244648Z
BOEU,Direxion Shares ETF Trust Direxion Daily BA Bull 2X ETF,stocks,us,XNAS,ETF,True,usd,,BBG01SQB1TB7,BBG01SQB1W93,2026-08-11T06:10:16.60244657Z
BOF,BranchOut Food Inc. Common Stock,stocks,us,XNAS,CS,True,usd,0001962481,BBG01103J5N2,BBG01103J5Q9,2026-08-11T06:10:16.60244666Z
BOH,Bank of Hawaii Corp.,stocks,us,XNYS,CS,True,usd,0000046195,BBG000C8D8G9,BBG001S6R977,2026-08-11T06:10:16.60244674Z
BOHpA,"Bank of Hawaii Corporation Depositary Shares Each Representing a 1/40th Interest in a Share of 4.375% Fixed Rate Non- Cumulative Perpetual Preferred Stock, Series A",stocks,us,XNYS,PFD,True,usd,0000046195,,,2026-08-11T06:10:16.602446821Z
BOHpB,"Bank of Hawaii Corporation Depositary Shares, Each Representing a 1/40th Interest in a Share of 8.000% Fixed Rate Non-Cumulative Perpetual Preferred Stock, Series B",stocks,us,XNYS,PFD,True,usd,0000046195,,,2026-08-11T06:10:16.602446901Z
BOIL,ProShares Ultra Bloomberg Natural Gas,stocks,us,ARCX,ETV,True,usd,0001415311,BBG0024TGRQ2,BBG0024TGSG1,2026-08-11T06:10:16.602447221Z
BOKF,BOK Financial Corp,stocks,us,XNAS,CS,True,usd,0000875357,BBG000CFZ003,BBG001S6VBZ6,2026-08-11T06:10:16.602447372Z
BOLD,"Boundless Bio, Inc. Common Stock",stocks,us,XNAS,CS,True,usd,0001782303,BBG00Q4W34T4,BBG00Q4W34V1,2026-08-11T06:10:16.602447502Z
BOLT,"Bolt Biotherapeutics, Inc. Common Stock",stocks,us,XNAS,CS,True,usd,0001641281,BBG00N8MY5V9,BBG00N8MY5W8,2026-08-11T06:10:16.602447572Z
BON,Bon Natural Life Limited Class A Ordinary Shares,stocks,us,XNAS,CS,True,usd,0001816815,,,2026-08-11T06:10:16.602447662Z
BOND,PIMCO Active Bond Exchange-Traded Fund,stocks,us,XNYS,ETF,True,usd,0001450011,BBG002N12B91,BBG002N12C17,2026-08-11T06:10:16.602447732Z
BOOM,DMC Global Inc. Common Stock,stocks,us,XNAS,CS,True,usd,0000034067,BBG000BDLPF3,BBG001S5PBG6,2026-08-11T06:10:16.602447813Z
BOOT,"Boot Barn Holdings, Inc.",stocks,us,XNYS,CS,True,usd,0001610250,BBG0077SYZV6,BBG007D38ZV3,2026-08-11T06:10:16.602447893Z
BORR,Borr Drilling Limited,stocks,us,XNYS,CS,True,usd,0001715497,,,2026-08-11T06:10:16.602447973Z
BOSC,B.O.S. Better On-Line Solutions Ltd.,stocks,us,XNAS,CS,True,usd,0001005516,,,2026-08-11T06:10:16.602448203Z
BOT,"RoboStrategy, Inc. Common Stock",stocks,us,XNAS,CS,True,usd,0002081119,BBG01XB0FY02,BBG01XB0FY11,2026-08-11T06:10:16.602448283Z
BOTJ,"Bank of the James Financial Group, Inc",stocks,us,XNAS,CS,True,usd,0001275101,BBG000BXNHY4,BBG001SFGH35,2026-08-11T06:10:16.602448404Z
BOTT,Themes ETF Trust Themes Humanoid Robotics ETF,stocks,us,XNAS,ETF,True,usd,0001976322,BBG01MJZH6V6,BBG01MJZH7V4,2026-08-11T06:10:16.602448484Z
BOTZ,Global X Funds Global X Robotics & Artificial Intelligence ETF,stocks,us,XNAS,ETF,True,usd,0001432353,BBG00DSB42G0,BBG00DSB42H9,2026-08-11T06:10:16.602448564Z
BOUT,CapForce IBD Breakout Opportunities ETF,stocks,us,ARCX,ETF,True,usd,0001482688,BBG021N0M950,BBG021N0MB64,2026-08-11T06:10:16.602448644Z
BOW,Bowhead Specialty Holdings Inc.,stocks,us,XNYS,CS,True,usd,0002002473,BBG01MF58GZ0,BBG01MF58HT5,2026-08-11T06:10:16.602448714Z
BOX,"BOX, INC.",stocks,us,XNYS,CS,True,usd,0001372612,BBG000PMSK08,BBG001T5R852,2026-08-11T06:10:16.602448794Z
BOXA,Alpha Architect Aggregate Bond ETF,stocks,us,BATS,ETF,True,usd,,BBG01R9HRTW4,BBG01R9HRVW9,2026-08-11T06:10:16.602449195Z
BOXL,Boxlight Corporation Class A Common Stock,stocks,us,XNAS,CS,True,usd,0001624512,BBG007G8KFW8,BBG007G8KFX7,2026-08-11T06:10:16.602449285Z
BOXX,Alpha Architect 1-3 Month Box ETF,stocks,us,BATS,ETF,True,usd,,BBG01BBK3Q88,BBG01BBK3R95,2026-08-11T06:10:16.602449365Z
BP,BP p.l.c.,stocks,us,XNYS,ADRC,True,usd,0000313807,BBG000BT4FC2,BBG001S5W4F5,2026-08-11T06:10:16.602449446Z
BPAC,Blueport Acquisition Ltd Class A Ordinary Shares,stocks,us,XNAS,CS,True,usd,0002064177,,,2026-08-11T06:10:16.602449516Z
BPACR,Blueport Acquisition Ltd Rights,stocks,us,XNAS,RIGHT,True,usd,0002064177,,,2026-08-11T06:10:16.602449596Z
BPACU,Blueport Acquisition Ltd Units,stocks,us,XNAS,UNIT,True,usd,0002064177,,,2026-08-11T06:10:16.602449676Z
BPAY,iShares FinTech Active ETF,stocks,us,ARCX,ETF,True,usd,0001761055,BBG0195P5FB7,BBG0195P5G61,2026-08-11T06:10:16.602449756Z
BPH,BP p.l.c. ADRhedged,stocks,us,ARCX,ETS,True,usd,,BBG01RJX2V23,BBG01RJX2W03,2026-08-11T06:10:16.602449987Z
BPI,Grayscale Bitcoin Premium Income ETF,stocks,us,ARCX,ETF,True,usd,,BBG01T4V23Y6,BBG01T4V2571,2026-08-11T06:10:16.602450057Z
BPOP,Popular Inc,stocks,us,XNAS,CS,True,usd,0000763901,BBG000BDNB35,BBG001S5PC01,2026-08-11T06:10:16.602450217Z
BPOPM,"Popular, Inc. Popular Capital Tr II 6.125%",stocks,us,XNAS,PFD,True,usd,0000763901,,,2026-08-11T06:10:16.602450297Z
BPRE,Bluerock Private Real Estate Fund,stocks,us,XNYS,CS,True,usd,0001551047,BBG0064MN150,BBG0064MN169,2026-08-11T06:10:16.602450377Z
BPRN,"Princeton Bancorp, Inc. Common Stock (PA)",stocks,us,XNAS,CS,True,usd,0001913971,BBG017RPLKV6,BBG017RPLKW5,2026-08-11T06:10:16.602450458Z
BPRO,Bitwise Proficio Currency Debasement ETF,stocks,us,ARCX,ETF,True,usd,,BBG01ZRDWJ42,BBG01ZRDWK58,2026-08-11T06:10:16.602450528Z
BPYPM,"Brookfield Property Partners L.P. 6.25% Class A Cumulative Redeemable Preferred Units, Series 1",stocks,us,XNAS,CS,True,usd,,,,2026-08-11T06:10:16.602450608Z
BPYPN,"Brookfield Property Partners L.P. 5.750% Class A Cumulative Redeemable Perpetual Preferred Units, Series 3",stocks,us,XNAS,CS,True,usd,0001085359,,,2026-08-11T06:10:16.602450688Z
BPYPO,"Brookfield Property Partners L.P. 6.375% Class A Cumulative Redeemable Perpetual Preferred Units, Series 2",stocks,us,XNAS,CS,True,usd,0001085359,,,2026-08-11T06:10:16.602450768Z
BPYPP,Brookfield Property Partners L.P. 6.50% Class A Cumulative Redeemable Perpetual Preferred Units,stocks,us,XNAS,PFD,True,usd,0001085359,,,2026-08-11T06:10:16.602450848Z
BQ,Boqii Holding Limited,stocks,us,XASE,CS,True,usd,0001815021,,,2026-08-11T06:10:16.602450929Z
BR,Broadridge Financial Solutions Inc,stocks,us,XNYS,CS,True,usd,0001383312,BBG000PPFKQ7,BBG001SR7MB9,2026-08-11T06:10:16.602451009Z
BRAG,Bragg Gaming Group Inc. Common Shares,stocks,us,XNAS,CS,True,usd,0001867834,BBG008M1H9Y0,BBG001SM49Z6,2026-08-11T06:10:16.602451099Z
BRAI,Braiin Limited Common Stock,stocks,us,XNAS,CS,True,usd,0002076975,,,2026-08-11T06:10:16.602451179Z
BRAZ,Global X Brazil Active ETF,stocks,us,ARCX,ETF,True,usd,,BBG01HVF38B0,BBG01HVF3955,2026-08-11T06:10:16.602451259Z
BRBI,BRBI BR Partners S.A. ADSs,stocks,us,XNAS,ADRC,True,usd,0002058601,BBG01XB0GM34,BBG01XB0GN14,2026-08-11T06:10:16.60245147Z
BRBR,"BellRing Brands, Inc.",stocks,us,XNYS,CS,True,usd,0001772016,BBG013QNJHP8,BBG013QNJHW0,2026-08-11T06:10:16.60245155Z
BRBS,"Blue Ridge Bankshares, Inc.",stocks,us,XASE,CS,True,usd,0000842717,BBG000BJ7RY1,BBG001S7TDQ3,2026-08-11T06:10:16.60245167Z
BRC,Brady Corporation,stocks,us,XNYS,CS,True,usd,0000746598,BBG000BDNV95,BBG001S5PCB9,2026-08-11T06:10:16.60245175Z
BRCB,"Black Rock Coffee Bar, Inc. Class A Common Stock",stocks,us,XNAS,CS,True,usd,0002068577,BBG016NMK1H8,BBG016NMK1M2,2026-08-11T06:10:16.60245183Z
BRCC,BRC Inc.,stocks,us,XNYS,CS,True,usd,0001891101,BBG0157C6612,BBG0157C6630,2026-08-11T06:10:16.60245191Z
BRCE,MFS Blended Research Core Equity ETF,stocks,us,XNYS,ETF,True,usd,,BBG01XX3ZFY4,BBG01XX3ZHG0,2026-08-11T06:10:16.602451981Z
BREE,MFS Blended Research Emerging Markets Equity ETF,stocks,us,XNYS,ETF,True,usd,,BBG020LRTV59,BBG020LRTW20,2026-08-11T06:10:16.602452061Z
BREM,iShares Emerging Markets Bond Active ETF,stocks,us,XNAS,ETF,True,usd,0001804196,BBG01XV46D80,BBG01XV46FY6,2026-08-11T06:10:16.602452151Z
BRES,Burney U.S. Equity Select ETF,stocks,us,XNAS,ETF,True,usd,,BBG01ZW9NQ58,BBG01ZW9NR29,2026-08-11T06:10:16.602452231Z
BREW,Corgi Coffee & Energy Drinks ETF,stocks,us,BATS,ETF,True,usd,0002078265,BBG0223F8XJ5,BBG0223F8ZP3,2026-08-11T06:10:16.602452311Z
BREZ,Breeze Acquisition Corp. II Ordinary Shares,stocks,us,XNAS,CS,True,usd,0002095443,,,2026-08-11T06:10:16.602452391Z
BREZR,Breeze Acquisition Corp. II Right,stocks,us,XNAS,RIGHT,True,usd,0002095443,,,2026-08-11T06:10:16.602452471Z
BRF,VanEck Brazil Small-Cap ETF,stocks,us,ARCX,ETF,True,usd,0001137360,BBG000LZL692,BBG001T4HDX4,2026-08-11T06:10:16.602452552Z
BRFH,Barfresh Food Group Inc. Common Stock,stocks,us,XNAS,CS,True,usd,0001487197,BBG001P11Y10,BBG001V18136,2026-08-11T06:10:16.602452632Z
BRHY,BlackRock ETF Trust II iShares High Yield Active ETF,stocks,us,XNAS,ETF,True,usd,0001804196,BBG01NC76QB3,BBG01NC76R94,2026-08-11T06:10:16.602452712Z
BRIA,BrilliA Inc,stocks,us,XASE,CS,True,usd,0002000230,,,2026-08-11T06:10:16.602452922Z
BRIB,FIS Bright Portfolios Core Bond ETF,stocks,us,ARCX,ETF,True,usd,,BBG0200WT2W5,BBG0200WT3X2,2026-08-11T06:10:16.602452992Z
BRID,Bridgford Foods Corp,stocks,us,XNAS,CS,True,usd,0000014177,BBG000BDPZ58,BBG001S5PCL8,2026-08-11T06:10:16.602453113Z
BRIE,MFS Blended Research International Equity ETF,stocks,us,XNYS,ETF,True,usd,,BBG01XX3RS57,BBG01XX3RVQ7,2026-08-11T06:10:16.602453193Z
BRIF,FIS Bright Portfolios Focused Equity ETF,stocks,us,ARCX,ETF,True,usd,0001848758,BBG020DGXKB4,BBG020DGXLG7,2026-08-11T06:10:16.602453273Z
BRK.A,Berkshire Hathaway Inc.,stocks,us,XNYS,CS,True,usd,0001067983,BBG000DWCFL4,BBG001S902J2,2026-08-11T06:10:16.602453353Z
BRK.B,BERKSHIRE HATHAWAY Class B,stocks,us,XNYS,CS,True,usd,0001067983,BBG000DWG505,BBG001S90346,2026-08-11T06:10:16.602453433Z
BRKC,YieldMax BRK.B Option Income Strategy ETF,stocks,us,ARCX,ETS,True,usd,,BBG01V7HYT59,BBG01V7HYV09,2026-08-11T06:10:16.602453513Z
BRKH,Burtech Acquisition Corp II Class A Ordinary Shares,stocks,us,XNAS,CS,True,usd,0002098707,,,2026-08-11T06:10:16.602453584Z
BRKHU,Burtech Acquisition Corp II Unit,stocks,us,XNAS,UNIT,True,usd,0002098707,,,2026-08-11T06:10:16.602453664Z
BRKHW,Burtech Acquisition Corp II Warrants,stocks,us,XNAS,WARRANT,True,usd,0002098707,,,2026-08-11T06:10:16.602453744Z
BRKL,Corgi BRKB 2x Daily ETF,stocks,us,BATS,ETF,True,usd,,BBG02314PWQ5,BBG02314PXP4,2026-08-11T06:10:16.602453824Z
BRKR,Bruker Corporation,stocks,us,XNAS,CS,True,usd,0001109354,BBG000CL1FG7,BBG001SF69P0,2026-08-11T06:10:16.602453904Z
BRKRP,"Bruker Corporation 6.375% Mandatory Convertible Preferred Stock, Series A",stocks,us,XNAS,PFD,True,usd,0001109354,,,2026-08-11T06:10:16.602453984Z
BRKU,Direxion Shares ETF Trust Direxion Daily BRKB Bull 2X ETF,stocks,us,XNAS,ETF,True,usd,,BBG01QXYHG15,BBG01QXYHH68,2026-08-11T06:10:16.602454055Z
BRKW,Roundhill BRKB WeeklyPay ETF,stocks,us,BATS,ETF,True,usd,,BBG01VKRKMR8,BBG01VKRKNP8,2026-08-11T06:10:16.602454215Z
BRLN,iShares Floating Rate Loan Active ETF,stocks,us,BATS,ETF,True,usd,0001804196,BBG019X2ZDC8,BBG019X2ZF79,2026-08-11T06:10:16.602454435Z
BRLS,Borealis Foods Inc. Class A Common Shares,stocks,us,XNAS,CS,True,usd,0001852973,BBG011YN1DX2,BBG011YN1FR4,2026-08-11T06:10:16.602454515Z
BRLSW,Borealis Foods Inc. Warrant,stocks,us,XNAS,WARRANT,True,usd,0001852973,BBG0120CK9R6,,2026-08-11T06:10:16.602454616Z
BRLT,"Brilliant Earth Group, Inc. Class A Common Stock",stocks,us,XNAS,CS,True,usd,0001866757,BBG012C7HQM5,BBG012C7HRG0,2026-08-11T06:10:16.602454696Z
BRN,"Barnwell Industries, Inc.",stocks,us,XASE,CS,True,usd,0000010048,BBG000BDQW54,BBG001S5PCS1,2026-08-11T06:10:16.602454786Z
BRNS,Barinthus Biotherapeutics plc American Depositary Shares,stocks,us,XNAS,ADRC,True,usd,0001828185,BBG00ZZPCP09,BBG00ZZPCPV5,2026-08-11T06:10:16.602454866Z
BRNY,Burney U.S. Factor Rotation ETF,stocks,us,XNAS,ETF,True,usd,,BBG019RXP2W0,BBG019RXP3Q5,2026-08-11T06:10:16.602454946Z
BRO,"Brown & Brown, Inc.",stocks,us,XNYS,CS,True,usd,0000079282,BBG000BWSGF4,BBG001S5XFN0,2026-08-11T06:10:16.602455117Z
BROL,Baron Risk Optimized Large Cap ETF,stocks,us,XNYS,ETF,True,usd,,BBG022JF5F00,BBG022JF5FZ2,2026-08-11T06:10:16.602455197Z
BROS,Dutch Bros Inc.,stocks,us,XNYS,CS,True,usd,0001866581,BBG01282ZHB3,BBG01282ZJ56,2026-08-11T06:10:16.602455277Z
BRR,"ProCap Financial, Inc. Common Stock",stocks,us,XNAS,CS,True,usd,0002076163,BBG01XG03RZ7,BBG01XG03SP6,2026-08-11T06:10:16.602455347Z
BRRR,Coinshares Bitcoin ETF Common Shares of Beneficial Interest,stocks,us,XNAS,ETF,True,usd,0001841175,BBG01KYQ3X49,BBG01KYQ3Y01,2026-08-11T06:10:16.602455427Z
BRRWW,"ProCap Financial, Inc. Warrant",stocks,us,XNAS,WARRANT,True,usd,0002056263,BBG01YY33Q45,,2026-08-11T06:10:16.602455507Z
BRSL,Brightstar Lottery PLC,stocks,us,XNYS,CS,True,usd,0001619762,,,2026-08-11T06:10:16.602455587Z
BRSM,MFS Blended Research Small-Mid Cap ETF,stocks,us,ARCX,ETF,True,usd,,BBG022JD00T2,BBG022JD06W5,2026-08-11T06:10:16.602455668Z
BRSP,"BrightSpire Capital, Inc.",stocks,us,XNYS,CS,True,usd,0001717547,BBG00JVRRQF1,BBG00JVRRR41,2026-08-11T06:10:16.602455748Z
BRSV,EA Bridgeway Select Small-Cap Value ETF,stocks,us,BATS,ETF,True,usd,,BBG023X6LBC0,BBG023X6LC92,2026-08-11T06:10:16.602455968Z
BRT,BRT Apartments Corp,stocks,us,XNYS,CS,True,usd,0000014846,BBG000BDR7W8,BBG001S5PCX5,2026-08-11T06:10:16.602456048Z
BRTMU,B&R Technology Merger Corp. Units,stocks,us,XNAS,UNIT,True,usd,0002131350,,,2026-08-11T06:10:16.602456149Z
BRTR,BlackRock ETF Trust II iShares Total Return Active ETF,stocks,us,XNAS,ETF,True,usd,0001804196,BBG01KDV3RF2,BBG01KDV3S97,2026-08-11T06:10:16.602456229Z
BRTX,"BioRestorative Therapies, Inc. Common Stock (NV)",stocks,us,XNAS,CS,True,usd,0001505497,BBG000BNB165,BBG001S90FP6,2026-08-11T06:10:16.602456309Z
BRUN,Boost Run Inc. Class A Common Stock,stocks,us,XNAS,CS,True,usd,0002090646,BBG0226DB5F8,BBG0226DB5M0,2026-08-11T06:10:16.602456379Z
BRUNW,Boost Run Inc. Warrant,stocks,us,XNAS,WARRANT,True,usd,0002090646,BBG0226FMR45,,2026-08-11T06:10:16.602456459Z
BRVE,"Braveheart Bio, Inc. Common Stock",stocks,us,XNAS,CS,True,usd,0002131524,BBG01YCFNLC2,BBG01YCFNLV1,2026-08-11T06:10:16.602456539Z
BRW,Saba Capital Income & Opportunities Fund,stocks,us,XNYS,FUND,True,usd,0000826020,BBG000C7HM76,BBG001S6Q335,2026-08-11T06:10:16.602456619Z
BRX,BRIXMOR PROPERTY GROUP INC.,stocks,us,XNYS,CS,True,usd,0001581068,BBG001LFLZZ1,BBG001V0T8T2,2026-08-11T06:10:16.6024567Z
BRZE,"Braze, Inc. Class A Common Stock",stocks,us,XNAS,CS,True,usd,0001676238,BBG00294NX45,BBG00294NX54,2026-08-11T06:10:16.60245708Z
BRZU,Direxion Daily MSCI Brazil Bull 2X ETF,stocks,us,ARCX,ETF,True,usd,0001424958,BBG004F0NT23,BBG004F0NTV1,2026-08-11T06:10:16.60245715Z
BRZX,Corgi Brazil 2x Daily ETF,stocks,us,BATS,ETF,True,usd,0002078265,BBG022KFTQP1,BBG022KFTRN1,2026-08-11T06:10:16.602457231Z
BSAA,BEST SPAC I Acquisition Corp. Class A Ordinary Shares,stocks,us,XNAS,CS,True,usd,0002051587,,,2026-08-11T06:10:16.602457311Z
BSAAR,BEST SPAC I Acquisition Corp. Rights,stocks,us,XNAS,RIGHT,True,usd,0002051587,,,2026-08-11T06:10:16.602457391Z
BSAAU,BEST SPAC I Acquisition Corp. Unit,stocks,us,XNAS,UNIT,True,usd,0002051587,,,2026-08-11T06:10:16.602457461Z
BSAC,Banco Santander-Chile,stocks,us,XNYS,ADRC,True,usd,0001027552,BBG000BCZQ13,BBG001S5VVS2,2026-08-11T06:10:16.602457661Z
BSBK,Bogota Financial Corp. Common Stock,stocks,us,XNAS,CS,True,usd,0001787414,BBG00Q709YV6,BBG00Q709ZL4,2026-08-11T06:10:16.602457742Z
BSBR,BANCO SANTANDER (BRASIL) SA,stocks,us,XNYS,ADRC,True,usd,0001471055,BBG000QSFS65,BBG001T5JFT9,2026-08-11T06:10:16.602457842Z
BSCA,Invesco BulletShares 2036 Corporate Bond ETF,stocks,us,XNAS,ETF,True,usd,0001657201,BBG022QVK2N4,BBG022QVK3S7,2026-08-11T06:10:16.602457932Z
BSCQ,Invesco BulletShares 2026 Corporate Bond ETF,stocks,us,XNAS,ETF,True,usd,0001657201,BBG00KJR2JD7,BBG00KJR2K35,2026-08-11T06:10:16.602458012Z
BSCR,Invesco BulletShares 2027 Corporate Bond ETF,stocks,us,XNAS,ETF,True,usd,0001657201,BBG00KJR2KC5,BBG00KJR2L24,2026-08-11T06:10:16.602458102Z
BSCS,Invesco BulletShares 2028 Corporate Bond ETF,stocks,us,XNAS,ETF,True,usd,0001657201,BBG00LNJW4Y5,BBG00LNJW5P2,2026-08-11T06:10:16.602458193Z
BSCT,Invesco BulletShares 2029 Corporate Bond ETF,stocks,us,XNAS,ETF,True,usd,0001657201,BBG00Q5D6Z22,BBG00Q5D6ZV0,2026-08-11T06:10:16.602458273Z
BSCU,Invesco BulletShares 2030 Corporate Bond ETF,stocks,us,XNAS,ETF,True,usd,0001657201,BBG00X3HYB22,BBG00X3HYBX8,2026-08-11T06:10:16.602458353Z
BSCV,Invesco BulletShares 2031 Corporate Bond ETF,stocks,us,XNAS,ETF,True,usd,0001657201,BBG012JBHC13,BBG012JBHCX8,2026-08-11T06:10:16.602458433Z
BSCW,Invesco BulletShares 2032 Corporate Bond ETF,stocks,us,XNAS,ETF,True,usd,0001657201,BBG019JCS831,BBG019JCS8Z6,2026-08-11T06:10:16.602458503Z
BSCX,Invesco BulletShares 2033 Corporate Bond ETF,stocks,us,XNAS,ETF,True,usd,0001657201,BBG01J7CZNX8,BBG01J7CZQ61,2026-08-11T06:10:16.602458583Z
BSCY,Invesco BulletShares 2034 Corporate Bond ETF,stocks,us,XNAS,ETF,True,usd,0001657201,BBG01N4CTQ26,BBG01N4CTQX2,2026-08-11T06:10:16.602458663Z
BSCZ,Invesco BulletShares 2035 Corporate Bond ETF,stocks,us,XNAS,ETF,True,usd,0001657201,BBG01VDZYY60,BBG01VDZYZ94,2026-08-11T06:10:16.602458754Z
BSEM,"BioStem Technologies, Inc. Common Stock",stocks,us,XNAS,CS,True,usd,0001658678,BBG000JZMH09,BBG001SC0G68,2026-08-11T06:10:16.602458824Z
BSEP,Innovator U.S. Equity Buffer ETF - September,stocks,us,BATS,ETF,True,usd,0001482688,BBG00Q4022R1,BBG00Q4023H0,2026-08-11T06:10:16.602458904Z
BSET,Bassett Furniture Industries I,stocks,us,XNAS,CS,True,usd,0000010329,BBG000BDRR63,BBG001S5PDC6,2026-08-11T06:10:16.602459114Z
BSGR,Invesco BulletShares 2027 Treasury Bond ETF,stocks,us,XNAS,ETF,True,usd,0001657201,BBG022QVFJM4,BBG022QVFKK3,2026-08-11T06:10:16.602459194Z
BSGT,Invesco BulletShares 2029 Treasury Bond ETF,stocks,us,XNAS,ETF,True,usd,0001657201,BBG022QS1R02,BBG022QS1SC7,2026-08-11T06:10:16.602459315Z
BSIN,Big Sky Industrial Inc. Common Stock,stocks,us,XNAS,CS,True,usd,0000101594,BBG000BW5LG7,BBG001S5X3T1,2026-08-11T06:10:16.602459395Z
BSJQ,Invesco BulletShares 2026 High Yield Corporate Bond ETF,stocks,us,XNAS,ETF,True,usd,0001657201,BBG00LNJYD19,BBG00LNJYDS0,2026-08-11T06:10:16.602459475Z
BSJR,Invesco BulletShares 2027 High Yield Corporate Bond ETF,stocks,us,XNAS,ETF,True,usd,0001657201,BBG00Q5LFGF2,BBG00Q5LFH79,2026-08-11T06:10:16.602459565Z
BSJS,Invesco BulletShares 2028 High Yield Corporate Bond ETF,stocks,us,XNAS,ETF,True,usd,0001657201,BBG00X3HZJ42,BBG00X3HZJZ8,2026-08-11T06:10:16.602459645Z
BSJT,Invesco BulletShares 2029 High Yield Corporate Bond ETF,stocks,us,XNAS,ETF,True,usd,0001657201,BBG012JBJ2Y7,BBG012JBJ3V8,2026-08-11T06:10:16.602459725Z
BSJU,Invesco BulletShares 2030 High Yield Corporate Bond ETF,stocks,us,XNAS,ETF,True,usd,0001657201,BBG019JCWJW0,BBG019JCWKY5,2026-08-11T06:10:16.602459816Z
BSJV,Invesco BulletShares 2031 High Yield Corporate Bond ETF,stocks,us,XNAS,ETF,True,usd,0001657201,BBG01J7S1505,BBG01J7S15V1,2026-08-11T06:10:16.602459896Z
BSJW,Invesco BulletShares 2032 High Yield Corporate Bond ETF,stocks,us,XNAS,ETF,True,usd,0001657201,BBG01N4CX322,BBG01N4CX3X8,2026-08-11T06:10:16.602459976Z
BSJX,Invesco BulletShares 2033 High Yield Corporate Bond ETF,stocks,us,XNAS,ETF,True,usd,0001657201,BBG01VF0CL85,BBG01VF0CN27,2026-08-11T06:10:16.602460056Z
BSJY,Invesco BulletShares 2034 High Yield Corporate Bond ETF,stocks,us,XNAS,ETF,True,usd,0001657201,BBG022QR1FR1,BBG022QR1H88,2026-08-11T06:10:16.602460136Z
BSL,Blackstone Senior Floating Rate 2027 Term Fund,stocks,us,XNYS,FUND,True,usd,0001486298,BBG000QFYDY4,BBG001T6YK55,2026-08-11T06:10:16.602460216Z
BSM,"Black Stone Minerals, L.P.",stocks,us,XNYS,CS,True,usd,0001621434,BBG008B5CF29,BBG008B5CF38,2026-08-11T06:10:16.602460287Z
BSMC,Brandes U.S. Small-Mid Cap Value ETF,stocks,us,BATS,ETF,True,usd,0001616265,BBG01JM4XMQ1,BBG01JM4XNR8,2026-08-11T06:10:16.602460367Z
BSMQ,Invesco BulletShares 2026 Municipal Bond ETF,stocks,us,XNAS,ETF,True,usd,0001657201,BBG00Q8HN7X9,BBG00Q8HN8N8,2026-08-11T06:10:16.602460697Z
BSMR,Invesco BulletShares 2027 Municipal Bond ETF,stocks,us,XNAS,ETF,True,usd,0001657201,BBG00Q9CYY68,BBG00Q9CYYY7,2026-08-11T06:10:16.602460798Z
BSMS,Invesco BulletShares 2028 Municipal Bond ETF,stocks,us,XNAS,ETF,True,usd,0001657201,BBG00Q8HQSW1,BBG00Q8HQTM0,2026-08-11T06:10:16.602460888Z
BSMT,Invesco BulletShares 2029 Municipal Bond ETF,stocks,us,XNAS,ETF,True,usd,0001657201,BBG00Q9CZ7W7,BBG00Q9CZ8M6,2026-08-11T06:10:16.602460968Z
BSMU,Invesco BulletShares 2030 Municipal Bond ETF,stocks,us,XNAS,ETF,True,usd,0001657201,BBG00X3HX8D8,BBG00X3HX973,2026-08-11T06:10:16.602461048Z
BSMV,Invesco BulletShares 2031 Municipal Bond ETF,stocks,us,XNAS,ETF,True,usd,0001657201,BBG012JBHTD3,BBG012JBHV75,2026-08-11T06:10:16.602461118Z
BSMW,Invesco BulletShares 2032 Municipal Bond ETF,stocks,us,XNAS,ETF,True,usd,0001657201,BBG01FP6V615,BBG01FP6V6X0,2026-08-11T06:10:16.602461198Z
BSMY,Invesco BulletShares 2034 Municipal Bond ETF,stocks,us,XNAS,ETF,True,usd,0001657201,BBG01PMM41N8,BBG01PMM42H3,2026-08-11T06:10:16.602461288Z
BSMZ,Invesco BulletShares 2035 Municipal Bond ETF,stocks,us,XNAS,ETF,True,usd,0001657201,BBG01X5XMKH1,BBG01X5XMLD3,2026-08-11T06:10:16.602461369Z
BSOL,Bitwise Solana Staking ETF,stocks,us,ARCX,ETV,True,usd,0002045872,BBG01Y5PF186,BBG01Y5PF266,2026-08-11T06:10:16.602461449Z
BSP,Bending Spoons S.p.A. Ordinary Shares,stocks,us,XNAS,CS,True,usd,0002004711,,,2026-08-11T06:10:16.602461529Z
BSR,Beacon Unified Catalyst ETF,stocks,us,ARCX,ETF,True,usd,,BBG01G9740W8,BBG01G9741Q3,2026-08-11T06:10:16.602461599Z
BSRR,Sierra Bancorp,stocks,us,XNAS,CS,True,usd,0001130144,BBG000BDJ1L2,BBG001S6XR89,2026-08-11T06:10:16.602461679Z
BSSX,Invesco BulletShares 2033 Municipal Bond ETF,stocks,us,XNAS,ETF,True,usd,0001657201,BBG01J7RZZQ6,BBG01J7S00K5,2026-08-11T06:10:16.602461759Z
BST,BlackRock Science and Technology Trust,stocks,us,XNYS,FUND,True,usd,0001616678,BBG0077G51Q5,BBG0077G51R4,2026-08-11T06:10:16.60246184Z
BSTP,Innovator Buffer Step-Up Strategy ETF,stocks,us,ARCX,ETS,True,usd,0001415726,BBG015LHC1B8,BBG015LHC2K6,2026-08-11T06:10:16.60246192Z
BSTS,Invesco BulletShares 2028 Treasury Bond ETF,stocks,us,XNAS,ETF,True,usd,0001657201,BBG022QRZ8Y2,BBG022QRZB84,2026-08-11T06:10:16.60246225Z
BSTU,Invesco BulletShares 2030 Treasury Bond ETF,stocks,us,XNAS,ETF,True,usd,0001657201,BBG022QR7659,BBG022QR7855,2026-08-11T06:10:16.60246232Z
BSTV,Invesco BulletShares 2031 Treasury Bond ETF,stocks,us,XNAS,ETF,True,usd,0001657201,BBG022QS67Y4,BBG022QS69K5,2026-08-11T06:10:16.602462421Z
BSTZ,BlackRock Science and Technology Term Trust,stocks,us,XNYS,FUND,True,usd,0001768666,BBG00P5271Z6,BBG00P5272Q4,2026-08-11T06:10:16.602462501Z
BSV,Vanguard Short-Term Bond ETF,stocks,us,ARCX,ETF,True,usd,0000794105,BBG000R44H09,BBG001ST39Q2,2026-08-11T06:10:16.602462902Z
BSVN,Bank7 Corp. Common stock,stocks,us,XNAS,CS,True,usd,0001746129,BBG00LV100N0,BBG00LV101D9,2026-08-11T06:10:16.602462982Z
BSVO,EA Bridgeway Omni Small-Cap Value ETF,stocks,us,XNAS,ETF,True,usd,,BBG01FN0H787,BBG01FN0H876,2026-08-11T06:10:16.602463062Z
BSX,Boston Scientific Corp.,stocks,us,XNYS,CS,True,usd,0000885725,BBG000C0LW92,BBG001S63L94,2026-08-11T06:10:16.602463142Z
BSY,"Bentley Systems, Incorporated Class B Common Stock",stocks,us,XNAS,CS,True,usd,0001031308,BBG000BMSRR9,BBG001SBWGV7,2026-08-11T06:10:16.602463222Z
BTAI,"BioXcel Therapeutics, Inc. Common Stock",stocks,us,XNAS,CS,True,usd,0001720893,BBG00K20GVD2,BBG00K20GW31,2026-08-11T06:10:16.602463302Z
BTAL,AGF U.S. Market Neutral Anti-Beta Fund,stocks,us,ARCX,ETF,True,usd,0001479598,BBG0021PGZZ5,BBG0021PH0S9,2026-08-11T06:10:16.602463383Z
BTBD,"BT Brands, Inc. Common Stock",stocks,us,XNAS,CS,True,usd,0001718224,BBG00PZ5P5N0,BBG00PZ5P6L0,2026-08-11T06:10:16.602463463Z
BTBDW,"BT Brands, Inc. Warrant",stocks,us,XNAS,WARRANT,True,usd,0001718224,BBG013GN9R23,,2026-08-11T06:10:16.602463543Z
BTBT,"Bit Digital, Inc. Ordinary Shares",stocks,us,XNAS,CS,True,usd,0001710350,,,2026-08-11T06:10:16.602463623Z
BTC,Grayscale Bitcoin Mini Trust ETF,stocks,us,ARCX,ETV,True,usd,0002015034,BBG01NX635X7,BBG01NX636V7,2026-08-11T06:10:16.602463703Z
BTCC,Grayscale Bitcoin Covered Call ETF,stocks,us,ARCX,ETF,True,usd,,BBG01T4T76F0,BBG01T4T77S4,2026-08-11T06:10:16.602463773Z
BTCI,NEOS Bitcoin High Income ETF,stocks,us,BATS,ETF,True,usd,0001848758,BBG01Q9WJCG7,BBG01Q9WJDB0,2026-08-11T06:10:16.602464104Z
BTCK,7RCC Spot Bitcoin and Carbon Credit Futures ETF,stocks,us,ARCX,ETV,True,usd,0001471824,BBG020MGQJ89,BBG020MGQK68,2026-08-11T06:10:16.602464174Z
BTCL,T-Rex 2X Long Bitcoin Daily Target ETF,stocks,us,BATS,ETF,True,usd,,BBG01MPCZB94,BBG01MPCZCH3,2026-08-11T06:10:16.602464284Z
BTCO,Invesco Galaxy Bitcoin ETF,stocks,us,BATS,ETF,True,usd,0001855781,BBG01KY66GF5,BBG01KY66H90,2026-08-11T06:10:16.602464354Z
BTCS,BTCS Inc. Common Stock,stocks,us,XNAS,CS,True,usd,0001436229,BBG000HN50C1,BBG001T3BGY4,2026-08-11T06:10:16.602464435Z
BTCT,BTC Digital Ltd. Ordinary Shares,stocks,us,XNAS,CS,True,usd,0001796514,,,2026-08-11T06:10:16.602464515Z
BTCU,DIREXION DAILY BITCOIN BULL 2X ETF,stocks,us,ARCX,ETF,True,usd,,BBG022DRZXH0,BBG022DRZYL3,2026-08-11T06:10:16.602464595Z
BTCW,WisdomTree Bitcoin Fund,stocks,us,BATS,ETF,True,usd,0001850391,BBG01KY5LQM0,BBG01KY5LRG5,2026-08-11T06:10:16.602464665Z
BTCZ,T-Rex 2X Inverse Bitcoin Daily Target ETF,stocks,us,BATS,ETF,True,usd,,BBG01MP1JSY1,BBG01MP1JTS6,2026-08-11T06:10:16.602464745Z
BTDL,GraniteShares 2x Long BTDR Daily ETF,stocks,us,XNAS,ETF,True,usd,,BBG023NK0SJ9,BBG023NK0TJ7,2026-08-11T06:10:16.602464825Z
BTDR,Bitdeer Technologies Group Class A Ordinary Shares,stocks,us,XNAS,CS,True,usd,0001899123,,,2026-08-11T06:10:16.602464905Z
BTE,Baytex Energy Corp.,stocks,us,XNYS,CS,True,usd,0001279495,BBG000BW3M86,BBG001S998N5,2026-08-11T06:10:16.602464996Z
BTF,CoinShares ETF Trust CoinShares Bitcoin and Ether ETF,stocks,us,XNAS,ETF,True,usd,,BBG0132VZKZ0,BBG0132VZLV2,2026-08-11T06:10:16.602465066Z
BTG,B2Gold Corp.,stocks,us,XASE,CS,True,usd,0001429937,BBG000V9KFD5,BBG001T0CNW6,2026-08-11T06:10:16.602465146Z
BTGD,Tidal Trust II STKd 100% Bitcoin & 100% Gold ETF,stocks,us,XNAS,ETF,True,usd,,BBG01PPK4B66,BBG01PPK4C28,2026-08-11T06:10:16.602465226Z
BTGO,"BitGo Holdings, Inc.",stocks,us,XNYS,CS,True,usd,0001740604,BBG01ZK5P6M2,BBG01ZK5P7J4,2026-08-11T06:10:16.602465306Z
BTI,"British American Tobacco p.l.c. American Depositary Shares, American Depositary Shares, each representing one Ordinary Share",stocks,us,XNYS,ADRC,True,usd,0001303523,BBG000BWPXQ8,BBG001S6VV46,2026-08-11T06:10:16.602465517Z
BTMD,Biote Corp. Class A Common Stock,stocks,us,XNAS,CS,True,usd,0001819253,BBG00ZCMCB75,BBG00ZCMCC37,2026-08-11T06:10:16.602465597Z
BTO,John Hancock Financial Opportunities Fund,stocks,us,XNYS,FUND,True,usd,0000925683,BBG000DH1TW7,BBG001S87ZX8,2026-08-11T06:10:16.602465697Z
BTOC,Armlogi Holding Corp. common stock,stocks,us,XNAS,CS,True,usd,0001972529,BBG01K3HP620,BBG01K3HP6X6,2026-08-11T06:10:16.602465777Z
BTOG,Bit Origin Limited Class A Ordinary Shares,stocks,us,XNAS,CS,True,usd,0001735556,,,2026-08-11T06:10:16.602465847Z
BTOT,iShares Total USD Fixed Income Market ETF,stocks,us,ARCX,ETF,True,usd,0001100663,BBG01YX692L7,BBG01YX693H0,2026-08-11T06:10:16.602465927Z
BTQ,BTQ Technologies Corp. Common Stock,stocks,us,XNAS,CS,True,usd,0001821866,BBG01G970R62,BBG001SCZZS4,2026-08-11T06:10:16.602466008Z
BTR,Beacon Tactical Risk ETF,stocks,us,ARCX,ETF,True,usd,,BBG01G965JG6,BBG01G965KC7,2026-08-11T06:10:16.602466088Z
BTRN,Global X Bitcoin Trend Strategy ETF,stocks,us,ARCX,ETF,True,usd,,BBG01LYJJZF9,BBG01LYJK091,2026-08-11T06:10:16.602466168Z
BTSG,"BrightSpring Health Services, Inc. Common Stock",stocks,us,XNAS,CS,True,usd,0001865782,BBG0132WL1X7,BBG0132WL2T0,2026-08-11T06:10:16.602466248Z
BTSGU,"BrightSpring Health Services, Inc. Tangible Equity Unit",stocks,us,XNAS,UNIT,True,usd,0001865782,,,2026-08-11T06:10:16.602466318Z
BTT,BlackRock Municipal 2030 Target Term Trust,stocks,us,XNYS,FUND,True,usd,0001528437,BBG003BPLZZ6,BBG003BPM0W5,2026-08-11T06:10:16.602466398Z
BTTC,Black Titan Corporation Ordinary Shares,stocks,us,XNAS,CS,True,usd,0002034400,,,2026-08-11T06:10:16.602466478Z
BTU,Peabody Energy Corporation,stocks,us,XNYS,CS,True,usd,0001064728,BBG00GBV88T6,BBG00GBV89J5,2026-08-11T06:10:16.602466559Z
BTX,BlackRock Technology and Private Equity Term Trust,stocks,us,XNYS,FUND,True,usd,0001836057,BBG00ZSNMK93,BBG00ZSNML46,2026-08-11T06:10:16.602466639Z
BTZ,BlackRock Credit Allocation Income Trust,stocks,us,XNYS,FUND,True,usd,0001379384,BBG000QHYF20,BBG001SS72L0,2026-08-11T06:10:16.602466719Z
BUCK,Simplify Treasury Option Income ETF,stocks,us,ARCX,ETF,True,usd,0001810747,BBG01B77MTX7,BBG01B77MVT7,2026-08-11T06:10:16.602466929Z
BUD,Anheuser-Busch INBEV SA/NV,stocks,us,XNYS,ADRC,True,usd,0001668717,BBG000RYC984,BBG001T53FW2,2026-08-11T06:10:16.602467009Z
BUDA,"Buda Juice, Inc.",stocks,us,XASE,CS,True,usd,0002079720,BBG01WYLH0F9,BBG01WYLH1K1,2026-08-11T06:10:16.60246713Z
BUFB,Innovator Laddered Allocation Buffer ETF,stocks,us,BATS,ETF,True,usd,0001415726,BBG0154NXWC2,BBG0154NXX67,2026-08-11T06:10:16.60246721Z
BUFC,AB Conservative Buffer ETF,stocks,us,XNAS,ETF,True,usd,,BBG01KCG4K79,BBG01KCG4L31,2026-08-11T06:10:16.60246729Z
BUFD,FT Vest Laddered Deep Buffer ETF,stocks,us,BATS,ETF,True,usd,0001667919,BBG00YXMQWF5,BBG00YXMQXB7,2026-08-11T06:10:16.6024674Z
BUFE,FT Vest Laddered Emerging Markets Buffer ETF,stocks,us,BATS,ETF,True,usd,0001667919,BBG021D0NCH0,BBG021D0NDP9,2026-08-11T06:10:16.60246748Z
BUFF,Innovator Laddered Allocation Power Buffer ETF,stocks,us,BATS,ETF,True,usd,0001415726,BBG00DZWKTT5,BBG00DZWKTV2,2026-08-11T06:10:16.602467561Z
BUFG,FT Vest Buffered Allocation Growth ETF,stocks,us,BATS,ETF,True,usd,0001667919,BBG0133TR2L8,BBG0133TR3F3,2026-08-11T06:10:16.602467641Z
BUFH,FT Vest Laddered Max Buffer ETF,stocks,us,BATS,ETF,True,usd,0001667919,BBG01VL9CLP0,BBG01VL9CML2,2026-08-11T06:10:16.602467721Z
BUFI,AB International Buffer ETF,stocks,us,XNAS,ETF,True,usd,,BBG01R3MJ382,BBG01R3MJ471,2026-08-11T06:10:16.602467801Z
BUFM,AB Moderate Buffer ETF,stocks,us,XNAS,ETF,True,usd,,BBG01R3M53N0,BBG01R3M54L0,2026-08-11T06:10:16.602467871Z
BUFP,PGIM Laddered S&P 500 Buffer 12 ETF,stocks,us,BATS,ETF,True,usd,,BBG01N63NSX2,BBG01N63NTS6,2026-08-11T06:10:16.602467951Z
BUFQ,FT Vest Laddered Nasdaq Buffer ETF,stocks,us,BATS,ETF,True,usd,0001667919,BBG01846SS29,BBG01846SSX5,2026-08-11T06:10:16.602468031Z
BUFR,FT Vest Laddered Buffer ETF,stocks,us,BATS,ETF,True,usd,0001667919,BBG00VC9SYJ3,BBG00VC9SZ91,2026-08-11T06:10:16.602468112Z
BUFS,FT Vest Laddered Small Cap Moderate Buffer ETF,stocks,us,BATS,ETF,True,usd,0001667919,BBG01N24Q7Q5,BBG01N24Q8K9,2026-08-11T06:10:16.602468192Z
BUFT,FT Vest Buffered Allocation Defensive ETF,stocks,us,BATS,ETF,True,usd,0001667919,BBG0133TT3L4,BBG0133TT4G8,2026-08-11T06:10:16.602468542Z
BUFX,FT Vest Laddered Enhance & Moderate Buffer ETF,stocks,us,BATS,ETF,True,usd,0001667919,BBG01VL8HR38,BBG01VL8HS27,2026-08-11T06:10:16.602468633Z
BUFY,FT Vest Laddered International Moderate Buffer ETF,stocks,us,BATS,ETF,True,usd,0001667919,BBG01PXF9M23,BBG01PXF9WP6,2026-08-11T06:10:16.602468743Z
BUFZ,FT Vest Laddered Moderate Buffer ETF,stocks,us,BATS,ETF,True,usd,0001667919,BBG01JPH1F07,BBG01JPH1FX1,2026-08-11T06:10:16.602468823Z
BUG,Global X Cybersecurity ETF,stocks,us,XNAS,ETF,True,usd,0001432353,BBG00QNKPSW8,BBG00QNKPTM7,2026-08-11T06:10:16.602468903Z
BUI,"BlackRock Utilities, Infrastructure & Power Opportunities Trust",stocks,us,XNYS,FUND,True,usd,0001528988,BBG0021RGFM9,BBG0021RGFN8,2026-08-11T06:10:16.602468983Z
BUL,Pacer US Cash Cows Growth ETF,stocks,us,ARCX,ETF,True,usd,0001616668,BBG00P1M9DR7,BBG00P1M9FH3,2026-08-11T06:10:16.602469063Z
BULD,Pacer BlueStar Engineering the Future ETF,stocks,us,XNAS,ETF,True,usd,0001616668,BBG016PG3268,BBG016PG3311,2026-08-11T06:10:16.602469134Z
BULG,Leverage Shares 2X Long BULL Daily ETF,stocks,us,XNAS,ETF,True,usd,,BBG01WJFFBH5,BBG01WJFFCG4,2026-08-11T06:10:16.602469214Z
BULL,Webull Corporation Class A Ordinary Shares,stocks,us,XNAS,CS,True,usd,0001866364,,,2026-08-11T06:10:16.602469304Z
BULLW,Webull Corporation Warrants,stocks,us,XNAS,WARRANT,True,usd,0001866364,,,2026-08-11T06:10:16.602469384Z
BULZ,MicroSectors FANG & Innovation 3x Leveraged ETN,stocks,us,ARCX,ETN,True,usd,0000927971,BBG012312V16,BBG012312VW2,2026-08-11T06:10:16.602469464Z
BUR,Burford Capital Limited,stocks,us,XNYS,CS,True,usd,0001714174,,,2026-08-11T06:10:16.602469534Z
BURL,"BURLINGTON STORES, INC.",stocks,us,XNYS,CS,True,usd,0001579298,BBG004S641N5,BBG004S641P3,2026-08-11T06:10:16.602469625Z
BUSA,Brandes U.S. Value ETF,stocks,us,BATS,ETF,True,usd,0001616265,BBG01JM4S879,BBG01JM4S959,2026-08-11T06:10:16.602469705Z
BUSE,First Busey Corporation Class A Common Stock,stocks,us,XNAS,CS,True,usd,0000314489,BBG000JNCBF4,BBG001SBH5P5,2026-08-11T06:10:16.602469785Z
BUSEP,"First Busey Corporation Depositary Shares, Each Representing a 1/40thInterest in a Share of 8.25% Fixed-Rate Series B Non-Cumulative Perpetual Preferred Stock",stocks,us,XNAS,PFD,True,usd,0000314489,,,2026-08-11T06:10:16.602470115Z
BUSM,EA Bridgeway Ultra-Small Company Market ETF,stocks,us,BATS,ETF,True,usd,,BBG023WH6G06,BBG023WH6J28,2026-08-11T06:10:16.602470206Z
BUUU,BUUU Group Limited Class A Ordinary Share,stocks,us,XNAS,CS,True,usd,0002047273,,,2026-08-11T06:10:16.602470336Z
BUXX,Strive Enhanced Income Short Maturity ETF,stocks,us,XNYS,ETF,True,usd,,BBG01HTJY992,BBG01HTJYB42,2026-08-11T06:10:16.602470406Z
BUYB,ProShares S&P 500 Buyback Aristocrats ETF,stocks,us,ARCX,ETF,True,usd,,BBG02243TVZ4,BBG02243TX35,2026-08-11T06:10:16.602470496Z
BUYO,KraneShares Man Buyout Beta Index ETF,stocks,us,ARCX,ETF,True,usd,0001536592,BBG01Q54RZ00,BBG01Q54RZW5,2026-08-11T06:10:16.602470566Z
BUYW,Main BuyWrite ETF,stocks,us,BATS,ETF,True,usd,0001733356,BBG019K5YFR5,BBG019K5YGL9,2026-08-11T06:10:16.602470647Z
BUYZ,Franklin Disruptive Commerce ETF,stocks,us,BATS,ETF,True,usd,0001655589,BBG00RRFQK40,BBG00RRFQKW9,2026-08-11T06:10:16.602470727Z
BUZZ,VanEck Social Sentiment ETF,stocks,us,ARCX,ETF,True,usd,0001137360,BBG00ZFBZ155,BBG00ZFBZ217,2026-08-11T06:10:16.602470807Z
BV,"BrightView Holdings, Inc. Common Stock",stocks,us,XNYS,CS,True,usd,0001734713,BBG00L1LT6D6,BBG00L1LT744,2026-08-11T06:10:16.602470897Z
BVAL,Bluemonte Large Cap Value ETF,stocks,us,ARCX,ETF,True,usd,0001452937,BBG01VF3LX56,BBG01VF3LY18,2026-08-11T06:10:16.602470977Z
BVC,BitVentures Limited Ordinary Shares,stocks,us,XNAS,CS,True,usd,0001785680,,,2026-08-11T06:10:16.602471057Z
BVFL,"BV Financial, Inc. Common Stock",stocks,us,XNAS,CS,True,usd,0001302387,BBG000QRTJ17,BBG001SNJGK8,2026-08-11T06:10:16.602471137Z
BVN,Compania de Minas Buenaventura S.A.,stocks,us,XNYS,ADRC,True,usd,0001013131,BBG000GPXR82,BBG001S8LTR3,2026-08-11T06:10:16.602471218Z
BVS,Bioventus Inc. Class A Common Stock,stocks,us,XNAS,CS,True,usd,0001665988,BBG00D8550B3,BBG00D8550C2,2026-08-11T06:10:16.602471298Z
BW,"Babcock & Wilcox Enterprises, Inc.",stocks,us,XNYS,CS,True,usd,0001630805,BBG007H0TDK3,BBG007H0TDL2,2026-08-11T06:10:16.602471378Z
BWA,BorgWarner Inc.,stocks,us,XNYS,CS,True,usd,0000908255,BBG000BJ49H3,BBG001S7F4D2,2026-08-11T06:10:16.602471709Z
BWAY,Brainsway Ltd. American Depositary Shares,stocks,us,XNAS,ADRC,True,usd,0001505065,BBG00N2K3XL3,BBG00N2K3YB2,2026-08-11T06:10:16.602471899Z
BWB,"Bridgewater Bancshares, Inc. Common Stock",stocks,us,XNAS,CS,True,usd,0001341317,BBG000NMWQ11,BBG001SQNYQ1,2026-08-11T06:10:16.602472099Z
BWBBP,"Bridgewater Bancshares, Inc. Depositary Shares, Each Representing a 1/100th Interest in a Share of 5.875% Non-Cumulative Perpetual Preferred Stock, Series A",stocks,us,XNAS,CS,True,usd,0001341317,,,2026-08-11T06:10:16.602472189Z
BWEN,"Broadwind, Inc. Common Stock",stocks,us,XNAS,CS,True,usd,0001120370,BBG000DYHZ04,BBG001SKFPL7,2026-08-11T06:10:16.60247227Z
BWET,Breakwave Tanker Shipping ETF,stocks,us,ARCX,ETV,True,usd,0001610940,BBG01FP0JLS0,BBG01FP0JMP1,2026-08-11T06:10:16.60247264Z
BWFG,Bankwell Financial Group Inc,stocks,us,XNAS,CS,True,usd,0001505732,BBG000Q4FJD0,BBG001SM5TJ9,2026-08-11T06:10:16.60247271Z
BWG,BrandywineGLOBAL Global Income Opportunities Fund Inc.,stocks,us,XNYS,FUND,True,usd,0001504545,BBG002B1RR92,BBG002B1RS18,2026-08-11T06:10:16.602472831Z
BWIN,"The Baldwin Insurance Group, Inc. Class A Common Stock",stocks,us,XNAS,CS,True,usd,0001781755,BBG00QDCHF36,BBG00QDCHF45,2026-08-11T06:10:16.602472901Z
BWIV,Blue Water Acquisition Corp. IV,stocks,us,XNYS,CS,True,usd,0002082847,,,2026-08-11T06:10:16.602472981Z
BWIV.U,"Blue Water Acquisition Corp. IV Units, each consisting of one Class A ordinary share and one-half of one redeemable warrant",stocks,us,XNYS,UNIT,True,usd,0002082847,,,2026-08-11T06:10:16.602473061Z
BWIV.WS,Blue Water Acquisition Corp. IV Warrants entitling the holder to purchase one Class A ordinary share at a price of $11.50 per share,stocks,us,XNYS,WARRANT,True,usd,0002082847,,,2026-08-11T06:10:16.602473141Z
BWLP,BW LPG Limited,stocks,us,XNYS,CS,True,usd,0001649313,,,2026-08-11T06:10:16.602473221Z
BWMN,Bowman Consulting Group Ltd. Common Stock,stocks,us,XNAS,CS,True,usd,0001847590,BBG003BPV1Q0,BBG003BPV1R9,2026-08-11T06:10:16.602473302Z
BWMX,"Betterware de Mexico, S.A.P.I. de C.V.",stocks,us,XNYS,CS,True,usd,0001788257,,,2026-08-11T06:10:16.602473382Z
BWNB,"Babcock & Wilcox Enterprises, Inc. 6.50% Senior Notes due 2026",stocks,us,XNYS,SP,True,usd,0001630805,,,2026-08-11T06:10:16.602473592Z
BWOW,Bitwise Dogecoin ETF,stocks,us,ARCX,ETV,True,usd,0002053791,BBG01YQ3DTV7,BBG01YQ3DVT5,2026-08-11T06:10:16.602473672Z
BWQG,BWM Quality Growth ETF,stocks,us,BATS,ETF,True,usd,,BBG023851XL4,BBG023851YR6,2026-08-11T06:10:16.602473793Z
BWTG,Brendan Wood TopGun Index ETF,stocks,us,BATS,ETF,True,usd,0001771146,BBG01K1W6WQ7,BBG01K1W6XK1,2026-08-11T06:10:16.602473873Z
BWX,State Street SPDR Bloomberg International Treasury Bond ETF,stocks,us,ARCX,ETF,True,usd,0001064642,BBG000TH5D97,BBG001T05M47,2026-08-11T06:10:16.602473953Z
BWXT,"BWX Technologies, Inc.",stocks,us,XNYS,CS,True,usd,0001486957,BBG000D86F25,BBG001SGJPH7,2026-08-11T06:10:16.602474023Z
BWZ,State Street SPDR Bloomberg Short Term International Treasury Bond ETF,stocks,us,ARCX,ETF,True,usd,0001064642,BBG000F935R9,BBG001T2HDZ6,2026-08-11T06:10:16.602474113Z
BWpA,"Babcock & Wilcox Enterprises, Inc. 7.75% Series A Cumulative Perpetual Preferred Stock",stocks,us,XNYS,PFD,True,usd,0001630805,,,2026-08-11T06:10:16.602474183Z
BX,Blackstone Inc.,stocks,us,XNYS,CS,True,usd,0001393818,BBG000BH0106,BBG001S7H949,2026-08-11T06:10:16.602474263Z
BXBL,"BOXABL, Inc. Common stock",stocks,us,XNAS,CS,True,usd,0001906364,BBG01R78HB10,BBG01R78HC09,2026-08-11T06:10:16.602474344Z
BXC,BlueLinx Holdings Inc.,stocks,us,XNYS,CS,True,usd,0001301787,BBG000GZGZR0,BBG001SHHF25,2026-08-11T06:10:16.602474424Z
BXDC,Blackstone Digital Infrastructure Trust Inc.,stocks,us,XNYS,CS,True,usd,0002100161,BBG021LKSLX4,BBG021LKSMZ0,2026-08-11T06:10:16.602474504Z
BXMT,"Blackstone Mortgage Trust, Inc. (NEW)",stocks,us,XNYS,CS,True,usd,0001061630,BBG000BGKJ70,BBG001S5Q7V7,2026-08-11T06:10:16.602474584Z
BXP,"BXP, Inc.",stocks,us,XNYS,CS,True,usd,0001037540,BBG000BS5CM9,BBG001S9TWV1,2026-08-11T06:10:16.602474654Z
BXSL,Blackstone Secured Lending Fund,stocks,us,XNYS,CS,True,usd,0001736035,BBG00MS80PM3,BBG00MS80PP0,2026-08-11T06:10:16.602474734Z
BY,"Byline Bancorp, Inc. Common Stock",stocks,us,XNYS,CS,True,usd,0001702750,BBG000G2ZJ98,BBG001SMZRV6,2026-08-11T06:10:16.602474815Z
BYAH,"Park Ha Biological Technology Co., Ltd. Ordinary Shares",stocks,us,XNAS,CS,True,usd,0001986247,,,2026-08-11T06:10:16.602474895Z
BYD,Boyd Gaming Corporation,stocks,us,XNYS,CS,True,usd,0000906553,BBG000BHX9P6,BBG001S7DMW3,2026-08-11T06:10:16.602475115Z
BYFC,Broadway Financial Corp/Del,stocks,us,XNAS,CS,True,usd,0001001171,BBG000BD6V58,BBG001S5WLL0,2026-08-11T06:10:16.602475195Z
BYLD,iShares Yield Optimized Bond ETF,stocks,us,ARCX,ETF,True,usd,0001100663,BBG006C0Q450,BBG006C0Q441,2026-08-11T06:10:16.602475315Z
BYND,"Beyond Meat, Inc. Common Stock",stocks,us,XNAS,CS,True,usd,0001655210,BBG003CVJP50,BBG003CVJP69,2026-08-11T06:10:16.602475396Z
BYRE,Principal Real Estate Active Opportunities ETF,stocks,us,ARCX,ETF,True,usd,0001572661,BBG017F2LW26,BBG017F2LX60,2026-08-11T06:10:16.602475476Z
BYRN,"Byrna Technologies, Inc. Common Stock",stocks,us,XNAS,CS,True,usd,0001354866,BBG000BB05T9,BBG001S5QDS8,2026-08-11T06:10:16.602475546Z
BYSI,BeyondSpring Inc. Ordinary Shares,stocks,us,XNAS,CS,True,usd,0001677940,,,2026-08-11T06:10:16.602475626Z
BZ,KANZHUN LIMITED American Depository Shares,stocks,us,XNAS,ADRC,True,usd,0001842827,BBG01163M5L4,BBG01163M6H7,2026-08-11T06:10:16.602475706Z
BZAI,"Blaize Holdings, Inc. Common Stock",stocks,us,XNAS,CS,True,usd,0001871638,BBG0127JV6Z9,BBG0127JV7T4,2026-08-11T06:10:16.602475786Z
BZAIW,"Blaize Holdings, Inc. Warrants",stocks,us,XNAS,WARRANT,True,usd,0001871638,BBG0127QCDZ9,,2026-08-11T06:10:16.602475867Z
BZFD,"BuzzFeed, Inc. Class A Common Stock",stocks,us,XNAS,CS,True,usd,0001828972,BBG00YPS9JP8,BBG00YPS9KZ4,2026-08-11T06:10:16.602475947Z
BZFDW,"BuzzFeed, Inc. Warrant",stocks,us,XNAS,WARRANT,True,usd,0001828972,BBG00YPTSJH4,,2026-08-11T06:10:16.602476027Z
BZH,"Beazer Homes USA, Inc. New",stocks,us,XNYS,CS,True,usd,0000915840,BBG000BDLQJ7,BBG001S76DH8,2026-08-11T06:10:16.602476107Z
BZQ,ProShares UltraShort MSCI Brazil Capped,stocks,us,ARCX,ETF,True,usd,0001174610,BBG000MKPM86,BBG001T4SGH3,2026-08-11T06:10:16.602476187Z
BZUN,Baozun Inc. American Depositary Shares,stocks,us,XNAS,ADRC,True,usd,0001625414,BBG008HNS333,BBG008HNS324,2026-08-11T06:10:16.602476257Z
BZZ,Corgi Drones & Urban Air Mobility ETF,stocks,us,BATS,ETF,True,usd,0002078265,BBG0223FH0N2,BBG0223FH1P8,2026-08-11T06:10:16.602476337Z
C,Citigroup Inc.,stocks,us,XNYS,CS,True,usd,0000831001,BBG000FY4S11,BBG001S72ZG4,2026-08-11T06:10:16.602476558Z
CAAA,First Trust AAA CMBS ETF,stocks,us,ARCX,ETF,True,usd,0001517936,BBG01LPWBDS3,BBG01LPWBFM4,2026-08-11T06:10:16.602476628Z
CAAP,Corporacion America Airports S.A.,stocks,us,XNYS,CS,True,usd,0001717393,,,2026-08-11T06:10:16.602476858Z
CAAS,"China Automotive Systems, Inc. Ordinary Share",stocks,us,XNAS,CS,True,usd,0002037400,,,2026-08-11T06:10:16.602477079Z
CABA,"Cabaletta Bio, Inc. Common Stock",stocks,us,XNAS,CS,True,usd,0001759138,BBG00MJ3BKW2,BBG00MJ3BKX1,2026-08-11T06:10:16.602477289Z
CABO,"Cable One, Inc.",stocks,us,XNYS,CS,True,usd,0001632127,BBG000F02T51,BBG001SFK9N6,2026-08-11T06:10:16.60247747Z
CABR,"Caring Brands, Inc. Common Stock",stocks,us,XNAS,CS,True,usd,0002020737,BBG01T08GKC2,BBG01T08GL76,2026-08-11T06:10:16.60247765Z
CABZ,"Roundhill Robotaxi, Autonomous Vehicles & Technology ETF",stocks,us,BATS,ETF,True,usd,,BBG01ZJ8STF3,BBG01ZJ8SVC1,2026-08-11T06:10:16.60247781Z
CAC,Camden National Corporation,stocks,us,XNAS,CS,True,usd,0000750686,BBG000BB1LK2,BBG001S5PGN7,2026-08-11T06:10:16.60247789Z
CACC,Credit Acceptance Corp,stocks,us,XNAS,CS,True,usd,0000885550,BBG000CS0D96,BBG001S71KS5,2026-08-11T06:10:16.602478001Z
CACI,CACI INTERNATIONAL CLA,stocks,us,XNYS,CS,True,usd,0000016058,BBG000KQY8Y7,BBG001SF9NK1,2026-08-11T06:10:16.602478482Z
CADL,"Candel Therapeutics, Inc. Common Stock",stocks,us,XNAS,CS,True,usd,0001841387,BBG00N0D4Z71,BBG00N0D4Z80,2026-08-11T06:10:16.602478562Z
CAE,CAE Inc. Common Shares,stocks,us,XNAS,CS,True,usd,0001173382,BBG000KPFXB0,BBG001S5Y4F3,2026-08-11T06:10:16.602478672Z
CAES,"Cantor Equity Partners VII, Inc. Class A Ordinary Shares",stocks,us,XNAS,CS,True,usd,0002087965,,,2026-08-11T06:10:16.602478772Z
CAF,"MORGAN STANLEY CHINA A SHARE FUND, INC",stocks,us,XNYS,FUND,True,usd,0001368493,BBG000BXCMK0,BBG001SJJR32,2026-08-11T06:10:16.602478963Z
CAFG,Pacer US Small Cap Cash Cows Growth Leaders ETF,stocks,us,XNAS,ETF,True,usd,0001616668,BBG01GHNGXP7,BBG01GHNGYJ2,2026-08-11T06:10:16.602479053Z
CAFX,Congress Intermediate Bond ETF,stocks,us,ARCX,ETF,True,usd,,BBG01PH9B6T8,BBG01PH9B8W0,2026-08-11T06:10:16.602479153Z
CAG,"Conagra Brands, Inc.",stocks,us,XNYS,CS,True,usd,0000023217,BBG000BDXGP9,BBG001S5PGY5,2026-08-11T06:10:16.602479233Z
CAGE,Calamos Autocallable Growth ETF,stocks,us,ARCX,ETF,True,usd,0001579881,BBG021LWXL53,BBG021LWXM60,2026-08-11T06:10:16.602479313Z
CAH,"Cardinal Health, Inc.",stocks,us,XNYS,CS,True,usd,0000721371,BBG000D898T9,BBG001S7PC34,2026-08-11T06:10:16.602479393Z
CAI,"Caris Life Sciences, Inc. Common Stock",stocks,us,XNAS,CS,True,usd,0002019410,BBG00255V2N4,BBG00255V2P2,2026-08-11T06:10:16.602479463Z
CAIE,Calamos Autocallable Income ETF,stocks,us,ARCX,ETF,True,usd,0001579881,BBG01VPYP2K4,BBG01VPYP3N9,2026-08-11T06:10:16.602479544Z
CAII,Collective Acquisition Corp. II Class A Ordinary Shares,stocks,us,XNAS,CS,True,usd,0002115404,,,2026-08-11T06:10:16.602479624Z
CAIIU,Collective Acquisition Corp. II Units,stocks,us,XNAS,UNIT,True,usd,0002115404,,,2026-08-11T06:10:16.602479704Z
CAIIW,Collective Acquisition Corp. II Warrants,stocks,us,XNAS,WARRANT,True,usd,0002115404,,,2026-08-11T06:10:16.602479784Z
CAIQ,Calamos Nasdaq Autocallable Income ETF,stocks,us,XNAS,ETF,True,usd,0001579881,BBG01YCKRNJ6,BBG01YCKRPF5,2026-08-11T06:10:16.602479864Z
CAKE,Cheesecake Factory (The),stocks,us,XNAS,CS,True,usd,0000887596,BBG000CS8TM8,BBG001S71Q75,2026-08-11T06:10:16.602479944Z
CAL,Caleres Inc,stocks,us,XNYS,CS,True,usd,0000014707,BBG000CYSFS7,BBG001S76YV6,2026-08-11T06:10:16.602480025Z
CALC,"CalciMedica, Inc. Common Stock",stocks,us,XNAS,CS,True,usd,0001534133,BBG0088HHJ97,BBG0088HHJB4,2026-08-11T06:10:16.602480105Z
CALF,Pacer US Small Cap Cash Cows ETF,stocks,us,BATS,ETF,True,usd,0001616668,BBG00GXXR0R6,BBG00GXXR1G6,2026-08-11T06:10:16.602480185Z
CALI,BlackRock ETF Trust II iShares Short-Term California Muni Active ETF,stocks,us,XNAS,ETF,True,usd,0001804196,BBG01HFQDDT3,BBG01HFQDFN4,2026-08-11T06:10:16.602480546Z
CALM,Cal-Maine Foods Inc,stocks,us,XNAS,CS,True,usd,0000016160,BBG000CDMJW6,BBG001S80MM6,2026-08-11T06:10:16.602480646Z
CALX,"CALIX, INC.",stocks,us,XNYS,CS,True,usd,0001406666,BBG000PXJB68,BBG001T633M8,2026-08-11T06:10:16.602480756Z
CALY,Callaway Golf Company,stocks,us,XNYS,CS,True,usd,0000837465,BBG000CPCVY1,BBG001S70DV8,2026-08-11T06:10:16.602480836Z
CAM,AB California Intermediate Municipal ETF,stocks,us,ARCX,ETF,True,usd,,BBG01XHF5KW9,BBG01XHF5LV8,2026-08-11T06:10:16.602480916Z
CAMC,Corgi CAMT 2x Daily ETF,stocks,us,BATS,ETF,True,usd,,BBG02317QZ44,BBG02317R068,2026-08-11T06:10:16.602480986Z
CAML,Congress Large Cap Growth ETF,stocks,us,ARCX,ETF,True,usd,,BBG01J1GM3V5,BBG01J1GM4P0,2026-08-11T06:10:16.602481067Z
CAMP,CAMP4 Therapeutics Corporation Common Stock,stocks,us,XNAS,CS,True,usd,0001736730,BBG00L2CHQ80,BBG00L2CHQ99,2026-08-11T06:10:16.602481147Z
CAMT,Camtek Ltd,stocks,us,XNAS,CS,True,usd,0001109138,,,2026-08-11T06:10:16.602481227Z
CAMX,Cambiar Aggressive Value ETF,stocks,us,ARCX,ETF,True,usd,,BBG01F6P7HM4,BBG01F6P7JG7,2026-08-11T06:10:16.602481307Z
CAN,Canaan Inc. American Depositary Shares,stocks,us,XNAS,ADRC,True,usd,0001780652,BBG00QQ10GB3,BBG00QQ10GC2,2026-08-11T06:10:16.602481387Z
CANC,Tema Oncology ETF,stocks,us,XNAS,ETF,True,usd,0002056807,BBG01HWYMDJ8,BBG01HWYMFD9,2026-08-11T06:10:16.602481467Z
CANE,Teucrium Sugar Fund,stocks,us,ARCX,ETV,True,usd,0001471824,BBG0022QX3Y5,BBG0022QX4Q2,2026-08-11T06:10:16.602481537Z
CANF,"Can-Fite BioPharma Ltd. American Depositary Shares, each representing two (2) Ordinary Shares",stocks,us,XASE,ADRC,True,usd,0001536196,BBG003CMFDM2,BBG003CMFFC8,2026-08-11T06:10:16.602481618Z
CANG,Cango Inc.,stocks,us,XNYS,CS,True,usd,0001725123,,,2026-08-11T06:10:16.602481698Z
CANQ,Calamos ETF Trust Calamos Nasdaq Equity & Income ETF,stocks,us,XNAS,ETF,True,usd,0001579881,BBG01LG9GZD6,BBG01LG9H097,2026-08-11T06:10:16.602481778Z
CAOS,Alpha Architect Tail Risk ETF,stocks,us,BATS,ETF,True,usd,,BBG01F8C2631,BBG01F8C26Y7,2026-08-11T06:10:16.602481978Z
CAPE,DoubleLine Shiller CAPE U.S. Equities ETF,stocks,us,ARCX,ETF,True,usd,0001886172,BBG016GD7CG8,BBG016GD7D94,2026-08-11T06:10:16.602482058Z
CAPL,CrossAmerica Partners LP Common units representing limited partner interests,stocks,us,XNYS,CS,True,usd,0001538849,BBG002Z9XD93,BBG002Z9XF16,2026-08-11T06:10:16.602482179Z
CAPN,Cayson Acquisition Corp Ordinary shares,stocks,us,XNAS,CS,True,usd,0002024203,,,2026-08-11T06:10:16.602482259Z
CAPNR,Cayson Acquisition Corp Right,stocks,us,XNAS,RIGHT,True,usd,0002024203,,,2026-08-11T06:10:16.602482329Z
CAPNU,Cayson Acquisition Corp Unit,stocks,us,XNAS,UNIT,True,usd,0002024203,,,2026-08-11T06:10:16.602482409Z
CAPR,Capricor Therapeutics Inc,stocks,us,XNAS,CS,True,usd,0001133869,BBG000DZMK99,BBG001SKJV12,2026-08-11T06:10:16.602482489Z
CAPS,Capstone Holding Corp. Common Stock,stocks,us,XNAS,CS,True,usd,0000887151,BBG000BGY478,BBG001S76F74,2026-08-11T06:10:16.602482569Z
CAQ,Cambridge Acquisition Corp. Class A Ordinary Shares,stocks,us,XNAS,CS,True,usd,0002100125,,,2026-08-11T06:10:16.60248265Z
CAQUU,Cambridge Acquisition Corp. Unit,stocks,us,XNAS,UNIT,True,usd,0002100125,,,2026-08-11T06:10:16.60248272Z
CAQUW,Cambridge Acquisition Corp. Warrants,stocks,us,XNAS,WARRANT,True,usd,0002100125,,,2026-08-11T06:10:16.60248281Z
CAR,"Avis Budget Group, Inc.",stocks,us,XNAS,CS,True,usd,0000723612,BBG000FLPRH1,BBG001S8S6R6,2026-08-11T06:10:16.60248288Z
CARD,MAX Auto Industry -3x Inverse Leveraged ETN,stocks,us,ARCX,ETN,True,usd,0000927971,BBG01GWQMZQ0,BBG01GWQN0K2,2026-08-11T06:10:16.60248296Z
CARE,"Carter Bankshares, Inc. Common Stock",stocks,us,XNAS,CS,True,usd,0001829576,BBG00Y9DFYJ6,BBG00Y9DFYK4,2026-08-11T06:10:16.60248304Z
CARG,"CarGurus, Inc. Class A Common Stock",stocks,us,XNAS,CS,True,usd,0001494259,BBG00HQ77DS2,BBG00HQ77DT1,2026-08-11T06:10:16.602483121Z
CARK,CastleArk Large Growth ETF,stocks,us,ARCX,ETF,True,usd,,BBG01KFL5G37,BBG01KFL5GY3,2026-08-11T06:10:16.602483191Z
CARL,"Carlsmed, Inc. Common Stock",stocks,us,XNAS,CS,True,usd,0001794546,BBG00PQMDFQ1,BBG00PQMDFR0,2026-08-11T06:10:16.602483381Z
CARR,Carrier Global Corporation,stocks,us,XNYS,CS,True,usd,0001783180,BBG00RP5HYS8,BBG00RP5HZM1,2026-08-11T06:10:16.602483461Z
CARS,Cars.com Inc. Common Stock,stocks,us,XNYS,CS,True,usd,0001683606,BBG000HGTH33,BBG001SP6HB5,2026-08-11T06:10:16.602483561Z
CART,Maplebear Inc. Common Stock,stocks,us,XNAS,CS,True,usd,0001579091,BBG00KG5VJF4,BBG00KG5VJG3,2026-08-11T06:10:16.602483642Z
CARU,MAX Auto Industry 3x Leveraged ETN,stocks,us,ARCX,ETN,True,usd,0000927971,BBG01GWQK5M2,BBG01GWQK6G7,2026-08-11T06:10:16.602483722Z
CARX,Corgi CART 2x Daily ETF,stocks,us,BATS,ETF,True,usd,,BBG0230KPD37,BBG0230KPFF9,2026-08-11T06:10:16.602483802Z
CARY,Angel Oak Income ETF,stocks,us,XNAS,ETF,True,usd,,BBG01B5GT706,BBG01B5GT7V2,2026-08-11T06:10:16.602483872Z
CARZ,First Trust Exchange-Traded Fund II First Trust S-Network Future Vehicles & Technology ETF,stocks,us,XNAS,ETF,True,usd,0001125816,BBG001P62KF3,BBG001V18T17,2026-08-11T06:10:16.602483952Z
CAS,Simplify China A Shares PLUS Income ETF,stocks,us,ARCX,ETF,True,usd,0001822309,BBG01RQWJHF6,BBG01RQWJJK6,2026-08-11T06:10:16.602484032Z
CASH,"Pathward Financial, Inc. Common Stock",stocks,us,XNAS,CS,True,usd,0000907471,BBG000BKLTP8,BBG001S7G4Q7,2026-08-11T06:10:16.602484112Z
CASS,Cass Information Systems Inc,stocks,us,XNAS,CS,True,usd,0000708781,BBG000BCXN49,BBG001S5VK42,2026-08-11T06:10:16.602484193Z
CAST,"FreeCast, Inc. Class A Common Stock",stocks,us,XNAS,CS,True,usd,0001633369,BBG00RSFM3Y8,BBG00RSFM430,2026-08-11T06:10:16.602484303Z
CASY,Casey's General Stores Inc,stocks,us,XNAS,CS,True,usd,0000726958,BBG000BF0672,BBG001S5PHZ2,2026-08-11T06:10:16.602484383Z
CAT,Caterpillar Inc.,stocks,us,XNYS,CS,True,usd,0000018230,BBG000BF0K17,BBG001S5PJ06,2026-08-11T06:10:16.602484463Z
CATF,American Century California Municipal Bond ETF,stocks,us,ARCX,ETF,True,usd,0001710607,BBG01NMQT7R0,BBG01NMQT9L2,2026-08-11T06:10:16.602484533Z
CATG,Leverage Shares 2X Long CAT Daily ETF,stocks,us,BATS,ETF,True,usd,0001470129,BBG0226HVHV3,BBG0226HVJX7,2026-08-11T06:10:16.602484623Z
CATH,Global X S&P 500 Catholic Values ETF,stocks,us,XNAS,ETF,True,usd,0001432353,BBG00CP9KWJ3,BBG00CP9KWK1,2026-08-11T06:10:16.602484834Z
CATLU,Catalyst Acquisition Corp. Units,stocks,us,XNAS,UNIT,True,usd,0002104391,,,2026-08-11T06:10:16.602484914Z
CATO,CATO CORP,stocks,us,XNYS,CS,True,usd,0000018255,BBG000JX7SX1,BBG001SD32N5,2026-08-11T06:10:16.602485034Z
CATX,"Perspective Therapeutics, Inc.",stocks,us,XASE,CS,True,usd,0000728387,BBG000BG5HT7,BBG001S5Q300,2026-08-11T06:10:16.602485114Z
CATY,Cathay General Bancorp,stocks,us,XNAS,CS,True,usd,0000861842,BBG000C668L5,BBG001S6PB10,2026-08-11T06:10:16.602485195Z
CAUG,Corgi U.S. Equities 15% Structured Buffer ETF - August Series,stocks,us,BATS,ETF,True,usd,,BBG023YDYYP6,BBG023YDZ0J6,2026-08-11T06:10:16.602485275Z
CAVA,"CAVA Group, Inc.",stocks,us,XNYS,CS,True,usd,0001639438,BBG00GBR8753,BBG00GBR8762,2026-08-11T06:10:16.602485355Z
CB,Chubb Limited,stocks,us,XNYS,CS,True,usd,0000896159,,,2026-08-11T06:10:16.602485435Z
CBAN,Colony Bankcorp Inc.,stocks,us,XNYS,CS,True,usd,0000711669,BBG000HH3LY6,BBG001S98KP7,2026-08-11T06:10:16.602485515Z
CBAT,CBAK Energy Technology Limited Ordinary Shares,stocks,us,XNAS,CS,True,usd,0002086841,,,2026-08-11T06:10:16.602485585Z
CBC,"Central Bancompany, Inc. Class A Common Stock",stocks,us,XNAS,CS,True,usd,0002065601,BBG000CQ0CD7,BBG001SCB089,2026-08-11T06:10:16.602485665Z
CBFV,"CB Financial Services, Inc. (PA)",stocks,us,XNAS,CS,True,usd,0001605301,BBG000BKT8B1,BBG001S825Y8,2026-08-11T06:10:16.602485746Z
CBIL,Corgi 3-12 Month T-Bill ETF,stocks,us,BATS,ETF,True,usd,,BBG022KDN0T5,BBG022KDN1R5,2026-08-11T06:10:16.602485826Z
CBIO,"Crescent Biopharma, Inc. Common Stock",stocks,us,XNAS,CS,True,usd,0001253689,,,2026-08-11T06:10:16.602485906Z
CBK,"Commercial Bancgroup, Inc. Common Stock",stocks,us,XNAS,CS,True,usd,0001981546,BBG000FVM009,BBG001SGZPN2,2026-08-11T06:10:16.602485986Z
CBL,"CBL & Associates Properties, Inc.",stocks,us,XNYS,CS,True,usd,0000910612,BBG01396RNK7,BBG01396RPH6,2026-08-11T06:10:16.602486066Z
CBLL,"CeriBell, Inc. Common Stock",stocks,us,XNAS,CS,True,usd,0001861107,BBG00KMSVGN4,BBG00KMSVGP2,2026-08-11T06:10:16.602486397Z
CBLS,Clough Hedged Equity ETF,stocks,us,ARCX,ETF,True,usd,0001776878,BBG01RV9WSG1,BBG01RV9WTD2,2026-08-11T06:10:16.602486477Z
CBNA,"Chain Bridge Bancorp, Inc.",stocks,us,XNYS,CS,True,usd,0001392272,BBG000V8CRG7,BBG001T1QS94,2026-08-11T06:10:16.602486597Z
CBNK,"Capital Bancorp, Inc.",stocks,us,XNAS,CS,True,usd,0001419536,BBG000G2Z909,BBG001SMZRH2,2026-08-11T06:10:16.602486667Z
CBOA,Calamos Bitcoin Structured Alt Protection ETF - April,stocks,us,BATS,ETF,True,usd,0001579881,BBG01T2FVRC2,BBG01T2FVS67,2026-08-11T06:10:16.602486828Z
CBOE,"Cboe Global Markets, Inc.",stocks,us,BATS,CS,True,usd,0001374310,BBG000QH56C1,BBG001T71BP7,2026-08-11T06:10:16.602486908Z
CBOJ,Calamos Bitcoin Structured Alt Protection ETF - January,stocks,us,BATS,ETF,True,usd,0001579881,BBG01RX4YJ96,BBG01RX4YK84,2026-08-11T06:10:16.602487098Z
CBOL,Calamos Laddered Bitcoin Structured Alt Protection ETF,stocks,us,BATS,ETF,True,usd,0001579881,BBG01XT0SD50,BBG01XT0SF46,2026-08-11T06:10:16.602487178Z
CBON,VanEck China Bond ETF,stocks,us,ARCX,ETF,True,usd,0001137360,BBG007HMYQ39,BBG007HMYQ20,2026-08-11T06:10:16.602487309Z
CBOO,Calamos Bitcoin Structured Alt Protection ETF - October,stocks,us,BATS,ETF,True,usd,0001579881,BBG01XR4RXS6,BBG01XR4RYQ6,2026-08-11T06:10:16.602487399Z
CBOT,Corgi Robots & Humanoids ETF,stocks,us,BATS,ETF,True,usd,0002078265,BBG0223995Y2,BBG0223998R4,2026-08-11T06:10:16.602487479Z
CBOX,Calamos Tax-Aware Collateral ETF,stocks,us,BATS,ETF,True,usd,0001579881,BBG021LP87X6,BBG021LP89G1,2026-08-11T06:10:16.602487559Z
CBOY,Calamos Bitcoin Structured Alt Protection ETF - July,stocks,us,BATS,ETF,True,usd,0001579881,BBG01VWLBP28,BBG01VWLBQ17,2026-08-11T06:10:16.602487659Z
CBRE,"CBRE GROUP, INC.",stocks,us,XNYS,CS,True,usd,0001138118,BBG000C04224,BBG001SC2D27,2026-08-11T06:10:16.60248782Z
CBRG,Leverage Shares 2X Long CBRS Daily ETF,stocks,us,BATS,ETF,True,usd,,BBG022CHM0M3,BBG022CHM3S1,2026-08-11T06:10:16.60248802Z
CBRL,"Cracker Barrel Old Country Store, Inc,.",stocks,us,XNAS,CS,True,usd,0001067294,BBG000BF33K1,BBG001S5PK03,2026-08-11T06:10:16.6024881Z
CBRS,Cerebras Systems Inc. Class A Common Stock,stocks,us,XNAS,CS,True,usd,0002021728,BBG00FNFPQH4,BBG00FNFPQJ2,2026-08-11T06:10:16.6024882Z
CBRX,Tradr 2X Long CBRS Daily ETF,stocks,us,BATS,ETF,True,usd,,BBG022MDDJ95,BBG022MDDK83,2026-08-11T06:10:16.602488301Z
CBRZ,Tradr 2X Short CBRS Daily ETF,stocks,us,BATS,ETF,True,usd,,BBG022MDC5J5,BBG022MDC6H5,2026-08-11T06:10:16.602488381Z
CBSE,Clough Select Equity ETF,stocks,us,ARCX,ETF,True,usd,0001776878,BBG01RV9WH20,BBG01RV9WHY5,2026-08-11T06:10:16.602488451Z
CBSH,Commerce Bancshares Inc,stocks,us,XNAS,CS,True,usd,0000022356,BBG000BF3G77,BBG001S5PK21,2026-08-11T06:10:16.602488531Z
CBT,Cabot Corporation,stocks,us,XNYS,CS,True,usd,0000016040,BBG000BF3WW4,BBG001S5PK58,2026-08-11T06:10:16.602488701Z
CBTA,Calamos Bitcoin 80 Series Structured Alt Protection ETF - April,stocks,us,BATS,ETF,True,usd,0001579881,BBG01T3VTN47,BBG01T3VTP51,2026-08-11T06:10:16.602488771Z
CBTJ,Calamos Bitcoin 80 Series Structured Alt Protection ETF - January,stocks,us,BATS,ETF,True,usd,0001579881,BBG01S2WVSK6,BBG01S2WVTF0,2026-08-11T06:10:16.602488852Z
CBTL,Calamos Laddered Bitcoin 80 Series Structured Alt Protection ETF,stocks,us,BATS,ETF,True,usd,0001579881,BBG01XWP56K4,BBG01XWP59P3,2026-08-11T06:10:16.602488932Z
CBTO,Calamos Bitcoin 80 Series Structured Alt Protection ETF - October,stocks,us,BATS,ETF,True,usd,0001579881,BBG01XR4S6H6,BBG01XR4S7D8,2026-08-11T06:10:16.602489012Z
CBTY,Calamos Bitcoin 80 Series Structured Alt Protection ETF - July,stocks,us,BATS,ETF,True,usd,0001579881,BBG01VWLPJ54,BBG01VWLPKN1,2026-08-11T06:10:16.602489092Z
CBU,"Community Financial System, Inc.",stocks,us,XNYS,CS,True,usd,0000723188,BBG000BF4D19,BBG001S5PK76,2026-08-11T06:10:16.602489162Z
CBUS,"Cibus, Inc. Class A Common Stock",stocks,us,XNAS,CS,True,usd,0001705843,BBG00H1CJS11,BBG00H1CJSR3,2026-08-11T06:10:16.602489242Z
CBXA,Calamos Bitcoin 90 Series Structured Alt Protection ETF - April,stocks,us,BATS,ETF,True,usd,0001579881,BBG01T3VWBM9,BBG01T3VWCM7,2026-08-11T06:10:16.602489663Z
CBXJ,Calamos Bitcoin 90 Series Structured Alt Protection ETF - January,stocks,us,BATS,ETF,True,usd,0001579881,BBG01S2WNR90,BBG01S2WNSF1,2026-08-11T06:10:16.602489743Z
CBXL,Calamos Laddered Bitcoin 90 Series Structured Alt Protection ETF,stocks,us,BATS,ETF,True,usd,0001579881,BBG01XT0WLT1,BBG01XT0WMR1,2026-08-11T06:10:16.602489843Z
CBXO,Calamos Bitcoin 90 Series Structured Alt Protection ETF - October,stocks,us,BATS,ETF,True,usd,0001579881,BBG01XR4T1B2,BBG01XR4T293,2026-08-11T06:10:16.602489914Z
CBXY,Calamos Bitcoin 90 Series Structured Alt Protection ETF - July,stocks,us,BATS,ETF,True,usd,0001579881,BBG01VWLCTD7,BBG01VWLCV97,2026-08-11T06:10:16.602489994Z
CBZ,"CBIZ, Inc.",stocks,us,XNYS,CS,True,usd,0000944148,BBG000FQD1Z0,BBG001S8MB55,2026-08-11T06:10:16.602490074Z
CC,The Chemours Company,stocks,us,XNYS,CS,True,usd,0001627223,BBG005H82GB2,BBG005H82GC1,2026-08-11T06:10:16.602490154Z
CCAP,"Crescent Capital BDC, Inc. Common stock",stocks,us,XNAS,CS,True,usd,0001633336,BBG009NX1JT8,BBG009NX1JV5,2026-08-11T06:10:16.602490224Z
CCAQ,Collective Acquisition Corp. Class A Ordinary Shares,stocks,us,XNAS,CS,True,usd,0002041047,,,2026-08-11T06:10:16.602490304Z
CCAQU,Collective Acquisition Corp. Units,stocks,us,XNAS,UNIT,True,usd,0002041047,,,2026-08-11T06:10:16.602490425Z
CCAQW,Collective Acquisition Corp. Warrants,stocks,us,XNAS,WARRANT,True,usd,0002041047,,,2026-08-11T06:10:16.602490505Z
CCB,Coastal Financial Corporation,stocks,us,XNAS,CS,True,usd,0001437958,BBG000QK5803,BBG001SN16N6,2026-08-11T06:10:16.602490585Z
CCBG,Capital City Bank Group Inc,stocks,us,XNAS,CS,True,usd,0000726601,BBG000BM97G6,BBG001S9K7B7,2026-08-11T06:10:16.602490665Z
CCC,CCC Intelligent Solutions Holdings Inc. Common Stock,stocks,us,XNAS,CS,True,usd,0001818201,BBG00WNSJM49,BBG00WNSJM58,2026-08-11T06:10:16.602490745Z
CCCC,"C4 Therapeutics, Inc.",stocks,us,XNAS,CS,True,usd,0001662579,BBG00BV2Y9B7,BBG00BV2Y9C6,2026-08-11T06:10:16.602490825Z
CCCT,Columbus Circle Capital Corp III Class A Ordinary Shares,stocks,us,XNAS,CS,True,usd,0002123471,,,2026-08-11T06:10:16.602490906Z
CCCTU,Columbus Circle Capital Corp III Units,stocks,us,XNAS,UNIT,True,usd,0002123471,,,2026-08-11T06:10:16.602491256Z
CCCTW,Columbus Circle Capital Corp III Warrants,stocks,us,XNAS,WARRANT,True,usd,0002123471,,,2026-08-11T06:10:16.602491346Z
CCD,Calamos Dynamic Convertible & Income Fund,stocks,us,XNAS,CS,True,usd,0001602584,BBG0065XMFL7,BBG0065XMFM6,2026-08-11T06:10:16.602491467Z
CCEC,Capital Clean Energy Carriers Corp. Common Share,stocks,us,XNAS,CS,True,usd,0001392326,,,2026-08-11T06:10:16.602491537Z
CCEF,Calamos CEF Income & Arbitrage ETF,stocks,us,ARCX,ETF,True,usd,0001579881,BBG01L01ZGJ5,BBG01L01ZHD9,2026-08-11T06:10:16.602491617Z
CCEL,Cryo-Cell International Inc.,stocks,us,XASE,CS,True,usd,0000862692,BBG000BS6ZT0,BBG001S6Z7X3,2026-08-11T06:10:16.602491697Z
CCEP,Coca-Cola Europacific Partners plc Ordinary Shares,stocks,us,XNAS,CS,True,usd,0001650107,,,2026-08-11T06:10:16.602491777Z
CCFE,Concourse Capital Focused Equity ETF,stocks,us,XNAS,ETF,True,usd,,BBG01VC55Y14,BBG01VC56026,2026-08-11T06:10:16.602491847Z
CCG,Cheche Group Inc. Class A Ordinary Shares,stocks,us,XNAS,CS,True,usd,0001965473,,,2026-08-11T06:10:16.602491928Z
CCGWW,Cheche Group Inc. Warrant,stocks,us,XNAS,WARRANT,True,usd,0001965473,,,2026-08-11T06:10:16.602492008Z
CCHH,CCH Holdings Ltd Class A Ordinary Shares,stocks,us,XNAS,CS,True,usd,0002074123,,,2026-08-11T06:10:16.602492088Z
CCI,Crown Castle Inc.,stocks,us,XNYS,CS,True,usd,0001051470,BBG000FV1Z23,BBG001S7W5T3,2026-08-11T06:10:16.602492168Z
CCID,Carlyle Credit Income Fund 7.375% Series D Term Preferred Shares due 2028,stocks,us,XNYS,SP,True,usd,0001517767,,,2026-08-11T06:10:16.602492248Z
CCIF,Carlyle Credit Income Fund Shares of Beneficial Interest,stocks,us,XNYS,FUND,True,usd,0001517767,BBG0038Q3183,BBG0038Q3192,2026-08-11T06:10:16.602492348Z
CCII,Cohen Circle Acquisition Corp. II Class A Ordinary Shares,stocks,us,XNAS,CS,True,usd,0002064683,,,2026-08-11T06:10:16.602492418Z
CCIIU,Cohen Circle Acquisition Corp. II Unit,stocks,us,XNAS,UNIT,True,usd,0002064683,,,2026-08-11T06:10:16.602492879Z
CCIIW,Cohen Circle Acquisition Corp. II Warrant,stocks,us,XNAS,WARRANT,True,usd,0002064683,,,2026-08-11T06:10:16.60249331Z
CCJ,Cameco Corporation,stocks,us,XNYS,CS,True,usd,0001009001,BBG000DSZTN6,BBG001S5Y5S6,2026-08-11T06:10:16.60249339Z
CCK,Crown Holdings Inc.,stocks,us,XNYS,CS,True,usd,0001219601,BBG000BF6756,BBG001S5PKZ5,2026-08-11T06:10:16.602493501Z
CCL,Carnival Corporation Ltd.,stocks,us,XNYS,CS,True,usd,0000815097,,,2026-08-11T06:10:16.602493591Z
CCLD,"CareCloud, Inc. Common Stock",stocks,us,XNAS,CS,True,usd,0001582982,BBG000QYF0M5,BBG001SSV992,2026-08-11T06:10:16.602493721Z
CCM,Concord Medical Services Holding Limited,stocks,us,XNYS,ADRC,True,usd,0001472072,BBG000PWRPT5,BBG001T62CP6,2026-08-11T06:10:16.602493801Z
CCNE,CNB Financial Corp/PA,stocks,us,XNAS,CS,True,usd,0000736772,BBG000BKPZC4,BBG001S80QZ3,2026-08-11T06:10:16.602494202Z
CCNEP,"CNB Financial Corporation Depositary Shares, each representing a 1/40th ownership interest in a share of 7.125% Series A Fixed-Rate Non-Cumulative Perpetual Preferred Stock",stocks,us,XNAS,PFD,True,usd,0000736772,,,2026-08-11T06:10:16.602494282Z
CCNR,Financial Investors Trust ALPS/CoreCommodity Natural Resources ETF,stocks,us,XNAS,ETF,True,usd,,BBG01NPDHFB8,BBG01NPDHG62,2026-08-11T06:10:16.602494362Z
CCO,"Clear Channel Outdoor Holdings, Inc. Common Stock",stocks,us,XNYS,CS,True,usd,0001334978,BBG000SSC5C9,BBG001SY0WV7,2026-08-11T06:10:16.602494432Z
CCOI,"Cogent Communications Holdings, Inc.",stocks,us,XNAS,CS,True,usd,0001158324,BBG000D0SMY8,BBG001SC5GP2,2026-08-11T06:10:16.602494512Z
CCOM,Simplify Chinese Commodities Strategy No K-1 ETF,stocks,us,ARCX,ETF,True,usd,0001810747,BBG01ZT1F3D0,BBG01ZT1F4W7,2026-08-11T06:10:16.602494593Z
CCOR,Core Alternative Capital,stocks,us,ARCX,ETF,True,usd,0001776878,BBG00R486HJ4,BBG00R486J91,2026-08-11T06:10:16.602494673Z
CCPX,Corgi China 2x Daily ETF,stocks,us,BATS,ETF,True,usd,0002078265,BBG022KDL3K0,BBG022KDL4R1,2026-08-11T06:10:16.602494793Z
CCRP,Columbia Corporate Bond ETF,stocks,us,ARCX,ETF,True,usd,0001551950,BBG01YZNRYN6,BBG01YZNRZN3,2026-08-11T06:10:16.602494873Z
CCS,"CENTURY COMMUNITIES, INC.",stocks,us,XNYS,CS,True,usd,0001576940,BBG006G412Q6,BBG006G413H4,2026-08-11T06:10:16.602494953Z
CCSB,Carbon Collective Short Duration Green Bond ETF,stocks,us,XNAS,ETF,True,usd,0001924868,BBG01MCGNTJ2,BBG01MCGNVC4,2026-08-11T06:10:16.602495274Z
CCSI,"Consensus Cloud Solutions, Inc. Common Stock",stocks,us,XNAS,CS,True,usd,0001866633,BBG0105XBRH0,BBG0105XBRJ8,2026-08-11T06:10:16.602495354Z
CCSO,Carbon Collective Climate Solutions U.S. Equity ETF,stocks,us,XNAS,ETF,True,usd,,BBG019R2Z6F7,BBG019R2Z783,2026-08-11T06:10:16.602495494Z
CCTG,CCSC Technology International Holdings Limited Class A Ordinary Shares,stocks,us,XNAS,CS,True,usd,0001931717,,,2026-08-11T06:10:16.602495565Z
CCU,Compania Cervecerias Unidas S.A.,stocks,us,XNYS,ADRC,True,usd,0000888746,BBG000BBCT50,BBG001S5VY42,2026-08-11T06:10:16.602495655Z
CCUP,T-REX 2X Long CRCL Daily Target ETF,stocks,us,BATS,ETF,True,usd,0001771146,BBG01WJCGBW4,BBG01WJCGCV3,2026-08-11T06:10:16.602495745Z
CCXI,Churchill Capital Corp XI Class A Ordinary Shares,stocks,us,XNAS,CS,True,usd,0002074973,,,2026-08-11T06:10:16.602496156Z
CCXIU,Churchill Capital Corp XI Units,stocks,us,XNAS,UNIT,True,usd,0002074973,,,2026-08-11T06:10:16.602496236Z
CCXIW,Churchill Capital Corp XI Warrants,stocks,us,XNAS,WARRANT,True,usd,0002074973,,,2026-08-11T06:10:16.602496306Z
CCZ,"Comcast Holdings Corp. 2.0% Exchangeable Subordinated Debentures due October 15, 2029 (ZONES)",stocks,us,XNYS,SP,True,usd,0001166691,,,2026-08-11T06:10:16.602496386Z
CD,Chaince Digital Holdings Inc. Ordinary Shares,stocks,us,XNAS,CS,True,usd,0001527762,,,2026-08-11T06:10:16.602496466Z
CDC,VictoryShares US EQ Income Enhanced Volatility Wtd ETF,stocks,us,XNAS,ETF,True,usd,0001547580,BBG006QSN876,BBG006QSN885,2026-08-11T06:10:16.602496546Z
CDE,"Coeur Mining, Inc.",stocks,us,XNYS,CS,True,usd,0000215466,BBG000BF8TF5,BBG001S5PM54,2026-08-11T06:10:16.602496627Z
CDEI,"Calvert US Large-Cap Diversity, Equity and Inclusion Index ETF",stocks,us,ARCX,ETF,True,usd,0001676326,BBG01DPGLNQ5,BBG01DPGLPL5,2026-08-11T06:10:16.602496697Z
CDIG,City Different Investments Global Equity ETF,stocks,us,XNAS,ETF,True,usd,,BBG01XBFPN02,BBG01XBFPPB5,2026-08-11T06:10:16.602496777Z
CDIO,Cardio Diagnostics Holdings Inc. Common stock,stocks,us,XNAS,CS,True,usd,0001870144,BBG013P0VV65,BBG013P0VV74,2026-08-11T06:10:16.602496867Z
CDIOW,Cardio Diagnostics Holdings Inc. Warrant,stocks,us,XNAS,WARRANT,True,usd,0001870144,BBG013P15KL9,,2026-08-11T06:10:16.602497087Z
CDL,VictoryShares US Large Cap High Div Volatility Wtd ETF,stocks,us,XNAS,ETF,True,usd,0001547580,BBG009K7JNC8,BBG009K7JND7,2026-08-11T06:10:16.602497278Z
CDLR,Cadeler A/S American Depositary Share (each representing four (4) Ordinary Shares),stocks,us,XNYS,ADRC,True,usd,0001978867,BBG01KFX5H11,BBG01KFX5HW7,2026-08-11T06:10:16.602497498Z
CDLX,"Cardlytics, Inc. Common Stock",stocks,us,XNAS,CS,True,usd,0001666071,BBG00225ZDD0,BBG00225ZDF8,2026-08-11T06:10:16.602497689Z
CDNA,"CareDx, Inc.",stocks,us,XNAS,CS,True,usd,0001217234,BBG006JS5785,BBG006JS5794,2026-08-11T06:10:16.602497899Z
CDNG,Leverage Shares 2X Long CDNS Daily ETF,stocks,us,BATS,ETF,True,usd,,BBG0236XX6F6,BBG0236XX862,2026-08-11T06:10:16.602497979Z
CDNL,Cardinal Infrastructure Group Inc. Class A Common Stock,stocks,us,XNAS,CS,True,usd,0002079999,BBG01YV6DT44,BBG01YV6DVT2,2026-08-11T06:10:16.602498129Z
CDNS,Cadence Design Systems,stocks,us,XNAS,CS,True,usd,0000813672,BBG000C13CD9,BBG001S65YK1,2026-08-11T06:10:16.60249822Z
CDP,COPT Defense Properties,stocks,us,XNYS,CS,True,usd,0000860546,BBG000BXL4N7,BBG001S5XVM6,2026-08-11T06:10:16.60249835Z
CDPI,Columbia High Dividend Premium Income ETF,stocks,us,ARCX,ETF,True,usd,0001551950,BBG023CZJPF8,BBG023CZJQC9,2026-08-11T06:10:16.60249849Z
CDRE,"Cadre Holdings, Inc.",stocks,us,XNYS,CS,True,usd,0001860543,BBG011RK3N71,BBG011RK3P21,2026-08-11T06:10:16.60249857Z
CDRO,"Codere Online Luxembourg, S.A. Ordinary Shares",stocks,us,XNAS,CS,True,usd,0001866782,,,2026-08-11T06:10:16.60249865Z
CDROW,"Codere Online Luxembourg, S.A. Warrants",stocks,us,XNAS,WARRANT,True,usd,0001866782,,,2026-08-11T06:10:16.602498731Z
CDRpB,"CEDAR REALTY TRUST, INC. 7.25% Series B Cumulative Redeemable Preferred Stock",stocks,us,XNYS,PFD,True,usd,0000761648,,,2026-08-11T06:10:16.602498921Z
CDRpC,"Cedar Realty Trust, Inc. 6.50% Series C Cumulative Redeemable Preferred Stock",stocks,us,XNYS,PFD,True,usd,0000761648,,,2026-08-11T06:10:16.602499001Z
CDT,CDT Equity Inc. Common Stock,stocks,us,XNAS,CS,True,usd,0001896212,BBG015879ML2,BBG015879NG6,2026-08-11T06:10:16.602499081Z
CDTG,CDT Environmental Technology Investment Holdings Limited ordinary shares,stocks,us,XNAS,CS,True,usd,0001793895,,,2026-08-11T06:10:16.602499412Z
CDTTW,CDT Equity Inc. Warrant,stocks,us,XNAS,WARRANT,True,usd,0001896212,BBG016B2FLC2,,2026-08-11T06:10:16.602499482Z
CDW,CDW Corporation,stocks,us,XNAS,CS,True,usd,0001402057,BBG001P63B80,BBG001V18TB6,2026-08-11T06:10:16.602499622Z
CDX,Simplify High Yield ETF,stocks,us,ARCX,ETF,True,usd,0001810747,BBG015BCL2F4,BBG015BCL3G1,2026-08-11T06:10:16.602499723Z
CDXS,"Codexis, Inc.",stocks,us,XNAS,CS,True,usd,0001200375,BBG000RN0GZ5,BBG001SV4129,2026-08-11T06:10:16.602499803Z
CDZI,"CADIZ, Inc.",stocks,us,XNAS,CS,True,usd,0000727273,BBG000CSMLT2,BBG001S71VF5,2026-08-11T06:10:16.602499873Z
CDZIP,"Cadiz, Inc. Depositary Shares",stocks,us,XNAS,ADRC,True,usd,0000727273,,,2026-08-11T06:10:16.602499953Z
CE,Celanese Corporation Common Stock,stocks,us,XNYS,CS,True,usd,0001306830,BBG000JYP7L8,BBG001SJDDG5,2026-08-11T06:10:16.602500033Z
CECO,Ceco Environmental Corp,stocks,us,XNAS,CS,True,usd,0000003197,BBG000BFG2J1,BBG001S6PJV0,2026-08-11T06:10:16.602500113Z
CEE,"The Central and Eastern Europe Fund, Inc.",stocks,us,XNYS,FUND,True,usd,0000860489,BBG000BFBWT9,BBG001S5PMX3,2026-08-11T06:10:16.602500193Z
CEF,Sprott Physical Gold and Silver Trust,stocks,us,ARCX,ETV,True,usd,0001726122,BBG00JRGLXZ9,BBG00JPZ8T56,2026-08-11T06:10:16.602500314Z
CEFA,Global X S&P Catholic Values Developed ex-U.S. ETF,stocks,us,XNAS,ETF,True,usd,0001432353,BBG00VNLZTW2,BBG00VNLZVN7,2026-08-11T06:10:16.602500464Z
CEFD,ETRACS Monthly Pay 1.5X Leveraged Closed-End Fund Index ETN,stocks,us,ARCX,ETN,True,usd,0001114446,BBG00V775SJ1,BBG00V775T90,2026-08-11T06:10:16.602500544Z
CEFS,Saba Closed-End Funds ETF,stocks,us,BATS,ETF,True,usd,0001547950,BBG00G3T5145,BBG00G3T51V5,2026-08-11T06:10:16.602500624Z
CEFZ,RiverNorth Active Income ETF,stocks,us,BATS,ETF,True,usd,0001114446,BBG01W9CN5C2,BBG01W9CN6D9,2026-08-11T06:10:16.602500714Z
CEG,Constellation Energy Corporation Common Stock,stocks,us,XNAS,CS,True,usd,0001868275,BBG014KFRNP7,BBG014KFRPJ9,2026-08-11T06:10:16.602500795Z
CEGX,Tradr 2X Long CEG Daily ETF,stocks,us,BATS,ETF,True,usd,,BBG01VXQQ4P2,BBG01VXQQ5P9,2026-08-11T06:10:16.602500985Z
CELC,Celcuity Inc. Common Stock,stocks,us,XNAS,CS,True,usd,0001603454,BBG00HKBW045,BBG00HKBW054,2026-08-11T06:10:16.602501055Z
CELGr,Bristol-Myers Squibb Company Contingent Value Rights,stocks,us,XNYS,RIGHT,True,usd,0000014272,BBG001732JG2,BBG001TCQ0Q2,2026-08-11T06:10:16.602501165Z
CELH,"Celsius Holdings, Inc. Common Stock",stocks,us,XNAS,CS,True,usd,0001341766,BBG000NY37X4,BBG001SQSKT3,2026-08-11T06:10:16.602501276Z
CELU,Celularity Inc. Class A Common Stock,stocks,us,XNAS,CS,True,usd,0001752828,BBG00P2RTT34,BBG00P2RTT43,2026-08-11T06:10:16.602501356Z
CELZ,"Creative Medical Technology Holdings, Inc. Common Stock",stocks,us,XNAS,CS,True,usd,0001187953,BBG000BCFRJ4,BBG001S924N1,2026-08-11T06:10:16.602501436Z
CEMB,iShares J.P. Morgan EM Corporate Bond ETF,stocks,us,BATS,ETF,True,usd,0000930667,BBG002WGKHN9,BBG002WGKJD6,2026-08-11T06:10:16.602501516Z
CENN,Cenntro Inc. Common Stock,stocks,us,XNAS,CS,True,usd,0001707919,BBG01JJ2CQL8,BBG01JJ2CQM7,2026-08-11T06:10:16.602501596Z
CENT,Central Garden and Pet Co,stocks,us,XNAS,CS,True,usd,0000887733,BBG000BFD605,BBG001S5PNG0,2026-08-11T06:10:16.602501676Z
CENTA,Central Garden & Pet Company,stocks,us,XNAS,CS,True,usd,0000887733,BBG000KTYB56,BBG001SLHT35,2026-08-11T06:10:16.602501756Z
CENX,Century Aluminum Co,stocks,us,XNAS,CS,True,usd,0000949157,BBG000BW1LS8,BBG001S766G4,2026-08-11T06:10:16.602501827Z
CEPF,"Cantor Equity Partners IV, Inc. Class A Ordinary Shares",stocks,us,XNAS,CS,True,usd,0002034267,,,2026-08-11T06:10:16.602501917Z
CEPI,REX Crypto Equity Premium Income ETF,stocks,us,XNAS,ETF,True,usd,0001771146,BBG01R0XS7B8,BBG01R0XS899,2026-08-11T06:10:16.602502077Z
CEPL,"Capstone Energy Plus, Inc. Common Stock",stocks,us,XNAS,CS,True,usd,0001009759,BBG01KHN7LH3,BBG01KHN7LK9,2026-08-11T06:10:16.602502207Z
CEPO,"Cantor Equity Partners I, Inc. Class A Ordinary Shares",stocks,us,XNAS,CS,True,usd,0002027708,,,2026-08-11T06:10:16.602502287Z
CEPS,"Cantor Equity Partners VI, Inc. Class A Ordinary Shares",stocks,us,XNAS,CS,True,usd,0002089536,,,2026-08-11T06:10:16.602502358Z
CEPU,Central Puerto S.A. American Depositary Shares (each represents ten Common Shares),stocks,us,XNYS,CS,True,usd,0001717161,BBG00JNMX8W5,BBG00JNMX9L5,2026-08-11T06:10:16.602502598Z
CEPV,"Cantor Equity Partners V, Inc. Class A Ordinary Shares",stocks,us,XNAS,CS,True,usd,0002034266,,,2026-08-11T06:10:16.602502788Z
CERS,Cerus Corp,stocks,us,XNAS,CS,True,usd,0001020214,BBG000HBVZX8,BBG001S97DG4,2026-08-11T06:10:16.602503009Z
CERT,"Certara, Inc. Common Stock",stocks,us,XNAS,CS,True,usd,0001827090,BBG00Y7BR4K3,BBG00Y7BR4L2,2026-08-11T06:10:16.602503199Z
CERY,State Street SPDR Bloomberg Enhanced Roll Yield Commodity Strategy No K-1 ETF,stocks,us,ARCX,ETF,True,usd,0001081019,BBG01PKPCTK6,BBG01PKPCVP6,2026-08-11T06:10:16.60250342Z
CET,Central Securities Corp.,stocks,us,XASE,FUND,True,usd,0000018748,BBG000B9Y7P7,BBG001S5PP20,2026-08-11T06:10:16.6025035Z
CETX,CEMTREX INC.,stocks,us,XNAS,CS,True,usd,0001435064,BBG000GC6D82,BBG001SJX829,2026-08-11T06:10:16.60250366Z
CETY,"Clean Energy Technologies, Inc. Common Stock",stocks,us,XNAS,CS,True,usd,0001329606,BBG000NQGHL8,BBG001SQPNN6,2026-08-11T06:10:16.60250374Z
CEV,Eaton Vance California Municipal Income Trust,stocks,us,XASE,FUND,True,usd,0001074692,BBG000BQ1B85,BBG001SCBLC8,2026-08-11T06:10:16.60250381Z
CEVA,CEVA Inc.,stocks,us,XNAS,CS,True,usd,0001173489,BBG000BN3P07,BBG001S9R702,2026-08-11T06:10:16.602503891Z
CEW,WisdomTree  Emerging Currency Strategy Fund,stocks,us,ARCX,ETF,True,usd,0001350487,BBG000LVF2S6,BBG001T4FSX3,2026-08-11T06:10:16.602503971Z
CF,"CF Industries Holding, Inc.",stocks,us,XNYS,CS,True,usd,0001324404,BBG000BWJFZ4,BBG001SJ8KV8,2026-08-11T06:10:16.602504051Z
CFA,VictoryShares US 500 Volatility Wtd ETF,stocks,us,XNAS,ETF,True,usd,0001547580,BBG006QSN9S1,BBG006QSN9T0,2026-08-11T06:10:16.602504131Z
CFBK,CF Bankshares Inc. Common Stock,stocks,us,XNAS,CS,True,usd,0001070680,BBG000BBWB75,BBG001S5XSL4,2026-08-11T06:10:16.602504211Z
CFFI,C&F Financial Corp,stocks,us,XNAS,CS,True,usd,0000913341,BBG000BYN5H7,BBG001SBJZY7,2026-08-11T06:10:16.602504291Z
CFFN,"Capitol Federal Financial, Inc.",stocks,us,XNAS,CS,True,usd,0001490906,BBG000C34488,BBG001SBWDX2,2026-08-11T06:10:16.602504432Z
CFG,"Citizens Financial Group, Inc.",stocks,us,XNYS,CS,True,usd,0000759944,BBG006Q0HY77,BBG006Q0HZT0,2026-08-11T06:10:16.602504682Z
CFGpE,"Citizens Financial Group, Inc.Depositary Shares Each Representing 1/40th Interest in a Share of 5.000% Fixed-Rate Non-Cumulative Perpetual Preferred Stock, Series E",stocks,us,XNYS,PFD,True,usd,0000759944,,,2026-08-11T06:10:16.602504762Z
CFGpH,"Citizens Financial Group, Inc. Depositary Shares Each Representing a 1/40th Interest in a Share of 7.375% Fixed-Rate Non-Cumulative Perpetual Preferred Stock, Series H",stocks,us,XNYS,PFD,True,usd,0000759944,,,2026-08-11T06:10:16.602504963Z
CFGpI,"Citizens Financial Group, Inc. Depositary Shares, Each Representing a 1/40th Interest in a Share of 6.500% Fixed-Rate Reset Non-Cumulative Perpetual Preferred Stock, Series I",stocks,us,XNYS,PFD,True,usd,0000759944,,,2026-08-11T06:10:16.602505063Z
CFIT,Cambria Fixed Income Trend ETF,stocks,us,BATS,ETF,True,usd,0001529390,BBG01T23HNF1,BBG01T23HPK0,2026-08-11T06:10:16.602505143Z
CFND,C1 Fund Inc.,stocks,us,XNYS,CS,True,usd,0002044327,BBG01QS2CVY7,BBG01QS2CX00,2026-08-11T06:10:16.602505213Z
CFO,VictoryShares US 500 Enhanced Volatility Wtd ETF,stocks,us,XNAS,ETF,True,usd,0001547580,BBG006QSNBW1,BBG006QSNBX0,2026-08-11T06:10:16.602505293Z
CFR,Cullen/Frost Bankers Inc.,stocks,us,XNYS,CS,True,usd,0000039263,BBG000C2PL98,BBG001S6D2D0,2026-08-11T06:10:16.602505424Z
CFRpB,"Cullen/Frost Bankers, Inc. Depositary Shares, each representing a 1/40th ownership interest in a share of 4.450% non-cumulative perpetual preferred stock, Series B",stocks,us,XNYS,PFD,True,usd,0000039263,,,2026-08-11T06:10:16.602505554Z
CFTRpA,"Cantor Fitzgerald Income Trust, Inc. 9.50% Series A Cumulative Redeemable Preferred Stock",stocks,us,XNYS,PFD,True,usd,0001666244,,,2026-08-11T06:10:16.602505634Z
CG,The Carlyle Group Inc. Common Stock,stocks,us,XNAS,CS,True,usd,0001527166,BBG000BH3F20,BBG001S7JM84,2026-08-11T06:10:16.602505714Z
CGABL,The Carlyle Group Inc. 4.625% Subordinated Notes due 2061,stocks,us,XNAS,CS,True,usd,,,,2026-08-11T06:10:16.602505784Z
CGAU,Centerra Gold Inc.,stocks,us,XNYS,CS,True,usd,0001854640,BBG000QWM2M7,BBG001SLVFY5,2026-08-11T06:10:16.602505864Z
CGBD,"Carlyle Secured Lending, Inc. Common Stock",stocks,us,XNAS,CS,True,usd,0001544206,BBG00GQVWWP4,BBG00GQVWWQ3,2026-08-11T06:10:16.602505945Z
CGBL,Capital Group Core Balanced ETF,stocks,us,ARCX,ETF,True,usd,,BBG01J9W1JF8,BBG01J9W1K83,2026-08-11T06:10:16.602506025Z
CGC,Canopy Growth Corporation Common Shares,stocks,us,XNAS,CS,True,usd,0001737927,BBG0069FB082,BBG001T6MH82,2026-08-11T06:10:16.602506215Z
CGCB,Capital Group Core Bond ETF,stocks,us,ARCX,ETF,True,usd,,BBG01J5S7M86,BBG01J5S7N48,2026-08-11T06:10:16.602506566Z
CGCFU,Cartesian Growth Corporation IV Unit,stocks,us,XNAS,UNIT,True,usd,0002126043,,,2026-08-11T06:10:16.602506646Z
CGCP,Capital Group Core Plus Income ETF,stocks,us,ARCX,ETF,True,usd,,BBG014YZRQW3,BBG014YZRRT5,2026-08-11T06:10:16.602506776Z
CGCV,Capital Group Conservative Equity ETF,stocks,us,ARCX,ETF,True,usd,,BBG01N7RN8J8,BBG01N7RN9W1,2026-08-11T06:10:16.602506856Z
CGDG,Capital Group Dividend Growers ETF,stocks,us,ARCX,ETF,True,usd,,BBG01J9W2K55,BBG01J9W2L17,2026-08-11T06:10:16.602506936Z
CGDV,Capital Group Dividend Value ETF,stocks,us,ARCX,ETF,True,usd,0001870128,BBG015H8BWY1,BBG015H8BXT5,2026-08-11T06:10:16.602507017Z
CGEM,"Cullinan Therapeutics, Inc. Common Stock",stocks,us,XNAS,CS,True,usd,0001789972,BBG00HW2DGQ4,BBG00HW2DGR3,2026-08-11T06:10:16.602507097Z
CGEN,Compugen Ltd,stocks,us,XNAS,CS,True,usd,0001119774,,,2026-08-11T06:10:16.602507177Z
CGGE,Capital Group Global Equity ETF,stocks,us,ARCX,ETF,True,usd,,BBG01N7SMLH0,BBG01N7SMMC3,2026-08-11T06:10:16.602507257Z
CGGG,Capital Group U.S. Large Growth ETF,stocks,us,ARCX,ETF,True,usd,,BBG01VJG04H7,BBG01VJG05L9,2026-08-11T06:10:16.602507337Z
CGGO,Capital Group Global Growth Equity ETF,stocks,us,ARCX,ETF,True,usd,0001870116,BBG015DN3FW0,BBG015DN3GR4,2026-08-11T06:10:16.602507417Z
CGGR,Capital Group Growth ETF,stocks,us,ARCX,ETF,True,usd,,BBG015DMY4V4,BBG015DMY5P8,2026-08-11T06:10:16.602507498Z
CGHM,Capital Group Municipal High-Income ETF,stocks,us,ARCX,ETF,True,usd,,BBG01N7T4G98,BBG01N7T4H50,2026-08-11T06:10:16.602507568Z
CGHY,Capital Group High Yield Bond ETF,stocks,us,ARCX,ETF,True,usd,,BBG01VKBFFX7,BBG01VKBFGV7,2026-08-11T06:10:16.602507648Z
CGIB,Capital Group International Bond ETF (USD-Hedged),stocks,us,ARCX,ETF,True,usd,,BBG01N7Q8Z34,BBG01N7Q9067,2026-08-11T06:10:16.602507728Z
CGIC,Capital Group International Core Equity ETF,stocks,us,ARCX,ETF,True,usd,,BBG01N7S4184,BBG01N7S4291,2026-08-11T06:10:16.602507808Z
CGIE,Capital Group International Equity ETF,stocks,us,ARCX,ETF,True,usd,,BBG01J9W3CF1,BBG01J9W3D87,2026-08-11T06:10:16.602508029Z
CGMM,Capital Group U.S. Small and Mid Cap ETF,stocks,us,ARCX,ETF,True,usd,,BBG01RL7XKS9,BBG01RL7XM41,2026-08-11T06:10:16.602508129Z
CGMS,Capital Group U.S. Multi-Sector Income ETF,stocks,us,ARCX,ETF,True,usd,,BBG019XS8MX8,BBG019XS8NR3,2026-08-11T06:10:16.602508209Z
CGMU,Capital Group Municipal Income ETF,stocks,us,ARCX,ETF,True,usd,,BBG019XRCL67,BBG019XRCM29,2026-08-11T06:10:16.602508289Z
CGNG,Capital Group New Geography Equity ETF,stocks,us,ARCX,ETF,True,usd,,BBG01N7SVCX2,BBG01N7SVDT5,2026-08-11T06:10:16.602508359Z
CGNT,Cognyte Software Ltd. Ordinary Shares,stocks,us,XNAS,CS,True,usd,0001824814,,,2026-08-11T06:10:16.602508439Z
CGNX,Cognex Corp,stocks,us,XNAS,CS,True,usd,0000851205,BBG000BPBVW5,BBG001S5TC16,2026-08-11T06:10:16.602508519Z
CGO,Calamos Global Total Return Fund,stocks,us,XNAS,CS,True,usd,0001285650,BBG000NPGLP7,BBG001SKVJY9,2026-08-11T06:10:16.6025086Z
CGON,"CG Oncology, Inc. Common stock",stocks,us,XNAS,CS,True,usd,0001991792,BBG00YHKK4Q3,BBG00YHKK4R2,2026-08-11T06:10:16.60250868Z
CGOV,Corgi 0-3 Month T-Bill ETF,stocks,us,BATS,ETF,True,usd,,BBG022K6WX36,BBG022K6WYX1,2026-08-11T06:10:16.60250876Z
CGRO,CoreValues Alpha Greater China Growth ETF,stocks,us,ARCX,ETF,True,usd,0001799611,BBG01JLGVQ88,BBG01JLGVR40,2026-08-11T06:10:16.60250883Z
CGSD,Capital Group Short Duration Income ETF,stocks,us,ARCX,ETF,True,usd,,BBG019XFYR75,BBG019XFYS46,2026-08-11T06:10:16.60250897Z
CGSM,Capital Group Short Duration Municipal Income ETF,stocks,us,ARCX,ETF,True,usd,,BBG01J5S8MY6,BBG01J5S8NT0,2026-08-11T06:10:16.602509101Z
CGTL,Creative Global Technology Holdings Limited Class A Ordinary Shares,stocks,us,XNAS,CS,True,usd,0001967822,,,2026-08-11T06:10:16.602509181Z
CGTX,"Cognition Therapeutics, Inc. Common Stock",stocks,us,XNAS,CS,True,usd,0001455365,BBG001J2P8S7,BBG001V0GFB9,2026-08-11T06:10:16.602509261Z
CGUI,Capital Group Ultra Short Income ETF,stocks,us,ARCX,ETF,True,usd,,BBG01N7Q8JK1,BBG01N7Q8KK8,2026-08-11T06:10:16.602509351Z
CGUS,Capital Group Core Equity ETF,stocks,us,ARCX,ETF,True,usd,0001870102,BBG015D25XY3,BBG015D25YS8,2026-08-11T06:10:16.602509782Z
CGV,Conductor Global Equity Value ETF,stocks,us,XNYS,ETF,True,usd,0001552947,BBG0190B0V14,BBG0190B0VX9,2026-08-11T06:10:16.602509862Z
CGVV,Capital Group U.S. Large Value ETF,stocks,us,ARCX,ETF,True,usd,,BBG01VJHNMT7,BBG01VJHNNQ8,2026-08-11T06:10:16.602509972Z
CGW,Invesco S&P Global Water Index ETF,stocks,us,ARCX,ETF,True,usd,0000914208,BBG00KJR2226,BBG00KJR22S8,2026-08-11T06:10:16.602510062Z
CGXU,Capital Group International Focus Equity ETF,stocks,us,ARCX,ETF,True,usd,0001870130,BBG015DN0VK1,BBG015DN0WJ1,2026-08-11T06:10:16.602510143Z
CHA,Chagee Holdings Limited American Depositary Shares,stocks,us,XNAS,ADRC,True,usd,0002013649,BBG01T2HRQH0,BBG01T2HRRD2,2026-08-11T06:10:16.602510213Z
CHAI,"Core AI Holdings, Inc. Common Shares",stocks,us,XNAS,CS,True,usd,0001649009,BBG000BXPF58,BBG001S5WW90,2026-08-11T06:10:16.602510293Z
CHAR,Charlton Aria Acquisition Corporation Class A Ordinary Shares,stocks,us,XNAS,CS,True,usd,0002024459,,,2026-08-11T06:10:16.602510373Z
CHARR,Charlton Aria Acquisition Corporation Rights,stocks,us,XNAS,RIGHT,True,usd,0002024459,,,2026-08-11T06:10:16.602510453Z
CHARU,Charlton Aria Acquisition Corporation Units,stocks,us,XNAS,UNIT,True,usd,0002024459,,,2026-08-11T06:10:16.602510533Z
CHAT,Roundhill Generative AI & Technology ETF,stocks,us,ARCX,ETF,True,usd,0001924868,BBG01GNBGD89,BBG01GNBGF39,2026-08-11T06:10:16.602510603Z
CHAU,Direxion Daily CSI 300 China A Share Bull 2X ETF,stocks,us,ARCX,ETF,True,usd,,BBG008HBH279,BBG008HBH288,2026-08-11T06:10:16.602510684Z
CHCI,"Comstock Holding Companies, Inc. Class A",stocks,us,XNAS,CS,True,usd,0001299969,BBG000Q808Z7,BBG001SMCN40,2026-08-11T06:10:16.602510764Z
CHCO,City Holding Co,stocks,us,XNAS,CS,True,usd,0000726854,BBG000BFJFX3,BBG001S5PR71,2026-08-11T06:10:16.602510904Z
CHCT,"Community Healthcare Trust Incorporated Common Stock, $0.01 par value per share",stocks,us,XNYS,CS,True,usd,0001631569,BBG008G2P3M2,BBG008G2P3N1,2026-08-11T06:10:16.602510984Z
CHD,"Church & Dwight Co., Inc.",stocks,us,XNYS,CS,True,usd,0000313927,BBG000BFJT36,BBG001S5PR99,2026-08-11T06:10:16.602511064Z
CHDG,Calamos Active Hedged Equity ETF,stocks,us,BATS,ETF,True,usd,,BBG0241NZQH3,BBG0241NZRJ9,2026-08-11T06:10:16.602511395Z
CHDN,Churchill Downs Inc,stocks,us,XNAS,CS,True,usd,0000020212,BBG000BGXMG9,BBG001S67Z80,2026-08-11T06:10:16.602511475Z
CHE,Chemed Corporation,stocks,us,XNYS,CS,True,usd,0000019584,BBG000C19QW1,BBG001S679X0,2026-08-11T06:10:16.602511595Z
CHEC,Chenghe Acquisition III Co. Class A Ordinary Share,stocks,us,XNAS,CS,True,usd,0002047177,,,2026-08-11T06:10:16.602511676Z
CHECU,Chenghe Acquisition III Co. Units,stocks,us,XNAS,UNIT,True,usd,0002047177,,,2026-08-11T06:10:16.602511756Z
CHECW,Chenghe Acquisition III Co. Warrants,stocks,us,XNAS,WARRANT,True,usd,0002047177,,,2026-08-11T06:10:16.602511836Z
CHEF,The Chef's Warehouse Inc,stocks,us,XNAS,CS,True,usd,0001517175,BBG001MFW6D6,BBG001V11JN2,2026-08-11T06:10:16.602512016Z
CHGA,Change Agents Corporation Common Stock,stocks,us,XNAS,CS,True,usd,0001630212,BBG008648HM7,BBG008648HN6,2026-08-11T06:10:16.602512146Z
CHGG,"CHEGG, INC.",stocks,us,XNYS,CS,True,usd,0001364954,BBG0014XR0N5,BBG001TBCK85,2026-08-11T06:10:16.602512227Z
CHGX,Stance Sustainable Beta ETF,stocks,us,XNAS,ETF,True,usd,0000810972,BBG01QMWLPH9,BBG01QMWLQB3,2026-08-11T06:10:16.602512307Z
CHH,Choice Hotels Intnl.,stocks,us,XNYS,CS,True,usd,0001046311,BBG000BPBTL2,BBG001S997X6,2026-08-11T06:10:16.602512387Z
CHI,Calamos Convertible Opportunities and Income Fund,stocks,us,XNAS,CS,True,usd,0001171471,BBG000D8GTW1,BBG001SG6175,2026-08-11T06:10:16.602512467Z
CHIQ,Global X MSCI China Consumer Discretionary ETF,stocks,us,ARCX,ETF,True,usd,0001432353,BBG000PYGRT9,BBG001T64BB1,2026-08-11T06:10:16.602512537Z
CHKP,Check Point Software Technologies Ltd,stocks,us,XNAS,CS,True,usd,0001015922,,,2026-08-11T06:10:16.602512617Z
CHMG,Chemung Financial Corp,stocks,us,XNAS,CS,True,usd,0000763563,BBG000BHQ7B3,BBG001S7RT53,2026-08-11T06:10:16.602512808Z
CHMI,CHERRY HILL MORTGAGE INVESTMENT CORPORATION,stocks,us,XNYS,CS,True,usd,0001571776,BBG004HQLJH2,BBG004HQLK70,2026-08-11T06:10:16.602512888Z
CHMIpA,Cherry Hill Mortgage Investment Corporation 8.20% Series A Cumulative Redeemable Preferred Stock,stocks,us,XNYS,PFD,True,usd,0001571776,,,2026-08-11T06:10:16.602513249Z
CHMIpB,Cherry Hill Mortgage Investment Corporation 8.250% Series B Fixed-to-Floating Rate Cumulative Redeemable Preferred Stock,stocks,us,XNYS,PFD,True,usd,0001571776,,,2026-08-11T06:10:16.602513329Z
CHNL,Chainlink ETF,stocks,us,BATS,ETF,True,usd,,BBG021D2D5X4,BBG021D2D6W3,2026-08-11T06:10:16.602513439Z
CHNR,"China Natural Resources, Inc.",stocks,us,XNAS,CS,True,usd,0000793628,,,2026-08-11T06:10:16.602513519Z
CHNU,2x Chainlink ETF,stocks,us,BATS,ETF,True,usd,,BBG021D29BK0,BBG021D29CK8,2026-08-11T06:10:16.602513599Z
CHOW,ChowChow Cloud International Holdings Limited,stocks,us,XASE,CS,True,usd,0002041829,,,2026-08-11T06:10:16.602513679Z
CHPG,ChampionsGate Acquisition Corporation Class A Ordinary Share,stocks,us,XNAS,CS,True,usd,0002024460,,,2026-08-11T06:10:16.60251376Z
CHPGR,ChampionsGate Acquisition Corporation Rights,stocks,us,XNAS,RIGHT,True,usd,0002024460,,,2026-08-11T06:10:16.60251395Z
CHPGU,ChampionsGate Acquisition Corporation Unit,stocks,us,XNAS,UNIT,True,usd,0002024460,,,2026-08-11T06:10:16.60251403Z
CHPS,Xtrackers Semiconductor Select Equity ETF,stocks,us,XNAS,ETF,True,usd,,BBG01HDDR160,BBG01HDDR231,2026-08-11T06:10:16.60251415Z
CHPT,"ChargePoint Holdings, Inc.",stocks,us,XNYS,CS,True,usd,0001777393,BBG00Q741Z16,BBG00Q741ZS7,2026-08-11T06:10:16.60251423Z
CHPX,Global X AI Semiconductor & Quantum ETF,stocks,us,XNAS,ETF,True,usd,,BBG01XHHB3Y4,BBG01XHHB5G9,2026-08-11T06:10:16.602514311Z
CHPY,YieldMax Semiconductor Portfolio Option Income ETF,stocks,us,ARCX,ETF,True,usd,,BBG01SX6T2F5,BBG01SX6T443,2026-08-11T06:10:16.602514391Z
CHR,"Cheer Holding, Inc. Class A Ordinary Share",stocks,us,XNAS,CS,True,usd,0001738758,,,2026-08-11T06:10:16.602514471Z
CHRD,Chord Energy Corporation Common Stock,stocks,us,XNAS,CS,True,usd,0001486159,BBG00Y7BLHL9,BBG00Y7BLJF2,2026-08-11T06:10:16.602514551Z
CHRI,Global X S&P 500 Christian Values ETF,stocks,us,XNAS,ETF,True,usd,,BBG01XH961H1,BBG01XH96305,2026-08-11T06:10:16.602514621Z
CHRN,ChronoScale Holdings Corporation Common Stock,stocks,us,XNAS,CS,True,usd,0001549084,BBG002Z0NKK4,BBG002Z0NL95,2026-08-11T06:10:16.602514842Z
CHRS,"Coherus Oncology, Inc. Common Stock",stocks,us,XNAS,CS,True,usd,0001512762,BBG0063N8V69,BBG0063N8V87,2026-08-11T06:10:16.602514922Z
CHRW,"C.H. Robinson Worldwide, Inc.",stocks,us,XNAS,CS,True,usd,0001043277,BBG000BTCH57,BBG001SB6KF5,2026-08-11T06:10:16.602515042Z
CHSCL,"CHS Inc Class B Cumulative Redeemable Preferred Stock, Series 4",stocks,us,XNAS,PFD,True,usd,,,,2026-08-11T06:10:16.602515122Z
CHSCM,"CHS Inc Class B Reset Rate Cumulative Redeemable Preferred Stock, Series 3",stocks,us,XNAS,PFD,True,usd,,,,2026-08-11T06:10:16.602515202Z
CHSCN,CHS Inc Preferred Class B Series 2 Reset Rate,stocks,us,XNAS,PFD,True,usd,,,,2026-08-11T06:10:16.602515283Z
CHSCO,CHS Inc. Class B Cumulative Redeemable Preferred Stock,stocks,us,XNAS,PFD,True,usd,,,,2026-08-11T06:10:16.602515353Z
CHSCP,CHS Inc. 8% Cumulative Redeemable Pfd,stocks,us,XNAS,PFD,True,usd,,,,2026-08-11T06:10:16.602515433Z
CHSN,Chanson International Holding Class A Ordinary Shares,stocks,us,XNAS,CS,True,usd,0001825349,,,2026-08-11T06:10:16.602515513Z
CHT,"CHUNGHWA TELECOM CO., LTD",stocks,us,XNYS,ADRC,True,usd,0001132924,BBG000BBYJ94,BBG001S66W15,2026-08-11T06:10:16.602515603Z
CHTR,Charter Comm Inc Del CL A New,stocks,us,XNAS,CS,True,usd,0001091667,BBG000VPGNR2,BBG001T3TDG2,2026-08-11T06:10:16.602515673Z
CHW,Calamos Global Dynamic Income Fund,stocks,us,XNAS,CS,True,usd,0001396277,BBG000NK3XQ5,BBG001SQN842,2026-08-11T06:10:16.602515753Z
CHWY,"Chewy, Inc.",stocks,us,XNYS,CS,True,usd,0001766502,BBG00P19DKZ6,BBG00P19DLQ4,2026-08-11T06:10:16.602515844Z
CHY,Calamos Convertible and High Income Fund,stocks,us,XNAS,CS,True,usd,0001222719,BBG000BK02T6,BBG001S8SMN5,2026-08-11T06:10:16.602515924Z
CHYG,Corgi 0-5 Year High Yield Corporate Bond ETF,stocks,us,BATS,ETF,True,usd,,BBG022K7P1H7,BBG022K7P2K1,2026-08-11T06:10:16.602516004Z
CHYM,"Chime Financial, Inc. Class A Common Stock",stocks,us,XNAS,CS,True,usd,0001795586,BBG00QK4M9M3,BBG00QK4M9N2,2026-08-11T06:10:16.602516084Z
CI,The Cigna Group,stocks,us,XNYS,CS,True,usd,0001739940,BBG00KXRCDP0,BBG00KXRCDQ9,2026-08-11T06:10:16.602516435Z
CIA,"Citizens, Inc.",stocks,us,XNYS,CS,True,usd,0000024090,BBG000DJ3D29,BBG001S81V90,2026-08-11T06:10:16.602516515Z
CIB,Grupo Cibest S.A. American Depositary Shares (each representing four (4) Preferred Shares),stocks,us,XNYS,ADRC,True,usd,0002058897,BBG01TW82NG2,BBG01TW82PB2,2026-08-11T06:10:16.602516655Z
CIBR,First Trust Exchange-Traded Fund II First Trust NASDAQ Cybersecurity ETF,stocks,us,XNAS,ETF,True,usd,0001125816,BBG009K1H2V8,BBG009K1H2W7,2026-08-11T06:10:16.602516725Z
CICB,CION Investment Corporation 7.50% Notes due 2029,stocks,us,XNYS,SP,True,usd,0001534254,,,2026-08-11T06:10:16.602516805Z
CICC,CION Investment Corporation 7.50% Notes due 2031,stocks,us,XNYS,SP,True,usd,0001534254,,,2026-08-11T06:10:16.602516886Z
CIEG,Leverage Shares 2X Long CIEN Daily ETF,stocks,us,BATS,ETF,True,usd,,BBG0227C0C11,BBG0227C0D82,2026-08-11T06:10:16.602516966Z
CIEI,Corgi 3-7 Year Treasury Bond ETF,stocks,us,BATS,ETF,True,usd,,BBG022KCZ4Q9,BBG022KCZ6Z4,2026-08-11T06:10:16.602517046Z
CIEN,Ciena Corporation,stocks,us,XNYS,CS,True,usd,0000936395,BBG000BP1152,BBG001S61J73,2026-08-11T06:10:16.602517126Z
CIEX,Tradr 2X Long CIEN Daily ETF,stocks,us,BATS,ETF,True,usd,,BBG023CPJR93,BBG023CPJTM4,2026-08-11T06:10:16.602517206Z
CIFC,Corgi CIFR 2x Daily ETF,stocks,us,BATS,ETF,True,usd,,BBG02310YC23,BBG02310YD58,2026-08-11T06:10:16.602517276Z
CIFG,Leverage Shares 2X Long CIFR Daily ETF,stocks,us,XNAS,ETF,True,usd,,BBG01YY2YQB5,BBG01YY2YR78,2026-08-11T06:10:16.602517367Z
CIFR,Cipher Digital Inc. Common Stock,stocks,us,XNAS,CS,True,usd,0001819989,BBG00XYHY0K2,BBG00XYHY0L1,2026-08-11T06:10:16.602517447Z
CIFU,T-REX 2X Long CIFR Daily Target ETF,stocks,us,BATS,ETF,True,usd,0001771146,BBG01YJN4TG8,BBG01YJN4VD6,2026-08-11T06:10:16.602517527Z
CIG,Companhia Energetica De Minas Gerais-CEMIG,stocks,us,XNYS,ADRC,True,usd,0001157557,BBG000BBKV10,BBG001S64WN3,2026-08-11T06:10:16.602517597Z
CIG.C,Companhia Energetica De Minas Gerais-CEMIG,stocks,us,XNYS,ADRC,True,usd,0001157557,BBG000GN0XD4,BBG001STLY96,2026-08-11T06:10:16.602517677Z
CIGI,Colliers International Group Inc. Subordinate Voting Shares,stocks,us,XNAS,CS,True,usd,0000913353,BBG000BN6P22,BBG001S79G88,2026-08-11T06:10:16.602517888Z
CIGL,Concorde International Group Ltd Class A Ordinary Shares,stocks,us,XNAS,CS,True,usd,0002001794,,,2026-08-11T06:10:16.602517968Z
CII,"BlackRock Enhanced Large Cap Core Fund, Inc.",stocks,us,XNYS,FUND,True,usd,0001278895,BBG000L0QDX2,BBG001SJTK18,2026-08-11T06:10:16.602518078Z
CIIT,"Tianci International, Inc. Common Stock",stocks,us,XNAS,CS,True,usd,0001557798,BBG003NFDV65,BBG003NFDVY4,2026-08-11T06:10:16.602518158Z
CIK,Credit Suisse Asset Management Income Fund Inc.,stocks,us,XASE,FUND,True,usd,0000810766,BBG000G894K4,BBG001SCVJQ6,2026-08-11T06:10:16.602518238Z
CIM,Chimera Investment Corp.,stocks,us,XNYS,CS,True,usd,0001409493,BBG000PFLGY2,BBG001SR1G28,2026-08-11T06:10:16.602518318Z
CIMN,Chimera Investment Corporation 9.000% Senior Notes due 2029,stocks,us,XNYS,SP,True,usd,0001409493,,,2026-08-11T06:10:16.602518399Z
CIMO,Chimera Investment Corporation 9.250% Senior Notes due 2029,stocks,us,XNYS,SP,True,usd,0001409493,,,2026-08-11T06:10:16.602518599Z
CIMP,Chimera Investment Corporation 8.875% Senior Notes due 2030,stocks,us,XNYS,SP,True,usd,0001409493,,,2026-08-11T06:10:16.602518809Z
CIMpA,Chimera Investment Corporation 8.00% Series A Cumulative Redeemable Preferred Stock,stocks,us,XNYS,PFD,True,usd,0001409493,,,2026-08-11T06:10:16.60251899Z
CIMpB,Chimera Investment Corporation 8.00% Series B Fixed-to-Floating Rate Cumulative Redeemable Preferred Stock,stocks,us,XNYS,PFD,True,usd,0001409493,,,2026-08-11T06:10:16.60251907Z
CIMpC,Chimera Investment Corporation 7.75% Series C Fixed-to-Floating Rate  Cumulative Redeemable  Preferred Stock,stocks,us,XNYS,PFD,True,usd,0001409493,,,2026-08-11T06:10:16.60251915Z
CIMpD,Chimera Investment Corporation 8.00% Series D Fixed-to-Floating Rate Cumulative Redeemable Preferred Stock,stocks,us,XNYS,PFD,True,usd,0001409493,,,2026-08-11T06:10:16.60251923Z
CINF,Cincinnati Financial Corp,stocks,us,XNAS,CS,True,usd,0000020286,BBG000BFPK65,BBG001S5PTM0,2026-08-11T06:10:16.60251931Z
CING,Cingulate Inc. Common Stock,stocks,us,XNAS,CS,True,usd,0001862150,BBG012G40MY2,BBG012G40NT6,2026-08-11T06:10:16.6025194Z
CINGW,Cingulate Inc. Warrants,stocks,us,XNAS,WARRANT,True,usd,0001862150,BBG013YMVH68,,2026-08-11T06:10:16.602519531Z
CINT,CI&T Inc,stocks,us,XNYS,CS,True,usd,0001868995,,,2026-08-11T06:10:16.602519731Z
CION,CION Investment Corporation,stocks,us,XNYS,CS,True,usd,0001534254,BBG009KJ66B4,BBG009KJ66C3,2026-08-11T06:10:16.602519811Z
CIR,Corgi CRCL 2x Daily ETF,stocks,us,BATS,ETF,True,usd,,BBG023174S53,BBG023174T42,2026-08-11T06:10:16.602519911Z
CIRC,"Circle8 Group, Inc. Common Stock",stocks,us,XNAS,CS,True,usd,0001605888,BBG0074P1FJ9,BBG0074P1FK7,2026-08-11T06:10:16.602519992Z
CISO,"CISO Global, Inc. Common Stock",stocks,us,XNAS,CS,True,usd,0001777319,BBG00SL5GH17,BBG00SL5GJ31,2026-08-11T06:10:16.602520072Z
CISS,C3is Inc. Common Stock,stocks,us,XNAS,CS,True,usd,0001951067,,,2026-08-11T06:10:16.602520142Z
CITR,CitroTech Inc.,stocks,us,XASE,CS,True,usd,0000894556,BBG01GF8F137,BBG01GF8F146,2026-08-11T06:10:16.602520222Z
CIVB,"Civista Bancshares, Inc.",stocks,us,XNAS,CS,True,usd,0000944745,BBG000DWZWT4,BBG001S91FV8,2026-08-11T06:10:16.602520302Z
CIVG,Corgi 1-5 Year Investment Grade Corporate Bond ETF,stocks,us,BATS,ETF,True,usd,,BBG022KDMXF9,BBG022KDMYC0,2026-08-11T06:10:16.602520382Z
CIX,Comp X International Inc.,stocks,us,XASE,CS,True,usd,0001049606,BBG000BCGY99,BBG001S643N7,2026-08-11T06:10:16.602520462Z
CJMB,Callan JMB Inc. Common Stock,stocks,us,XNAS,CS,True,usd,0002032545,BBG01QK922X6,BBG01QK923R1,2026-08-11T06:10:16.602520533Z
CJUL,Corgi U.S. Equities 15% Structured Buffer ETF - July Series,stocks,us,BATS,ETF,True,usd,0002078265,BBG023DD7QX7,BBG023DD7RX5,2026-08-11T06:10:16.602520613Z
CJUN,Corgi U.S. Equities 15% Structured Buffer ETF - June Series,stocks,us,BATS,ETF,True,usd,0002078265,BBG022MHH379,BBG022MHH468,2026-08-11T06:10:16.602520693Z
CKX,"CKX Lands, Inc.",stocks,us,XASE,CS,True,usd,0000352955,BBG000CTBX52,BBG001S72DB8,2026-08-11T06:10:16.602520773Z
CL,Colgate-Palmolive Company,stocks,us,XNYS,CS,True,usd,0000021665,BBG000BFQYY3,BBG001S5PVM5,2026-08-11T06:10:16.602520853Z
CLAR,Clarus Corporation Common Stock,stocks,us,XNAS,CS,True,usd,0000913277,BBG000C6QPN3,BBG001SBNNC3,2026-08-11T06:10:16.602520933Z
CLB,Core Laboratories Inc.,stocks,us,XNYS,CS,True,usd,0001958086,BBG01GG28WR3,BBG01GG28WT1,2026-08-11T06:10:16.602521174Z
CLBK,"Columbia Financial, Inc. Common Stock",stocks,us,XNAS,CS,True,usd,0002115119,BBG023TM45W0,BBG023TM45X9,2026-08-11T06:10:16.602521254Z
CLBR,Colombier Acquisition Corp. III,stocks,us,XNYS,CS,True,usd,0002091024,,,2026-08-11T06:10:16.602521414Z
CLBR.U,"Colombier Acquisition Corp. III Units, each consisting of one Class A ordinary share and one-eighth of one redeemable warrant",stocks,us,XNYS,UNIT,True,usd,0002091024,,,2026-08-11T06:10:16.602521494Z
CLBR.WS,"Colombier Acquisition Corp. III Warrants, each whole warrant exercisable for one Class A ordinary share at an exercise price of $11.50 per share",stocks,us,XNYS,WARRANT,True,usd,0002091024,,,2026-08-11T06:10:16.602521575Z
CLBT,Cellebrite DI Ltd. Class A Ordinary Shares,stocks,us,XNAS,CS,True,usd,0001854587,,,2026-08-11T06:10:16.602521655Z
CLCG,Crossmark Large Cap Growth ETF,stocks,us,ARCX,ETF,True,usd,0002062986,BBG01W9F1Q97,BBG01W9F1R77,2026-08-11T06:10:16.602521765Z
CLCV,Crossmark Large Cap Value ETF,stocks,us,ARCX,ETF,True,usd,0002062986,BBG01W9F1TJ0,BBG01W9F1VH7,2026-08-11T06:10:16.602521845Z
CLDI,"Calidi Biotherapeutics, Inc.",stocks,us,XASE,CS,True,usd,0001855485,BBG012QFCL84,BBG012QFCL93,2026-08-11T06:10:16.602521925Z
CLDT,CHATHAM LODGING TRUST,stocks,us,XNYS,CS,True,usd,0001476045,BBG000PT6BR8,BBG001T5ZKL8,2026-08-11T06:10:16.602521995Z
CLDTpA,Chatham Lodging Trust 6.625% Series A Cumulative Redeemable Preferred Shares of Beneficial Interest,stocks,us,XNYS,PFD,True,usd,0001476045,,,2026-08-11T06:10:16.602522116Z
CLDX,"Celldex Therapeutics, Inc",stocks,us,XNAS,CS,True,usd,0000744218,BBG000FW8LZ9,BBG001S7QN20,2026-08-11T06:10:16.602522196Z
CLF,Cleveland-Cliffs Inc.,stocks,us,XNYS,CS,True,usd,0000764065,BBG000BFRF55,BBG001S5PW43,2026-08-11T06:10:16.602522276Z
CLFD,"Clearfield, Inc.",stocks,us,XNAS,CS,True,usd,0000796505,BBG000BC35R6,BBG001S5NS35,2026-08-11T06:10:16.602522356Z
CLGN,CollPlant Biotechnologies Ltd Ordinary Shares,stocks,us,XNAS,CS,True,usd,0001631487,,,2026-08-11T06:10:16.602522436Z
CLH,"Clean Harbors, Inc",stocks,us,XNYS,CS,True,usd,0000822818,BBG000BFRRX8,BBG001S5PW98,2026-08-11T06:10:16.602522506Z
CLIK,Click Holdings Limited Class A Ordinary Share,stocks,us,XNAS,CS,True,usd,0002020027,,,2026-08-11T06:10:16.602522717Z
CLIM,Climate Global - Climate Resilient REIT Index ETF,stocks,us,ARCX,ETF,True,usd,0001547950,BBG020QM4CL6,BBG020QM4DK5,2026-08-11T06:10:16.602522807Z
CLIP,Global X 1-3 Month T-Bill ETF,stocks,us,ARCX,ETF,True,usd,,BBG01H2Z07K3,BBG01H2Z08D9,2026-08-11T06:10:16.602522907Z
CLIR,ClearSign Technologies Corporation Common Stock (DE),stocks,us,XNAS,CS,True,usd,0001434524,BBG00283BTK2,BBG00283BV90,2026-08-11T06:10:16.602522987Z
CLIX,ProShares Long Online/Short Stores ETF,stocks,us,ARCX,ETF,True,usd,0001174610,BBG00J7QX2N7,BBG00J7QX3N5,2026-08-11T06:10:16.602523068Z
CLLS,Cellectis S.A. American Depositary Shares,stocks,us,XNAS,ADRC,True,usd,0001627281,BBG0084L1XN2,BBG0084L1YD1,2026-08-11T06:10:16.602523148Z
CLM,"Cornerstone Strategic Investment Fund, Inc.",stocks,us,XASE,FUND,True,usd,0000814083,BBG000B9YZT1,BBG001S5PWK5,2026-08-11T06:10:16.602523218Z
CLMB,"Climb Global Solutions, Inc. Common Stock",stocks,us,XNAS,CS,True,usd,0000945983,BBG000BCJVD7,BBG001S5T4D1,2026-08-11T06:10:16.602523298Z
CLMT,"Calumet, Inc. Common Stock",stocks,us,XNAS,CS,True,usd,0002013745,BBG01NQ82GB2,BBG01NQ82GC1,2026-08-11T06:10:16.602523378Z
CLNE,Clean Energy Fuels Corp.,stocks,us,XNAS,CS,True,usd,0001368265,BBG000J5J943,BBG001SPD4H0,2026-08-11T06:10:16.602523458Z
CLNK,Bitwise Chainlink ETF,stocks,us,ARCX,ETV,True,usd,0002082889,BBG01ZK73F97,BBG01ZK73G68,2026-08-11T06:10:16.602523538Z
CLNN,Clene Inc. Common Stock,stocks,us,XNAS,CS,True,usd,0001822791,BBG00X3GTK66,BBG00X3GTK84,2026-08-11T06:10:16.602523619Z
CLOA,BlackRock ETF Trust II iShares AAA CLO Active ETF,stocks,us,XNAS,ETF,True,usd,0001804196,BBG01C8314R8,BBG01C8315P7,2026-08-11T06:10:16.602523699Z
CLOB,VanEck AA-BB CLO ETF,stocks,us,ARCX,ETF,True,usd,0001137360,BBG01PZXSTL5,BBG01PZXSVG6,2026-08-11T06:10:16.602523779Z
CLOC,AAM Crescent CLO ETF,stocks,us,ARCX,ETF,True,usd,,BBG01Y2K1T66,BBG01Y2K1VF1,2026-08-11T06:10:16.602523859Z
CLOD,Themes Cloud Computing ETF,stocks,us,XNAS,ETF,True,usd,0001976322,BBG01KMFSDL4,BBG01KMFSFG5,2026-08-11T06:10:16.602523939Z
CLOI,VanEck CLO ETF,stocks,us,ARCX,ETF,True,usd,0001137360,BBG0188ZYKG6,BBG0188ZYL92,2026-08-11T06:10:16.60252415Z
CLOO,NYLI Investment Grade CLO ETF,stocks,us,ARCX,ETF,True,usd,,BBG0223F2X10,BBG0223F2XZ3,2026-08-11T06:10:16.60252423Z
CLOU,Global X Cloud Computing ETF,stocks,us,XNAS,ETF,True,usd,0001432353,BBG00NW3VBY1,BBG00NW3VCQ8,2026-08-11T06:10:16.60252435Z
CLOV,"Clover Health Investments, Corp",stocks,us,XNAS,CS,True,usd,0001801170,BBG00SHY90J5,BBG00SHY90K3,2026-08-11T06:10:16.60252443Z
CLOX,Eldridge AAA CLO ETF,stocks,us,ARCX,ETF,True,usd,,BBG01HH1DF39,BBG01HH1DFY5,2026-08-11T06:10:16.60252451Z
CLOZ,Eldridge BBB-B CLO ETF,stocks,us,ARCX,ETF,True,usd,,BBG01CH33MC2,BBG01CH33N67,2026-08-11T06:10:16.60252459Z
CLPR,Clipper Realty Inc. Common Stock,stocks,us,XNYS,CS,True,usd,0001649096,BBG00FY0CZQ9,BBG00FY0CZR8,2026-08-11T06:10:16.602524671Z
CLPS,CLPS Incorporation Common Stock,stocks,us,XNAS,CS,True,usd,0001724542,,,2026-08-11T06:10:16.602524751Z
CLPT,"ClearPoint Neuro, Inc. Common Stock",stocks,us,XNAS,CS,True,usd,0001285550,BBG000Q39HV3,BBG001T6D542,2026-08-11T06:10:16.602524821Z
CLRB,Cellectar Biosciences INC NEW,stocks,us,XNAS,CS,True,usd,0001279704,BBG000G9WFQ5,BBG001SNWCK2,2026-08-11T06:10:16.602524901Z
CLRO,"ClearOne, Inc. Common Stock",stocks,us,XNAS,CS,True,usd,0000840715,BBG000F7XWR1,BBG001S9QBR5,2026-08-11T06:10:16.602524981Z
CLS,"Celestica, Inc.",stocks,us,XNYS,CS,True,usd,0001030894,BBG000BPS2C3,BBG001S9CXM7,2026-08-11T06:10:16.602525061Z
CLSE,Convergence Long/Short Equity ETF,stocks,us,BATS,ETF,True,usd,0001141819,BBG015HY6PY5,BBG015HY6QS0,2026-08-11T06:10:16.602525442Z
CLSK,CLEANSPARK INC,stocks,us,XNAS,CS,True,usd,0000827876,BBG001MB89V6,BBG001S7F576,2026-08-11T06:10:16.602525522Z
CLSKW,"CleanSpark, Inc. Warrant",stocks,us,XNAS,WARRANT,True,usd,0000827876,BBG01QM8XY17,,2026-08-11T06:10:16.602525602Z
CLSM,Exchange Listed Funds Trust ETC Cabana Target Leading Sector Moderate ETF,stocks,us,XNAS,ETF,True,usd,0001547950,BBG011RJLCJ5,BBG011RJLDC0,2026-08-11T06:10:16.602525683Z
CLST,"Catalyst Bancorp, Inc. Common Stock",stocks,us,XNAS,CS,True,usd,0001849867,BBG00ZMYKX53,BBG00ZMYKY06,2026-08-11T06:10:16.602526093Z
CLSX,Tradr 2X Long CLSK Daily ETF,stocks,us,BATS,ETF,True,usd,,BBG01X7SYZY5,BBG01X7SZ0V4,2026-08-11T06:10:16.602526174Z
CLUB,Billionaires Club ETF,stocks,us,ARCX,ETF,True,usd,0001547950,BBG0222LF8M6,BBG0222LF9P1,2026-08-11T06:10:16.602526294Z
CLVT,Clarivate Plc,stocks,us,XNYS,CS,True,usd,0001764046,,,2026-08-11T06:10:16.602526364Z
CLW,Clearwater Paper Corporation,stocks,us,XNYS,CS,True,usd,0001441236,BBG000JY3FM3,BBG001T3T1B3,2026-08-11T06:10:16.602526444Z
CLWT,Euro Tech Holdings Co Ltd. New,stocks,us,XNAS,CS,True,usd,0001026662,,,2026-08-11T06:10:16.602526534Z
CLX,Clorox Company,stocks,us,XNYS,CS,True,usd,0000021076,BBG000BFS7D3,BBG001S5PX50,2026-08-11T06:10:16.602526614Z
CLYM,"Climb Bio, Inc. Common Stock",stocks,us,XNAS,CS,True,usd,0001768446,BBG00ZNKL0K6,BBG00ZNKL0L5,2026-08-11T06:10:16.602526684Z
CM,Canadian Imperial Bank of Commerce,stocks,us,XNYS,CS,True,usd,0001045520,BBG000FKTHQ1,BBG001S5YBB1,2026-08-11T06:10:16.602526765Z
CMAG,Corgi Mag 7 ETF,stocks,us,BATS,ETF,True,usd,0002078265,BBG0222YL9M9,BBG0222YLBK6,2026-08-11T06:10:16.602526845Z
CMAY,Corgi U.S. Equities 15% Structured Buffer ETF - May Series,stocks,us,BATS,ETF,True,usd,0002078265,BBG021ZZKCL7,BBG021ZZKDS8,2026-08-11T06:10:16.602526925Z
CMBO,Wayfinder Dynamic U.S. Interest Rate ETF,stocks,us,XNAS,ETF,True,usd,,BBG01YBQKDW8,BBG01YBQKFS8,2026-08-11T06:10:16.602527005Z
CMBS,iShares CMBS ETF,stocks,us,ARCX,ETF,True,usd,0001100663,BBG002NCLSR9,BBG002NCLTH8,2026-08-11T06:10:16.602527085Z
CMBT,CMB.TECH NV,stocks,us,XNYS,CS,True,usd,0001604481,,,2026-08-11T06:10:16.602527165Z
CMC,Commercial Metals Company,stocks,us,XNYS,CS,True,usd,0000022444,BBG000BFSND8,BBG001S5PXG8,2026-08-11T06:10:16.602527246Z
CMCI,VanEck CMCI Commodity Strategy ETF,stocks,us,BATS,ETF,True,usd,,BBG01J1GXTN5,BBG01J1GXVH7,2026-08-11T06:10:16.602527326Z
CMCL,Caledonia Mining Corporation Plc,stocks,us,XASE,CS,True,usd,0000766011,,,2026-08-11T06:10:16.602527516Z
CMCM,"Cheetah Mobile Inc. American Depositary Shares, each representing fifty (50) Class A Ordinary Shares",stocks,us,XNYS,ADRC,True,usd,0001597835,BBG0068TQ8R9,BBG0068TQ8S8,2026-08-11T06:10:16.602527686Z
CMCO,Columbus McKinnon Corp/NY,stocks,us,XNAS,CS,True,usd,0001005229,BBG000BCWWV0,BBG001S5VFS7,2026-08-11T06:10:16.602527867Z
CMCSA,Comcast Corp,stocks,us,XNAS,CS,True,usd,0001166691,BBG000BFT2L4,BBG001S5PXL2,2026-08-11T06:10:16.602528057Z
CMCT,Creative Media & Community Trust Corporation Common stock,stocks,us,XNAS,CS,True,usd,0000908311,BBG000BN7SF1,BBG001S8G3W0,2026-08-11T06:10:16.602528237Z
CMDB,Costamare Bulkers Holdings Limited,stocks,us,XNYS,CS,True,usd,0002033535,,,2026-08-11T06:10:16.602528318Z
CMDT,PIMCO Commodity Strategy Active Exchange-Traded Fund,stocks,us,ARCX,ETF,True,usd,0001450011,BBG01G446S02,BBG01G446SV8,2026-08-11T06:10:16.602528458Z
CMDY,iShares Bloomberg Roll Select Commodity Strategy ETF,stocks,us,ARCX,ETF,True,usd,0001524513,BBG00KHT03W1,BBG00KHT04L1,2026-08-11T06:10:16.602528538Z
CME,CME Group Inc.,stocks,us,XNAS,CS,True,usd,0001156375,BBG000BHLYP4,BBG001S86547,2026-08-11T06:10:16.602528618Z
CMF,iShares California Muni Bond ETF,stocks,us,ARCX,ETF,True,usd,0001100663,BBG000TGH441,BBG001T03XM5,2026-08-11T06:10:16.602528708Z
CMG,"Chipotle Mexican Grill, Inc.",stocks,us,XNYS,CS,True,usd,0001058090,BBG000QX74T1,BBG001SP50B3,2026-08-11T06:10:16.602528789Z
CMI,Cummins Inc.,stocks,us,XNYS,CS,True,usd,0000026172,BBG000BGPTV6,BBG001S5Q9M3,2026-08-11T06:10:16.602528869Z
CMII,Columbus Circle Capital Corp II Class A Ordinary Shares,stocks,us,XNAS,CS,True,usd,0002088805,,,2026-08-11T06:10:16.602528949Z
CMIIU,Columbus Circle Capital Corp II Unit,stocks,us,XNAS,UNIT,True,usd,0002088805,,,2026-08-11T06:10:16.602529029Z
CMIIW,Columbus Circle Capital Corp II Warrant,stocks,us,XNAS,WARRANT,True,usd,0002088805,,,2026-08-11T06:10:16.602529109Z
CMMB,Chemomab Therapeutics Ltd. American Depositary Share,stocks,us,XNAS,ADRC,True,usd,0001534248,BBG00N0PMGK1,BBG00N0PMH92,2026-08-11T06:10:16.602529179Z
CMND,Clearmind Medicine Inc. Common Shares,stocks,us,XNAS,CS,True,usd,0001892500,BBG01237P3C8,BBG00KWY2X19,2026-08-11T06:10:16.60252944Z
CMP,"Compass Minerals International, Inc.",stocks,us,XNYS,CS,True,usd,0001227654,BBG000C42WS4,BBG001SDY0X4,2026-08-11T06:10:16.60252965Z
CMPR,Cimpress PLC Ordinary Shares (Ireland),stocks,us,XNAS,CS,True,usd,0001262976,,,2026-08-11T06:10:16.602529841Z
CMPS,COMPASS Pathways Plc American Depository Shares,stocks,us,XNAS,ADRC,True,usd,0001816590,BBG00X0VY2N1,BBG00X0VY3F8,2026-08-11T06:10:16.602530051Z
CMPX,"Compass Therapeutics, Inc. Common Stock",stocks,us,XNAS,CS,True,usd,0001738021,BBG00LPXKF25,BBG00LPXKF34,2026-08-11T06:10:16.602530251Z
CMRC,"Commerce.com, Inc. Series 1 Common Stock",stocks,us,XNAS,CS,True,usd,0001626450,BBG00W1PSSJ0,BBG00W1PSTC5,2026-08-11T06:10:16.602530332Z
CMRE,Costamare Inc.,stocks,us,XNYS,CS,True,usd,0001503584,,,2026-08-11T06:10:16.602530452Z
CMREpB,Costamare Inc. 7.625% Series B Cumulative Redeemable Perpetual Preferred Stock,stocks,us,XNYS,PFD,True,usd,0001503584,,,2026-08-11T06:10:16.602530532Z
CMREpC,"COSTAMARE INC. 8.50% Series C Cumulative Redeemable Perpetual Preferred Stock, $0.0001 par value",stocks,us,XNYS,PFD,True,usd,0001503584,,,2026-08-11T06:10:16.602530612Z
CMREpD,"Costamare Inc.  8.75% Series D Cumulative Redeemable Perpetual Preferred Stock, $0.0001 par",stocks,us,XNYS,PFD,True,usd,0001503584,,,2026-08-11T06:10:16.602530692Z
CMS,CMS Energy Corporation,stocks,us,XNYS,CS,True,usd,0000201533,BBG000BFVXX0,BBG001S5PYJ3,2026-08-11T06:10:16.602530772Z
CMSA,CMS Energy Corporation 5.625% Junior Subordinated Notes due 2078,stocks,us,XNYS,SP,True,usd,0000811156,,,2026-08-11T06:10:16.602530853Z
CMSC,CMS Energy Corporation 5.875% Junior Subordinated Notes due 2078,stocks,us,XNYS,SP,True,usd,0000811156,,,2026-08-11T06:10:16.602530933Z
CMSD,CMS Energy Corporation 5.875% Junior Subordinated Notes due 2079,stocks,us,XNYS,SP,True,usd,0000811156,,,2026-08-11T06:10:16.602531013Z
CMSpB,Consumers Energy Company $4.50 Cumulative Preferred,stocks,us,XNYS,PFD,True,usd,0000201533,,,2026-08-11T06:10:16.602531374Z
CMSpC,"CMS Energy Corporation Depositary Shares, each representing a 1/1, 000th interest in a share of 4.200% Cumulative Redeemable Perpetual Preferred Stock, Series C",stocks,us,XNYS,PFD,True,usd,0000201533,,,2026-08-11T06:10:16.602531454Z
CMT,"Core Molding Technologies, Inc.",stocks,us,XASE,CS,True,usd,0001026655,BBG000F4PNF0,BBG001S9F9R2,2026-08-11T06:10:16.602531534Z
CMTG,"Claros Mortgage Trust, Inc.",stocks,us,XNYS,CS,True,usd,0001666291,BBG00PT33805,BBG00PT33814,2026-08-11T06:10:16.602531604Z
CMTL,Comtech Telecommunications,stocks,us,XNAS,CS,True,usd,0000023197,BBG000BFW9K6,BBG001S5PYN8,2026-08-11T06:10:16.602531734Z
CMTV,Community Bancorp. Common Stock,stocks,us,XNAS,CS,True,usd,0000718413,BBG000BBTV11,BBG001S6F3Q2,2026-08-11T06:10:16.602531814Z
CNA,CNA Financial Corporation,stocks,us,XNYS,CS,True,usd,0000021175,BBG000BFYB47,BBG001S5PYX7,2026-08-11T06:10:16.602531885Z
CNAV,Mohr Company Nav ETF,stocks,us,BATS,ETF,True,usd,,BBG01Q3596P6,BBG01Q3597N6,2026-08-11T06:10:16.602531965Z
CNBS,Amplify Seymour Cannabis ETF,stocks,us,ARCX,ETF,True,usd,0001633061,BBG00PSSPB28,BBG00PSSPBT9,2026-08-11T06:10:16.602532045Z
CNC,Centene Corporation,stocks,us,XNYS,CS,True,usd,0001071739,BBG000BDXCJ5,BBG001S6T7Q8,2026-08-11T06:10:16.602532125Z
CNCK,Coincheck Group N.V. Ordinary Shares,stocks,us,XNAS,CS,True,usd,0001913847,,,2026-08-11T06:10:16.602532205Z
CNCKW,Coincheck Group N.V. Warrant expiring 12/10/2029,stocks,us,XNAS,WARRANT,True,usd,0001913847,,,2026-08-11T06:10:16.602532285Z
CNDT,Conduent Incorporated Common Stock,stocks,us,XNAS,CS,True,usd,0001677703,BBG00C1BZMT9,BBG00C1BZMV6,2026-08-11T06:10:16.602532365Z
CNEQ,Alger Concentrated Equity ETF,stocks,us,ARCX,ETF,True,usd,0001807486,BBG01M1K3WN5,BBG01M1K3XJ8,2026-08-11T06:10:16.602532446Z
CNET,ZW Data Action Technologies Inc. Common Stock,stocks,us,XNAS,CS,True,usd,0001376321,BBG000KBG7Z1,BBG001SPQXT9,2026-08-11T06:10:16.602532526Z
CNEY,CN Energy Group Inc. Class A Ordinary Shares,stocks,us,XNAS,CS,True,usd,0001780785,,,2026-08-11T06:10:16.602532606Z
CNF,"CNFinance Holdings Limited American Depositary Shares, each representing two hundred (200) Ordinary Shares",stocks,us,XNYS,ADRC,True,usd,0001733868,BBG00LDV2BR4,BBG00LDV2BS3,2026-08-11T06:10:16.602532686Z
CNH,CNH INDUSTRIAL N.V.,stocks,us,XNYS,CS,True,usd,0001567094,,,2026-08-11T06:10:16.602532756Z
CNI,Canadian National Railway,stocks,us,XNYS,CS,True,usd,0000016868,BBG000HS74G6,BBG001S8WVQ7,2026-08-11T06:10:16.602533267Z
CNK,"Cinemark Holdings, Inc.",stocks,us,XNYS,CS,True,usd,0001385280,BBG000QDVR53,BBG001SS31W4,2026-08-11T06:10:16.602533347Z
CNL,Collective Mining Ltd.,stocks,us,XASE,CS,True,usd,0001953575,BBG011S21919,BBG00LZFKGH5,2026-08-11T06:10:16.602533508Z
CNM,"Core & Main, Inc.",stocks,us,XNYS,CS,True,usd,0001856525,BBG01163K2X0,BBG01163K3R5,2026-08-11T06:10:16.602533608Z
CNMD,CONMED Corporation,stocks,us,XNYS,CS,True,usd,0000816956,BBG000BFZVH8,BBG001S5PZH2,2026-08-11T06:10:16.602533688Z
CNNE,"Cannae Holdings, Inc. Common Stock",stocks,us,XNYS,CS,True,usd,0001704720,BBG00GXRNJP4,BBG00GXRNJQ3,2026-08-11T06:10:16.602533768Z
CNO,"CNO Financial Group, Inc.",stocks,us,XNYS,CS,True,usd,0001224608,BBG000Q1GK24,BBG001SBR6X3,2026-08-11T06:10:16.602533848Z
CNOB,Center Bancorp Inc,stocks,us,XNAS,CS,True,usd,0000712771,BBG000BD2D25,BBG001S6YLR0,2026-08-11T06:10:16.602533928Z
CNOBP,"ConnectOne Bancorp, Inc. Depositary Shares, each representing a 1/40th interest in a share of 5.25% Fixed-Rate Reset Non-Cumulative Perpetual Preferred Stock, Series A",stocks,us,XNAS,CS,True,usd,0000712771,,,2026-08-11T06:10:16.602534019Z
CNOpA,"CNO Financial Group, Inc. 5.125% Subordinated Debentures due 2060",stocks,us,XNYS,SP,True,usd,0001224608,,,2026-08-11T06:10:16.602534139Z
CNP,"CenterPoint Energy, Inc.",stocks,us,XNYS,CS,True,usd,0001130310,BBG000FDBX90,BBG001SB10S0,2026-08-11T06:10:16.602534219Z
CNQ,Canadian Natural Resources Limited,stocks,us,XNYS,CS,True,usd,0001017413,BBG000HW5GX3,BBG001S5YC56,2026-08-11T06:10:16.602534319Z
CNQQ,Rayliant-ChinaAMC Transformative China Tech ETF,stocks,us,XNAS,ETF,True,usd,,BBG01XBCVJW6,BBG01XBCVKW3,2026-08-11T06:10:16.602534399Z
CNR,"Core Natural Resources, Inc.",stocks,us,XNYS,CS,True,usd,0001710366,BBG00HC114X0,BBG00HC115M9,2026-08-11T06:10:16.60253448Z
CNRG,State Street SPDR S&P Kensho Clean Power ETF,stocks,us,ARCX,ETF,True,usd,0001081019,BBG00M9BL8C3,BBG00M9BL931,2026-08-11T06:10:16.60253456Z
CNS,Cohen & Steers Inc.,stocks,us,XNYS,CS,True,usd,0001284812,BBG000BB0WG4,BBG001S5PZN5,2026-08-11T06:10:16.60253464Z
CNSP,"CNS Pharmaceuticals, Inc. Common Stock",stocks,us,XNAS,CS,True,usd,0001729427,BBG00PM24T16,BBG00PM24TS7,2026-08-11T06:10:16.60253493Z
CNSY,"Cerenome, Inc. Common Stock",stocks,us,XNAS,CS,True,usd,,BBG000C1Z086,BBG001SFQL35,2026-08-11T06:10:16.602535011Z
CNTB,Connect Biopharma Holdings Limited Ordinary Shares,stocks,us,XNAS,CS,True,usd,0001835268,,,2026-08-11T06:10:16.602535121Z
CNTN,"Canton Strategic Holdings, Inc. Common Stock",stocks,us,XNAS,CS,True,usd,0001861657,BBG012QFR2V4,BBG012QFR3P9,2026-08-11T06:10:16.602535201Z
CNTX,Context Therapeutics Inc. Common Stock,stocks,us,XNAS,CS,True,usd,0001842952,BBG011YW6H86,BBG011YW6J46,2026-08-11T06:10:16.602535281Z
CNTY,Century Casinos Inc,stocks,us,XNAS,CS,True,usd,0000911147,BBG000BMXYT6,BBG001S6MDN5,2026-08-11T06:10:16.602535361Z
CNVS,Cineverse Corp. Class A Common Stock,stocks,us,XNAS,CS,True,usd,0001173204,BBG000BRSS32,BBG001SBM4H1,2026-08-11T06:10:16.602535441Z
CNX,CNX Resources Corporation,stocks,us,XNYS,CS,True,usd,0001070412,BBG000CKVSG8,BBG001SC7TN4,2026-08-11T06:10:16.602535522Z
CNXC,Concentrix Corporation Common Stock,stocks,us,XNAS,CS,True,usd,0001803599,BBG00RCNQMX3,BBG00RCNQMY2,2026-08-11T06:10:16.602535612Z
CNXN,PC Connection Inc,stocks,us,XNAS,CS,True,usd,0001050377,BBG000BX74M4,BBG001S96MG5,2026-08-11T06:10:16.602535692Z
CNXT,VanEck ChiNext Innovators ETF,stocks,us,ARCX,ETF,True,usd,0001137360,BBG006W461W8,BBG006W461V9,2026-08-11T06:10:16.602535772Z
CNXU,Conexeu Sciences Inc. Common Stock,stocks,us,XNAS,CS,True,usd,0002066836,BBG0200TPJ04,BBG0200TPK10,2026-08-11T06:10:16.602535852Z
CNYA,iShares MSCI China A ETF,stocks,us,BATS,ETF,True,usd,0001100663,BBG00D30D431,BBG00D30D440,2026-08-11T06:10:16.602535932Z
COAG,"Hemab Therapeutics Holdings, Inc. Common Stock",stocks,us,XNAS,CS,True,usd,0002114044,BBG021LKFW00,BBG021LKFWY3,2026-08-11T06:10:16.602536002Z
COAL,Range Global Coal Index ETF,stocks,us,ARCX,ETF,True,usd,0001452937,BBG01KN6GYM9,BBG01KN6GZG3,2026-08-11T06:10:16.602536083Z
COCH,"Envoy Medical, Inc. Class A Common Stock",stocks,us,XNAS,CS,True,usd,0001840877,BBG00Z6RQKY6,BBG00Z6RQKZ5,2026-08-11T06:10:16.602536163Z
COCHW,"Envoy Medical, Inc Warrant",stocks,us,XNAS,WARRANT,True,usd,0001840877,BBG00Z83KPF3,,2026-08-11T06:10:16.602536373Z
COCO,"The Vita Coco Company, Inc. Common Stock",stocks,us,XNAS,CS,True,usd,0001482981,BBG012QFVSL3,BBG012QFVTF8,2026-08-11T06:10:16.602536453Z
COCP,"Cocrystal Pharma, Inc. Common Stock",stocks,us,XNAS,CS,True,usd,0001412486,BBG000V27360,BBG001T107W2,2026-08-11T06:10:16.602536564Z
CODA,"Coda Octopus Group, Inc. Common stock",stocks,us,XNAS,CS,True,usd,0001334325,BBG000C3P831,BBG001S7WGC7,2026-08-11T06:10:16.602536644Z
CODI,Compass Diversified,stocks,us,XNYS,CS,True,usd,0001345126,BBG000L35KD5,BBG001SPY7K6,2026-08-11T06:10:16.602536724Z
CODIpA,Compass Diversified Holdings 7.250% Series A Preferred Shares representing beneficial interest in Compass Diversified Holdings,stocks,us,XNYS,PFD,True,usd,0001345126,,,2026-08-11T06:10:16.602536804Z
CODIpB,Compass Diversified Holdings 7.875% Series B Fixed-to-Floating Rate Cumulative Preferred Shares representing beneficial interests in Compass Diversified Holdings,stocks,us,XNYS,PFD,True,usd,0001345126,,,2026-08-11T06:10:16.602536874Z
CODIpC,Compass Diversified Holdings 7.875% Series C Cumulative Preferred Shares,stocks,us,XNYS,PFD,True,usd,0001345126,,,2026-08-11T06:10:16.602536954Z
CODX,"Co-Diagnostics, Inc. Common Stock",stocks,us,XNAS,CS,True,usd,0001692415,BBG004HTR2D1,BBG004HTR2F9,2026-08-11T06:10:16.602537034Z
COE,"51Talk Online Education Group American Depositary Shares, each representing sixty (60) Class A Ordinary Shares",stocks,us,XASE,ADRC,True,usd,0001659494,BBG00CWX19Z6,BBG00CWX19Y7,2026-08-11T06:10:16.602537115Z
COF,Capital One Financial,stocks,us,XNYS,CS,True,usd,0000927628,BBG000BGKTF9,BBG001S65PV8,2026-08-11T06:10:16.602537195Z
COFS,CHOICEONE FINANCIAL,stocks,us,XNAS,CS,True,usd,0000803164,BBG000LLRNX3,BBG001SDXH04,2026-08-11T06:10:16.602537275Z
COFpI,"Capital One Financial Corporation Depositary shares each representing a 1/40th interest in a share of Fixed Rate Non-Cumulative Perpetual Preferred Stock, Series I",stocks,us,XNYS,PFD,True,usd,0000927628,,,2026-08-11T06:10:16.602537495Z
COFpJ,"Capital One Financial Corporation Depositary Shares, Each Representing a 1/40th Interest in a Share of Fixed Rate Non- Cumulative Perpetual Preferred Stock, Series J",stocks,us,XNYS,PFD,True,usd,0000927628,,,2026-08-11T06:10:16.602537565Z
COFpK,"Capital One Financial Corporation Depositary Shares, Each Representing a 1/40th Ownership Interest in a Share of Fixed Rate Non-Cumulative Perpetual Preferred Stock, Series K",stocks,us,XNYS,PFD,True,usd,0000927628,,,2026-08-11T06:10:16.602537646Z
COFpL,"Capital One Financial Corporation Depositary Shares, Each Representing a 1/40th Interest in a Share of Fixed Rate Non- Cumulative Perpetual Preferred Stock, Series L",stocks,us,XNYS,PFD,True,usd,0000927628,,,2026-08-11T06:10:16.602537726Z
COFpN,"Capital One Financial Corporation Depositary Shares, Each Representing a 1/40th Ownership Interest in a Share of Fixed Rate Non-Cumulative Perpetual Preferred Stock, Series N",stocks,us,XNYS,PFD,True,usd,0000927628,,,2026-08-11T06:10:16.602537806Z
COGT,"Cogent Biosciences, Inc. Common Stock",stocks,us,XNAS,CS,True,usd,0001622229,BBG007DHZQR7,BBG007DHY102,2026-08-11T06:10:16.602538066Z
COHC,Corgi COHR 2x Daily ETF,stocks,us,BATS,ETF,True,usd,,BBG02316PKY7,BBG02316PLW7,2026-08-11T06:10:16.602538157Z
COHH,Leverage Shares 2X Long COHR Daily ETF,stocks,us,BATS,ETF,True,usd,,BBG0226HRTK4,BBG0226HRVH3,2026-08-11T06:10:16.602538297Z
COHN,Cohen & Company Inc,stocks,us,XASE,CS,True,usd,0001270436,BBG000BN06T1,BBG001S9Q071,2026-08-11T06:10:16.602538377Z
COHR,Coherent Corp.,stocks,us,XNYS,CS,True,usd,0000820318,BBG000BLW102,BBG001S5S6N6,2026-08-11T06:10:16.602538457Z
COHU,Cohu Inc,stocks,us,XNAS,CS,True,usd,0000021535,BBG000DKMJ86,BBG001S87LQ7,2026-08-11T06:10:16.602538537Z
COHX,Tradr 2X Long COHR Daily ETF,stocks,us,BATS,ETF,True,usd,,BBG020D5MWM2,BBG020D5MXL1,2026-08-11T06:10:16.602538617Z
COIA,ProShares Ultra COIN,stocks,us,ARCX,ETS,True,usd,,BBG01X10W5X1,BBG01X10W6W0,2026-08-11T06:10:16.602538718Z
COIG,Leverage Shares 2X Long COIN Daily ETF,stocks,us,XNAS,ETF,True,usd,0001976322,BBG01SVDVCM9,BBG01SVDVDJ1,2026-08-11T06:10:16.602538798Z
COIN,"Coinbase Global, Inc. Class A Common Stock",stocks,us,XNAS,CS,True,usd,0001679788,BBG00ZGF7771,BBG00ZGF7799,2026-08-11T06:10:16.602538878Z
COIW,Roundhill COIN WeeklyPay ETF,stocks,us,BATS,ETF,True,usd,,BBG01SCG2MR8,BBG01SCG2NN0,2026-08-11T06:10:16.602538958Z
COIX,Corgi COIN 2x Daily ETF,stocks,us,BATS,ETF,True,usd,,BBG02310LQL5,BBG02310LRV2,2026-08-11T06:10:16.602539038Z
COKE,"Coca-Cola Consolidated, Inc. Common Stock",stocks,us,XNAS,CS,True,usd,0000317540,BBG000BG1SX2,BBG001S5Q0W1,2026-08-11T06:10:16.602539118Z
COLA,Columbus Acquisition Corp Ordinary Shares,stocks,us,XNAS,CS,True,usd,0002028201,,,2026-08-11T06:10:16.602539199Z
COLAR,Columbus Acquisition Corp Rights,stocks,us,XNAS,RIGHT,True,usd,0002028201,,,2026-08-11T06:10:16.602539279Z
COLAU,Columbus Acquisition Corp Unit,stocks,us,XNAS,UNIT,True,usd,0002028201,,,2026-08-11T06:10:16.602539509Z
COLB,Columbia Banking Systems Inc,stocks,us,XNAS,CS,True,usd,0000887343,BBG000CTGXS2,BBG001S72GJ3,2026-08-11T06:10:16.602539619Z
COLD,"Americold Realty Trust, Inc.",stocks,us,XNYS,CS,True,usd,0001455863,BBG000QF05R6,BBG001SMQ866,2026-08-11T06:10:16.60253972Z
COLL,"Collegium Pharmaceutical, Inc. Common Stock",stocks,us,XNAS,CS,True,usd,0001267565,BBG000N7LPW4,BBG001T535S9,2026-08-11T06:10:16.6025398Z
COLM,Columbia Sportswear Co,stocks,us,XNAS,CS,True,usd,0001050797,BBG000BKKQ84,BBG001S90WD2,2026-08-11T06:10:16.60253988Z
COLO,Global X MSCI Colombia ETF,stocks,us,ARCX,ETF,True,usd,0001432353,BBG000C1MQ65,BBG001STWCQ3,2026-08-11T06:10:16.60253997Z
COM,Direxion Auspice Broad Commodity Strategy ETF,stocks,us,ARCX,ETF,True,usd,0001424958,BBG00GBQTBZ0,BBG00GBQTCP9,2026-08-11T06:10:16.60254005Z
COMB,GraniteShares Bloomberg Commodity Broad Strategy No K-1 ETF,stocks,us,ARCX,ETF,True,usd,0001689873,BBG00GQVSDT7,BBG00GQVSFK1,2026-08-11T06:10:16.60254012Z
COMD,Global X Commodity Strategy ETF,stocks,us,BATS,ETF,True,usd,,BBG02029FP30,BBG02029FQ29,2026-08-11T06:10:16.602540201Z
COMP,"Compass, Inc.",stocks,us,XNYS,CS,True,usd,0001563190,BBG00J5SXTH3,BBG00J5SXTJ1,2026-08-11T06:10:16.602540281Z
COMT,iShares U.S. ETF Trust iShares GSCI Commodity Dynamic Roll Strategy ETF,stocks,us,XNAS,ETF,True,usd,0001524513,BBG0079TF255,BBG0079TF237,2026-08-11T06:10:16.602540361Z
CON,"Concentra Group Holdings Parent, Inc.",stocks,us,XNYS,CS,True,usd,0002014596,BBG01NBZ7QD9,BBG01NBZ7R83,2026-08-11T06:10:16.602540441Z
CONI,GraniteShares ETF Trust GraniteShares 2x Short COIN Daily ETF,stocks,us,XNAS,ETF,True,usd,0001689873,BBG01PDT2K53,BBG01PDT2L06,2026-08-11T06:10:16.602540521Z
CONL,GraniteShares ETF Trust GraniteShares 2x Long COIN Daily ETF,stocks,us,XNAS,ETF,True,usd,0001689873,BBG0193D2DX0,BBG0193D2FR2,2026-08-11T06:10:16.602540601Z
CONX,Direxion Daily COIN Bull 2X ETF,stocks,us,XNAS,ETF,True,usd,,BBG01Y692BQ3,BBG01Y692D43,2026-08-11T06:10:16.602540681Z
CONY,YieldMax COIN Option Income Strategy ETF,stocks,us,ARCX,ETS,True,usd,,BBG01HQM0N12,BBG01HQM0NW8,2026-08-11T06:10:16.602540762Z
COO,"The Cooper Companies, Inc. Common Stock",stocks,us,XNAS,CS,True,usd,0000711404,BBG000BG3445,BBG001S5Q1H6,2026-08-11T06:10:16.602541223Z
COOK,"Traeger, Inc.",stocks,us,XNYS,CS,True,usd,0001857853,BBG011PTS772,BBG011PTS834,2026-08-11T06:10:16.602541303Z
COOT,Australian Oilseeds Holdings Limited Ordinary Shares,stocks,us,XNAS,CS,True,usd,0001959994,,,2026-08-11T06:10:16.602541403Z
COOTW,Australian Oilseeds Holdings Limited Warrant,stocks,us,XNAS,WARRANT,True,usd,0001959994,,,2026-08-11T06:10:16.602541473Z
COP,ConocoPhillips,stocks,us,XNYS,CS,True,usd,0001163165,BBG000BQQH30,BBG001S5TZM2,2026-08-11T06:10:16.602541553Z
COPA,Themes Copper Miners ETF,stocks,us,BATS,ETF,True,usd,0001976322,BBG01PDHKDK8,BBG01PDHKFH7,2026-08-11T06:10:16.602541633Z
COPJ,Sprott Junior Copper Miners ETF,stocks,us,XNAS,ETF,True,usd,,BBG01DJ89DZ6,BBG01DJ89FW4,2026-08-11T06:10:16.602541713Z
COPL,Copley Acquisition Corp,stocks,us,XNYS,CS,True,usd,0002045473,,,2026-08-11T06:10:16.602541794Z
COPL.U,"Copley Acquisition Corp Units, each consisting of one ordinary share and one-half warrant",stocks,us,XNYS,UNIT,True,usd,0002045473,,,2026-08-11T06:10:16.602541874Z
COPL.WS,"Copley Acquisition Corp Redeemable warrants, each whole warrant exercisable for one Class A ordinary share at an exercise price of $11.50",stocks,us,XNYS,WARRANT,True,usd,0002045473,,,2026-08-11T06:10:16.602541954Z
COPP,Sprott Copper Miners ETF,stocks,us,XNAS,ETF,True,usd,,BBG01LS43XF1,BBG01LS43YC2,2026-08-11T06:10:16.602542034Z
COPR,Idaho Copper Corporation,stocks,us,XASE,CS,True,usd,0001263364,BBG000P7Y4M6,BBG001T5KK25,2026-08-11T06:10:16.602542114Z
COPR.WS,Idaho Copper Corporation Common Stock Purchase Warrant,stocks,us,XASE,WARRANT,True,usd,0001263364,BBG0237HJ4K5,,2026-08-11T06:10:16.602542194Z
COPX,Global X Copper Miners ETF (NEW),stocks,us,ARCX,ETF,True,usd,0001432353,BBG000QRNHZ0,BBG001T8JBX7,2026-08-11T06:10:16.602542275Z
COPY,"Tweedy, Browne Insider + Value ETF",stocks,us,ARCX,ETF,True,usd,,BBG01R9GXTF8,BBG01R9GXVD5,2026-08-11T06:10:16.602542345Z
COPZ,Defiance Daily Target 2X Long Copper Miners ETF,stocks,us,ARCX,ETF,True,usd,0001924868,BBG01N08C7T0,BBG01N08C8S9,2026-08-11T06:10:16.602542425Z
COR,"Cencora, Inc.",stocks,us,XNYS,CS,True,usd,0001140859,BBG000MDCQC2,BBG001S8X7P0,2026-08-11T06:10:16.602542775Z
CORB,AB Core Bond ETF,stocks,us,ARCX,ETF,True,usd,,BBG01Y2F49Z6,BBG01Y2F4BZ1,2026-08-11T06:10:16.602542866Z
CORD,T-REX 2X Inverse CRWV Daily Target ETF,stocks,us,BATS,ETF,True,usd,0001771146,BBG01XBVCWG4,BBG01XBVCXF3,2026-08-11T06:10:16.602542996Z
CORN,Teucrium Corn Fund,stocks,us,ARCX,ETV,True,usd,0001471824,BBG000R0KF85,BBG001T8VR68,2026-08-11T06:10:16.602543066Z
CORO,iShares International Country Rotation Active ETF,stocks,us,XNAS,ETF,True,usd,0001761055,BBG01R3KJM75,BBG01R3KJNK8,2026-08-11T06:10:16.602543146Z
CORP,PIMCO Investment Grade Corporate Bond Index Exchange-Traded Fund,stocks,us,ARCX,ETF,True,usd,0001450011,BBG001660LJ0,BBG001TCGQY7,2026-08-11T06:10:16.602543587Z
CORT,Corcept Therapeutics Inc.,stocks,us,XNAS,CS,True,usd,0001088856,BBG000BKJG33,BBG001S8QGV1,2026-08-11T06:10:16.602543707Z
CORZ,"Core Scientific, Inc. Common Stock",stocks,us,XNAS,CS,True,usd,0001839341,BBG01L5GH011,BBG01L5GH1G3,2026-08-11T06:10:16.602543807Z
CORZW,"Core Scientific, Inc. Tranche 1 Warrants",stocks,us,XNAS,WARRANT,True,usd,0001839341,BBG01L5JV947,,2026-08-11T06:10:16.602544058Z
CORZZ,"Core Scientific, Inc. Tranche 2 Warrants",stocks,us,XNAS,WARRANT,True,usd,0001839341,BBG01L5JY524,,2026-08-11T06:10:16.602544128Z
COSM,Cosmos Holdings Inc. Common Stock,stocks,us,XNAS,CS,True,usd,0001474167,BBG000QXZGP7,BBG001T8QZQ4,2026-08-11T06:10:16.602544208Z
COSO,"CoastalSouth Bancshares, Inc.",stocks,us,XNYS,CS,True,usd,0001297107,BBG000SNJS60,BBG001T4HLX6,2026-08-11T06:10:16.602544288Z
COST,Costco Wholesale Corp,stocks,us,XNAS,CS,True,usd,0000909832,BBG000F6H8W8,BBG001S9KRQ7,2026-08-11T06:10:16.602544369Z
COSW,Roundhill COST WeeklyPay ETF,stocks,us,BATS,ETF,True,usd,,BBG01Y2DW2Y6,BBG01Y2DW3Z3,2026-08-11T06:10:16.602544449Z
COTG,Leverage Shares 2X Long COST Daily ETF,stocks,us,XNAS,ETF,True,usd,0001976322,BBG01X7N03P4,BBG01X7N04Q1,2026-08-11T06:10:16.602544529Z
COTY,COTY INC,stocks,us,XNYS,CS,True,usd,0001024305,BBG000F395V1,BBG001S8GLM1,2026-08-11T06:10:16.602544619Z
COUR,"Coursera, Inc.",stocks,us,XNYS,CS,True,usd,0001651562,BBG002WLDMW5,BBG002WLDMY3,2026-08-11T06:10:16.60254496Z
COWG,Pacer US Large Cap Cash Cows Growth Leaders ETF,stocks,us,XNAS,ETF,True,usd,0001616668,BBG01C3RRL30,BBG01C3RRM56,2026-08-11T06:10:16.60254504Z
COWS,Amplify Cash Flow Dividend Leaders ETF,stocks,us,XNAS,ETF,True,usd,0001633061,BBG01J9J4608,BBG01J9J46V4,2026-08-11T06:10:16.60254516Z
COWZ,Pacer US Cash Cows 100 ETF,stocks,us,BATS,ETF,True,usd,0001616668,BBG00FJQN6F3,BBG00FJQN752,2026-08-11T06:10:16.60254523Z
COYA,"Coya Therapeutics, Inc. Common Stock",stocks,us,XNAS,CS,True,usd,0001835022,BBG00Z4HBCB9,BBG00Z4HBCC8,2026-08-11T06:10:16.60254531Z
COYY,GraniteShares YieldBOOST COIN ETF,stocks,us,XNAS,ETF,True,usd,0001689873,BBG01W6TNMW9,BBG01W6TNP07,2026-08-11T06:10:16.602545391Z
COZX,Tradr 2X Long CORZ Daily ETF,stocks,us,BATS,ETF,True,usd,,BBG01Y9X9XD6,BBG01Y9X9YS8,2026-08-11T06:10:16.602545471Z
CP,Canadian Pacific Kansas City Limited,stocks,us,XNYS,CS,True,usd,0000016875,BBG000BCVMH9,BBG001S7F4Z8,2026-08-11T06:10:16.602545551Z
CPA,"Copa Holdings, S.A.",stocks,us,XNYS,CS,True,usd,0001345105,,,2026-08-11T06:10:16.602545631Z
CPAC,CEMENTOS PACASMAYO S.A.A.,stocks,us,XNYS,ADRC,True,usd,0001221029,BBG002D68FT4,BBG002D68GK1,2026-08-11T06:10:16.602545711Z
CPAG,F/m Compoundr U.S. Aggregate Bond ETF,stocks,us,XNAS,ETF,True,usd,,BBG01WJBRQ06,BBG01WJBRQY9,2026-08-11T06:10:16.602545791Z
CPAI,Counterpoint Quantitative Equity ETF,stocks,us,XNYS,ETF,True,usd,,BBG01KBNLFS4,BBG01KBNLGN7,2026-08-11T06:10:16.602545871Z
CPAY,"Corpay, Inc.",stocks,us,XNYS,CS,True,usd,0001175454,BBG000GPXKX9,BBG001SHC7K8,2026-08-11T06:10:16.602545952Z
CPB,The Campbell's Company Common Stock,stocks,us,XNAS,CS,True,usd,0000016732,BBG000BG4202,BBG001S5Q2B0,2026-08-11T06:10:16.602546032Z
CPBI,"Central Plains Bancshares, Inc. Common Stock",stocks,us,XNAS,CS,True,usd,0001979332,BBG01JRPZZQ8,BBG01JRQ00L6,2026-08-11T06:10:16.602546102Z
CPER,United States Copper Index Fund,stocks,us,ARCX,ETV,True,usd,0001479247,BBG00280GDS0,BBG00280GFJ5,2026-08-11T06:10:16.602546182Z
CPF,Central Pacific Financial Corporation,stocks,us,XNYS,CS,True,usd,0000701347,BBG000BG4LG3,BBG001S5Q2C9,2026-08-11T06:10:16.602546392Z
CPHC,Canterbury Park Holding Corporation 'New' Common Stock,stocks,us,XNAS,CS,True,usd,0001672909,BBG00CSK7SL6,BBG00CSK7SM5,2026-08-11T06:10:16.602546483Z
CPHI,"China Pharma Holdings, Inc.",stocks,us,XASE,CS,True,usd,0001106644,BBG000MQB9Q7,BBG001SKGJF7,2026-08-11T06:10:16.602546603Z
CPHY,F/m Compoundr High Yield Bond ETF,stocks,us,XNAS,ETF,True,usd,,BBG01WL0ZJS4,BBG01WL0ZKT0,2026-08-11T06:10:16.602546683Z
CPII,American Beacon Ionic Inflation Protection ETF,stocks,us,ARCX,ETF,True,usd,0001387131,BBG01TD48888,BBG01TD48959,2026-08-11T06:10:16.602546763Z
CPIX,Cumberland Pharmaceuticals Inc,stocks,us,XNAS,CS,True,usd,0001087294,BBG000R93GV7,BBG001STBRH3,2026-08-11T06:10:16.602546843Z
CPK,Chesapeake Utilities,stocks,us,XNYS,CS,True,usd,0000019745,BBG000G4GKH3,BBG001SCP5R2,2026-08-11T06:10:16.602546923Z
CPLB,NYLI MacKay Core Plus Bond ETF,stocks,us,ARCX,ETF,True,usd,0001426439,BBG011KPTNT5,BBG011KPTPQ3,2026-08-11T06:10:16.602547004Z
CPLS,AB Core Plus Bond ETF,stocks,us,XNAS,ETF,True,usd,,BBG01KG44B18,BBG01KG44BY2,2026-08-11T06:10:16.602547104Z
CPNG,"Coupang, Inc.",stocks,us,XNYS,CS,True,usd,0001834584,BBG00XMJRPQ8,BBG00XMJRPR7,2026-08-11T06:10:16.602547184Z
CPNJ,Calamos Nasdaq-100 Structured Alt Protection ETF - June,stocks,us,ARCX,ETF,True,usd,0001579881,BBG01N4DHQV5,BBG01N4DHRQ9,2026-08-11T06:10:16.602547264Z
CPNM,Calamos Nasdaq-100 Structured Alt Protection ETF - March,stocks,us,ARCX,ETF,True,usd,0001579881,BBG01SKF6XH4,BBG01SKF6YK8,2026-08-11T06:10:16.602547344Z
CPNQ,Calamos Nasdaq-100 Structured Alt Protection ETF - December,stocks,us,ARCX,ETF,True,usd,0001579881,BBG01R1Y9RS4,BBG01R1Y9SP5,2026-08-11T06:10:16.602547424Z
CPNS,Calamos Nasdaq-100 Structured Alt Protection ETF - September,stocks,us,ARCX,ETF,True,usd,0001579881,BBG01PK0R2P9,BBG01PK0R3Z6,2026-08-11T06:10:16.602547495Z
CPNX,Tradr 2X Long CPNG Daily ETF,stocks,us,BATS,ETF,True,usd,,BBG021VBBBZ1,BBG021VBBD32,2026-08-11T06:10:16.602547575Z
CPOP,"Pop Culture Group Co., Ltd Class A Ordinary Shares",stocks,us,XNAS,CS,True,usd,0001807389,,,2026-08-11T06:10:16.602547665Z
CPRA,Calamos Russell 2000 Structured Alt Protection ETF - April,stocks,us,ARCX,ETF,True,usd,0001579881,BBG01T3RWY57,BBG01T3RWZ45,2026-08-11T06:10:16.602547865Z
CPRI,Capri Holdings Limited,stocks,us,XNYS,CS,True,usd,0001530721,,,2026-08-11T06:10:16.602547945Z
CPRJ,Calamos Russell 2000 Structured Alt Protection ETF - July,stocks,us,ARCX,ETF,True,usd,0001579881,BBG01NKVXTB5,BBG01NKVXVH4,2026-08-11T06:10:16.602548096Z
CPRO,Calamos Russell 2000 Structured Alt Protection ETF - October,stocks,us,ARCX,ETF,True,usd,0001579881,BBG01Q36PC19,BBG01Q36PCX4,2026-08-11T06:10:16.602548186Z
CPRT,Copart Inc,stocks,us,XNAS,CS,True,usd,0000900075,BBG000BM9RH1,BBG001S7MTB1,2026-08-11T06:10:16.602548266Z
CPRY,Calamos Russell 2000 Structured Alt Protection ETF - January,stocks,us,ARCX,ETF,True,usd,0001579881,BBG01RFZT0V9,BBG01RFZT1S1,2026-08-11T06:10:16.602548346Z
CPS,Cooper-Standard Automotive Inc.,stocks,us,XNYS,CS,True,usd,0001320461,BBG000PSXT64,BBG001SRCY63,2026-08-11T06:10:16.602548426Z
CPSA,Calamos S&P 500 Structured Alt Protection ETF - August,stocks,us,ARCX,ETF,True,usd,0001579881,BBG01P1XRKS5,BBG01P1XRLQ5,2026-08-11T06:10:16.602548507Z
CPSD,Calamos S&P 500 Structured Alt Protection ETF - December,stocks,us,ARCX,ETF,True,usd,0001579881,BBG01R1YFS50,BBG01R1YFT12,2026-08-11T06:10:16.602548957Z
CPSF,Calamos S&P 500 Structured Alt Protection ETF - February,stocks,us,ARCX,ETF,True,usd,0001579881,BBG01S19VSM6,BBG01S19VV12,2026-08-11T06:10:16.602549028Z
CPSH,CPS Technologies Corp. Common Stock,stocks,us,XNAS,CS,True,usd,0000814676,BBG000BG6NH6,BBG001S5Q3F4,2026-08-11T06:10:16.602549108Z
CPSJ,Calamos S&P 500 Structured Alt Protection ETF - July,stocks,us,ARCX,ETF,True,usd,0001579881,BBG01NKVYSV4,BBG01NKVYTS6,2026-08-11T06:10:16.602549188Z
CPSL,Calamos Laddered S&P 500 Structured Alt Protection ETF,stocks,us,BATS,ETF,True,usd,0001857910,BBG01PMKDDL8,BBG01PMKDFH8,2026-08-11T06:10:16.602549268Z
CPSM,Calamos S&P 500 Structured Alt Protection ETF - May,stocks,us,ARCX,ETF,True,usd,0001579881,BBG01MNWFXN0,BBG01MNWFYK1,2026-08-11T06:10:16.602549358Z
CPSN,Calamos S&P 500 Structured Alt Protection ETF - November,stocks,us,ARCX,ETF,True,usd,0001579881,BBG01QK7NYV9,BBG01QK7NZV6,2026-08-11T06:10:16.602549438Z
CPSO,Calamos S&P 500 Structured Alt Protection ETF - October,stocks,us,ARCX,ETF,True,usd,0001579881,BBG01Q36NX15,BBG01Q36NY04,2026-08-11T06:10:16.602549518Z
CPSP,Calamos S&P 500 Structured Alt Protection ETF - April,stocks,us,ARCX,ETF,True,usd,0001579881,BBG01T2CS112,BBG01T2CS2Q3,2026-08-11T06:10:16.602549789Z
CPSR,Calamos S&P 500 Structured Alt Protection ETF - March,stocks,us,ARCX,ETF,True,usd,0001805087,BBG01SKGBTP6,BBG01SKGBVL5,2026-08-11T06:10:16.602549869Z
CPSS,Consumer Portfolio Services,stocks,us,XNAS,CS,True,usd,0000889609,BBG000BGHGF1,BBG001S74NB4,2026-08-11T06:10:16.602550019Z
CPST,Calamos S&P 500 Structured Alt Protection ETF - September,stocks,us,ARCX,ETF,True,usd,0001579881,BBG01PK0R457,BBG01PK0R554,2026-08-11T06:10:16.6025501Z
CPSU,Calamos S&P 500 Structured Alt Protection ETF - June,stocks,us,ARCX,ETF,True,usd,0001579881,BBG01V9X1JN0,BBG01V9X1KJ2,2026-08-11T06:10:16.60255018Z
CPSY,Calamos S&P 500 Structured Alt Protection ETF - January,stocks,us,ARCX,ETF,True,usd,0001579881,BBG01RFVTZ23,BBG01RFVV0J9,2026-08-11T06:10:16.60255027Z
CPT,Camden Property Trust,stocks,us,XNYS,CS,True,usd,0000906345,BBG000BB0V03,BBG001S5Q6V9,2026-08-11T06:10:16.60255035Z
CPTL,Global X Funds Global X Morningstar Capital Allocation Leaders ETF,stocks,us,XNAS,ETF,True,usd,0001432353,BBG00D9VXRB5,BBG00D9VXRC4,2026-08-11T06:10:16.60255043Z
CPXR,USCF Daily Target 2X Copper Index ETF,stocks,us,ARCX,ETF,True,usd,0001722388,BBG01RRSYD02,BBG01RRSYDX6,2026-08-11T06:10:16.602550811Z
CPZ,Calamos Long/Short Equity & Dynamic Income Trust Common Stock,stocks,us,XNAS,CS,True,usd,0001717457,BBG00PWZGZ79,BBG00PWZGZZ8,2026-08-11T06:10:16.602550911Z
CQP,"Cheniere Energy Partners, LP",stocks,us,XNYS,CS,True,usd,0001383650,BBG000QMH637,BBG001SSCPS6,2026-08-11T06:10:16.602550991Z
CQQQ,Invesco China Technology ETF,stocks,us,ARCX,ETF,True,usd,0000914208,BBG00KXH51H5,BBG00KXH5265,2026-08-11T06:10:16.602551071Z
CQTM,Corgi Quantum Computing ETF,stocks,us,BATS,ETF,True,usd,0002078265,BBG0223F9YN7,BBG0223F9ZQ1,2026-08-11T06:10:16.602551152Z
CR,Crane Company,stocks,us,XNYS,CS,True,usd,0001944013,BBG016G0L0Q5,BBG016G0L0V9,2026-08-11T06:10:16.602551232Z
CRAC,Crown Reserve Acquisition Corp. I Class A Ordinary Shares,stocks,us,XNAS,CS,True,usd,0002070887,,,2026-08-11T06:10:16.602551312Z
CRACR,Crown Reserve Acquisition Corp. I Rights,stocks,us,XNAS,RIGHT,True,usd,0002070887,,,2026-08-11T06:10:16.602551392Z
CRACU,Crown Reserve Acquisition Corp. I Unit,stocks,us,XNAS,UNIT,True,usd,0002070887,,,2026-08-11T06:10:16.602551623Z
CRACW,Crown Reserve Acquisition Corp. I Warrant,stocks,us,XNAS,WARRANT,True,usd,0002070887,,,2026-08-11T06:10:16.602551703Z
CRAI,"CRA International, Inc.",stocks,us,XNAS,CS,True,usd,0001053706,BBG000C1LZX6,BBG001SBRK80,2026-08-11T06:10:16.602551853Z
CRAK,VanEck Oil Refiners ETF,stocks,us,ARCX,ETF,True,usd,0001137360,BBG009T0PRP4,BBG009T0PRN6,2026-08-11T06:10:16.602551933Z
CRAN,Crane Harbor Acquisition Corp. II Class A Ordinary Shares,stocks,us,XNAS,CS,True,usd,0002081358,,,2026-08-11T06:10:16.602552013Z
CRANR,Crane Harbor Acquisition Corp. II Rights,stocks,us,XNAS,RIGHT,True,usd,0002081358,,,2026-08-11T06:10:16.602552093Z
CRANU,Crane Harbor Acquisition Corp. II Units,stocks,us,XNAS,UNIT,True,usd,0002081358,,,2026-08-11T06:10:16.602552174Z
CRAQ,Cal Redwood Acquisition Corp. Class A Ordinary Shares,stocks,us,XNAS,CS,True,usd,0002058359,,,2026-08-11T06:10:16.602552254Z
CRAQR,Cal Redwood Acquisition Corp. Right,stocks,us,XNAS,RIGHT,True,usd,0002058359,,,2026-08-11T06:10:16.602552334Z
CRAQU,Cal Redwood Acquisition Corp. Units,stocks,us,XNAS,UNIT,True,usd,0002058359,,,2026-08-11T06:10:16.602552414Z
CRBD,"Corebridge Financial, Inc. 6.375% Junior Subordinated Notes due 2064",stocks,us,XNYS,SP,True,usd,0001889539,,,2026-08-11T06:10:16.602552494Z
CRBG,"Corebridge Financial, Inc.",stocks,us,XNYS,CS,True,usd,0001889539,BBG016HJ8729,BBG016HJ8836,2026-08-11T06:10:16.602552574Z
CRBN,iShares Low Carbon Optimized MSCI ACWI ETF,stocks,us,ARCX,ETF,True,usd,0001100663,BBG007PGJH67,BBG007PGJH85,2026-08-11T06:10:16.602552655Z
CRBP,"Corbus Pharmaceuticals Holdings, Inc.",stocks,us,XNAS,CS,True,usd,0001595097,BBG0078PJKQ7,BBG0078PJKP8,2026-08-11T06:10:16.602552735Z
CRBU,"Caribou Biosciences, Inc. Common Stock",stocks,us,XNAS,CS,True,usd,0001619856,BBG008G28LJ5,BBG008G28LH7,2026-08-11T06:10:16.602552815Z
CRC,California Resources Corporation,stocks,us,XNYS,CS,True,usd,0001609253,BBG00Y04KP80,BBG00Y04KQ51,2026-08-11T06:10:16.602552895Z
CRCA,ProShares Ultra CRCL,stocks,us,ARCX,ETS,True,usd,,BBG01WJBW5X0,BBG01WJBW6X8,2026-08-11T06:10:16.602553105Z
CRCD,T-REX 2X Inverse CRCL Daily Target ETF,stocks,us,BATS,ETF,True,usd,0001771146,BBG01XBVL877,BBG01XBVL948,2026-08-11T06:10:16.602553296Z
CRCG,Leverage Shares 2X Long CRCL Daily ETF,stocks,us,XNAS,ETF,True,usd,0001862935,BBG01WJXJ3J8,BBG01WJXJ4G9,2026-08-11T06:10:16.602553376Z
CRCL,"Circle Internet Group, Inc.",stocks,us,XNYS,CS,True,usd,0001876042,BBG01T61V2V3,BBG01T61V3Q7,2026-08-11T06:10:16.602553526Z
CRCO,YieldMax CRCL Option Income Strategy ETF,stocks,us,ARCX,ETS,True,usd,,BBG01XMM1822,BBG01XMM19H4,2026-08-11T06:10:16.602553596Z
CRCT,"Cricut, Inc. Class A Common Stock",stocks,us,XNAS,CS,True,usd,0001828962,BBG00XJFB215,BBG00XJFB224,2026-08-11T06:10:16.602553677Z
CRD,Corgi CRDO 2x Daily ETF,stocks,us,BATS,ETF,True,usd,0000025475,BBG0230JCJ86,BBG0230JCKL8,2026-08-11T06:10:16.602553757Z
CRD.A,Crawford & Company Class A,stocks,us,XNYS,CS,True,usd,0000025475,BBG000BPVR07,BBG001S5TK72,2026-08-11T06:10:16.602553837Z
CRD.B,Crawford & Company Class B,stocks,us,XNYS,CS,True,usd,0000025475,BBG000BPW2W6,BBG001S5TKH1,2026-08-11T06:10:16.602553917Z
CRDD,Cardano ETF,stocks,us,BATS,ETF,True,usd,,BBG021D2FSW3,BBG021D2FTV2,2026-08-11T06:10:16.602554007Z
CRDF,"Cardiff Oncology, Inc. Common Stock",stocks,us,XNAS,CS,True,usd,0001213037,BBG000PXLKM7,BBG001SLWWP7,2026-08-11T06:10:16.602554087Z
CRDL,Cardiol Therapeutics Inc. Class A Common Shares,stocks,us,XNAS,CS,True,usd,0001702123,BBG00N2N8310,BBG00M0GNQ75,2026-08-11T06:10:16.602554167Z
CRDO,Credo Technology Group Holding Ltd Ordinary Shares,stocks,us,XNAS,CS,True,usd,0001807794,,,2026-08-11T06:10:16.602554248Z
CRDT,Simplify Opportunistic Income ETF,stocks,us,ARCX,ETF,True,usd,0001810747,BBG01H5J08X0,BBG01H5J09R5,2026-08-11T06:10:16.602554318Z
CRDU,Tradr 2X Long CRDO Daily ETF,stocks,us,BATS,ETF,True,usd,,BBG01X7SG3H5,BBG01X7SG4F5,2026-08-11T06:10:16.602554398Z
CRDX,2x Cardano ETF,stocks,us,BATS,ETF,True,usd,,BBG021D29WP9,BBG021D29XM0,2026-08-11T06:10:16.602554478Z
CRE,Cre8 Enterprise Limited Class A Ordinary Shares,stocks,us,XNAS,CS,True,usd,0002003977,,,2026-08-11T06:10:16.602554698Z
CRESY,Cresud SA,stocks,us,XNAS,ADRC,True,usd,0001034957,BBG000J4MRP9,BBG001S7XKP3,2026-08-11T06:10:16.602554769Z
CREX,"CREATIVE REALITIES, INC.",stocks,us,XNAS,CS,True,usd,0001356093,BBG000KP54G0,BBG001SJPL74,2026-08-11T06:10:16.602554889Z
CRF,"Cornerstone Total Return Fund, Inc",stocks,us,XASE,FUND,True,usd,0000033934,BBG000BB36V1,BBG001S5QTF7,2026-08-11T06:10:16.602554969Z
CRGO,Freightos Limited Ordinary shares,stocks,us,XNAS,CS,True,usd,0001927719,,,2026-08-11T06:10:16.602555049Z
CRGOW,Freightos Limited Warrant expiring 1/23/2028,stocks,us,XNAS,WARRANT,True,usd,0001927719,,,2026-08-11T06:10:16.602555129Z
CRGY,Crescent Energy Company,stocks,us,XNYS,CS,True,usd,0001866175,BBG013THLHZ4,BBG013THLJ08,2026-08-11T06:10:16.602555209Z
CRH,CRH Public Limited Company,stocks,us,XNYS,CS,True,usd,0000849395,,,2026-08-11T06:10:16.60255529Z
CRI,Carter's Inc.,stocks,us,XNYS,CS,True,usd,0001060822,BBG000CTM4J9,BBG001SCJ3Q5,2026-08-11T06:10:16.60255537Z
CRIB,Russell Investments Global Real Estate ETF,stocks,us,ARCX,ETF,True,usd,0002042513,BBG022XB93L3,BBG022XB94T3,2026-08-11T06:10:16.60255544Z
CRIS,Curis Inc,stocks,us,XNAS,CS,True,usd,0001108205,BBG000C1GTC9,BBG001SFR6R1,2026-08-11T06:10:16.60255552Z
CRK,"Comstock Resources, Inc.",stocks,us,XNYS,CS,True,usd,0000023194,BBG000DNBK89,BBG001S8FX55,2026-08-11T06:10:16.60255561Z
CRL,"Charles River Laboratories International, Inc.",stocks,us,XNYS,CS,True,usd,0001100682,BBG000BG5BL8,BBG001S7Q271,2026-08-11T06:10:16.60255571Z
CRM,"Salesforce, Inc.",stocks,us,XNYS,CS,True,usd,0001108524,BBG000BN2DC2,BBG001SDLP09,2026-08-11T06:10:16.602555791Z
CRMD,CorMedix Inc.,stocks,us,XNAS,CS,True,usd,0001410098,BBG000Q4BQK0,BBG001T6FWS5,2026-08-11T06:10:16.602555871Z
CRMG,Leverage Shares 2X Long CRM Daily ETF,stocks,us,XNAS,ETF,True,usd,0001976322,BBG01T6JH455,BBG01T6JH534,2026-08-11T06:10:16.602555951Z
CRML,Critical Metals Corp. Ordinary Shares,stocks,us,XNAS,CS,True,usd,0001951089,,,2026-08-11T06:10:16.602556312Z
CRMLW,Critical Metals Corp. Warrants,stocks,us,XNAS,WARRANT,True,usd,0001951089,,,2026-08-11T06:10:16.602556392Z
CRMT,America's Car Mart Inc,stocks,us,XNAS,CS,True,usd,0000799850,BBG000CM6L31,BBG001S6Z7P2,2026-08-11T06:10:16.602556522Z
CRMU,Leverage Shares 2x Long CRML Daily ETF,stocks,us,XNAS,ETF,True,usd,,BBG02029XJ16,BBG02029XJY0,2026-08-11T06:10:16.602556602Z
CRMX,Tradr 2X Long CRML Daily ETF,stocks,us,BATS,ETF,True,usd,,BBG01ZJZJPQ9,BBG01ZJZJR58,2026-08-11T06:10:16.602556682Z
CRNC,Cerence Inc. Common Stock,stocks,us,XNAS,CS,True,usd,0001768267,BBG00MMDJG84,BBG00MMDJG93,2026-08-11T06:10:16.602556762Z
CRNT,Ceragon Networks Ltd,stocks,us,XNAS,CS,True,usd,0001119769,,,2026-08-11T06:10:16.602556843Z
CRNX,"Crinetics Pharmaceuticals, Inc.",stocks,us,XNAS,CS,True,usd,0001658247,BBG00BC59224,BBG00BC592C3,2026-08-11T06:10:16.602556923Z
CRON,Cronos Group Inc. Common Share,stocks,us,XNAS,CS,True,usd,0001656472,BBG00D1PMS80,BBG006G267X6,2026-08-11T06:10:16.602557003Z
CROX,"Crocs, Inc.",stocks,us,XNAS,CS,True,usd,0001334036,BBG000BLY663,BBG001SDGFR8,2026-08-11T06:10:16.602557073Z
CRPT,First Trust SkyBridge Crypto Industry and Digital Economy ETF,stocks,us,ARCX,ETF,True,usd,0001667919,BBG012G2VFS4,BBG012G2VGQ4,2026-08-11T06:10:16.602557153Z
CRS,Carpenter Technology Corp,stocks,us,XNYS,CS,True,usd,0000017843,BBG000BGCQT9,BBG001S5Q5M1,2026-08-11T06:10:16.602557233Z
CRSH,YieldMax Short TSLA Option Income Strategy ETF,stocks,us,ARCX,ETS,True,usd,0001924868,BBG01LXWRVH9,BBG01LXWRWB3,2026-08-11T06:10:16.602557314Z
CRSP,CRISPR Therapeutics AG,stocks,us,XNAS,CS,True,usd,0001674416,,,2026-08-11T06:10:16.602557404Z
CRSR,"Corsair Gaming, Inc. Common Stock",stocks,us,XNAS,CS,True,usd,0001743759,BBG00HMSHL83,BBG00HMSHL92,2026-08-11T06:10:16.602557474Z
CRT,Cross Timbers Royalty Trust,stocks,us,XNYS,CS,True,usd,0000881787,BBG000C88125,BBG001S6R7M4,2026-08-11T06:10:16.602557554Z
CRTC,Xtrackers US National Critical Technologies ETF,stocks,us,ARCX,ETF,True,usd,,BBG01JZH8PR8,BBG01JZH8QR6,2026-08-11T06:10:16.602557895Z
CRTO,Criteo S.A. Ordinary Shares,stocks,us,XNAS,CS,True,usd,0001576427,,,2026-08-11T06:10:16.602557975Z
CRUC,Corgi CRUS 2x Daily ETF,stocks,us,BATS,ETF,True,usd,,BBG0230L0DY8,BBG0230L0FW5,2026-08-11T06:10:16.602558085Z
CRUS,Cirrus Logic Inc,stocks,us,XNAS,CS,True,usd,0000772406,BBG000C1DHF5,BBG001S67J86,2026-08-11T06:10:16.602558165Z
CRUX,Columbia Core Bond ETF,stocks,us,ARCX,ETF,True,usd,0001551950,BBG020X1L585,BBG020X1L718,2026-08-11T06:10:16.602558245Z
CRVL,Corvel Corp,stocks,us,XNAS,CS,True,usd,0000874866,BBG000CVKZY0,BBG001S72ZL8,2026-08-11T06:10:16.602558325Z
CRVO,CervoMed Inc. Common Stock,stocks,us,XNAS,CS,True,usd,0001053691,BBG000N6JH48,BBG001SD4Z42,2026-08-11T06:10:16.602558716Z
CRVS,"Corvus Pharmaceuticals, Inc.",stocks,us,XNAS,CS,True,usd,0001626971,BBG009F0TGH8,BBG009F0TGJ6,2026-08-11T06:10:16.602558796Z
CRWC,Corgi CRWD 2x Daily ETF,stocks,us,BATS,ETF,True,usd,,BBG0230H1MS3,BBG0230H1NX5,2026-08-11T06:10:16.602558877Z
CRWD,"CrowdStrike Holdings, Inc. Class A Common Stock",stocks,us,XNAS,CS,True,usd,0001535527,BBG00BLYKS03,BBG00BLYKRZ7,2026-08-11T06:10:16.602558957Z
CRWG,Leverage Shares 2X Long CRWV Daily ETF,stocks,us,XNAS,ETF,True,usd,,BBG01WJXHBG5,BBG01WJXHCD6,2026-08-11T06:10:16.602559037Z
CRWL,GraniteShares 2x Long CRWD Daily ETF,stocks,us,XNAS,ETF,True,usd,0001689873,BBG01QKLCZ47,BBG01QKLD043,2026-08-11T06:10:16.602559117Z
CRWS,Crown Crafts Inc,stocks,us,XNAS,CS,True,usd,0000025895,BBG000HHH6J1,BBG001SF22H8,2026-08-11T06:10:16.602559197Z
CRWU,T-REX 2X Long CRWV Daily Target ETF,stocks,us,BATS,ETF,True,usd,0001771146,BBG01W6V9JW7,BBG01W6V9KR0,2026-08-11T06:10:16.602559277Z
CRWV,"CoreWeave, Inc. Class A Common Stock",stocks,us,XNAS,CS,True,usd,0001769628,BBG011ZTRJ21,BBG011ZTRJ49,2026-08-11T06:10:16.602559357Z
CRWX,Corgi CRWV 2x Daily ETF,stocks,us,BATS,ETF,True,usd,,BBG0230GJ905,BBG0230GJD15,2026-08-11T06:10:16.602559438Z
CRXP,Columbia Core Plus Bond ETF,stocks,us,ARCX,ETF,True,usd,0001551950,BBG01YZNS246,BBG01YZNS317,2026-08-11T06:10:16.602559628Z
CRY,GraniteShares YieldBOOST CRCL ETF,stocks,us,XNAS,ETF,True,usd,,BBG021RX4P85,BBG021RX4Q74,2026-08-11T06:10:16.602559708Z
CSAI,"Cloudastructure, Inc. Class A Common Stock",stocks,us,XNAS,CS,True,usd,0001709628,BBG014K90141,BBG014K901S5,2026-08-11T06:10:16.602559808Z
CSAN,Cosan S.A. American Depositary Shares (each representing four Common Shares),stocks,us,XNYS,ADRC,True,usd,0001430162,BBG00YPGPCF2,BBG00YPGPD88,2026-08-11T06:10:16.602559888Z
CSB,VictoryShares US Small Cap High Div Volatility Wtd ETF,stocks,us,XNAS,ETF,True,usd,0001547580,BBG009K7L981,BBG009K7L972,2026-08-11T06:10:16.602559969Z
CSBR,"Champions Oncology, Inc.",stocks,us,XNAS,CS,True,usd,0000771856,BBG000BYGPJ9,BBG001S5YHT9,2026-08-11T06:10:16.602560049Z
CSCL,Direxion Daily CSCO Bull 2X ETF,stocks,us,XNAS,ETF,True,usd,,BBG01VF24WR5,BBG01VF24Y37,2026-08-11T06:10:16.602560149Z
CSCO,"Cisco Systems, Inc. Common Stock (DE)",stocks,us,XNAS,CS,True,usd,0000858877,BBG000C3J3C9,BBG001S6HC62,2026-08-11T06:10:16.602560229Z
CSCS,Direxion Daily CSCO Bear 1X ETF,stocks,us,XNAS,ETF,True,usd,,BBG01VF35VR4,BBG01VF35WM7,2026-08-11T06:10:16.602560309Z
CSD,Invesco S&P Spin-Off ETF,stocks,us,ARCX,ETF,True,usd,0001547580,BBG00KJR1RQ6,BBG00KJR1SF6,2026-08-11T06:10:16.602560389Z
CSEN,Cohen & Steers Future of Energy Active ETF,stocks,us,XNAS,ETF,True,usd,,BBG022W32F14,BBG022W32G58,2026-08-11T06:10:16.60256047Z
CSEX,Tradr 2X Long CLS Daily ETF,stocks,us,BATS,ETF,True,usd,,BBG01YH4H3S2,BBG01YH4H4R1,2026-08-11T06:10:16.60256054Z
CSGP,CoStar Group Inc,stocks,us,XNAS,CS,True,usd,0001057352,BBG000D7JKW9,BBG001SD3DY9,2026-08-11T06:10:16.60256062Z
CSHI,NEOS Enhanced Income 1-3 Month T-Bill ETF,stocks,us,ARCX,ETF,True,usd,0001848758,BBG019CHS7L9,BBG019CHS8F4,2026-08-11T06:10:16.6025607Z
CSHP,iShares Dynamic Short-Term Active ETF,stocks,us,ARCX,ETF,True,usd,0001761055,BBG01NT05JR0,BBG01NT05KM2,2026-08-11T06:10:16.60256078Z
CSHR,CoinShares PLC Ordinary Shares,stocks,us,XNAS,CS,True,usd,0002087587,,,2026-08-11T06:10:16.60256086Z
CSHRW,CoinShares PLC Warrants,stocks,us,XNAS,WARRANT,True,usd,0002087587,,,2026-08-11T06:10:16.602561221Z
CSIO,Cohen & Steers Infrastructure Opportunities Active ETF,stocks,us,ARCX,ETF,True,usd,,BBG01YT43WZ2,BBG01YT43XW3,2026-08-11T06:10:16.602561311Z
CSIQ,Canadian Solar Inc. Common Shares (ON),stocks,us,XNAS,CS,True,usd,0001375877,BBG000K1J931,BBG001SPNJT3,2026-08-11T06:10:16.602561421Z
CSL,"Carlisle Companies, Inc.",stocks,us,XNYS,CS,True,usd,0000790051,BBG000BGGBT8,BBG001S5Q6R4,2026-08-11T06:10:16.602561502Z
CSM,ProShares Large Cap Core Plus,stocks,us,BATS,ETF,True,usd,0001174610,BBG000NDJYJ0,BBG001T551S6,2026-08-11T06:10:16.602561582Z
CSMD,Congress SMid Growth ETF,stocks,us,ARCX,ETF,True,usd,,BBG01J1GV3T8,BBG01J1GV4N2,2026-08-11T06:10:16.602561662Z
CSNR,Cohen & Steers Natural Resources Active ETF,stocks,us,ARCX,ETF,True,usd,,BBG01RXX46X6,BBG01RXX47V6,2026-08-11T06:10:16.602561742Z
CSPF,Cohen & Steers Preferred and Income Opportunities Active ETF,stocks,us,ARCX,ETF,True,usd,,BBG01RXW2KW0,BBG01RXW2M92,2026-08-11T06:10:16.602561812Z
CSPI,CSP Inc.,stocks,us,XNAS,CS,True,usd,0000356037,BBG000BGH994,BBG001S5Q756,2026-08-11T06:10:16.602561892Z
CSQ,Calamos Strategic Total Return Fund,stocks,us,XNAS,CS,True,usd,0001275214,BBG000BT4RM5,BBG001SC0HR3,2026-08-11T06:10:16.602561983Z
CSQR,"Csquare, Inc.",stocks,us,XNYS,CS,True,usd,0002105398,BBG02317F9W3,BBG02317FC01,2026-08-11T06:10:16.602562063Z
CSR,Centerspace,stocks,us,XNYS,CS,True,usd,0000798359,BBG000BVJ702,BBG001SB9ZW0,2026-08-11T06:10:16.602562143Z
CSRE,Cohen & Steers Real Estate Active ETF,stocks,us,ARCX,ETF,True,usd,,BBG01RXVZ7P3,BBG01RXVZ8N3,2026-08-11T06:10:16.602562223Z
CSSD,Cohen & Steers Short Duration Preferred and Income Active ETF,stocks,us,ARCX,ETF,True,usd,,BBG01YT3Z4V5,BBG01YT3Z5T5,2026-08-11T06:10:16.602562293Z
CSTE,Caesarstone Ltd.,stocks,us,XNAS,CS,True,usd,0001504379,,,2026-08-11T06:10:16.602562383Z
CSTK,Invesco Comstock Contrarian Equity ETF,stocks,us,BATS,ETF,True,usd,,BBG01TT2Q2L3,BBG01TT2Q3G7,2026-08-11T06:10:16.602562463Z
CSTL,"Castle Biosciences, Inc. Common Stock",stocks,us,XNAS,CS,True,usd,0001447362,BBG006YWVSR3,BBG006YWVSS2,2026-08-11T06:10:16.602562644Z
CSTM,Constellium SE Class A Ordinary shares,stocks,us,XNYS,CS,True,usd,0001563411,,,2026-08-11T06:10:16.602562724Z
CSV,"Carriage Services, Inc.",stocks,us,XNYS,CS,True,usd,0001016281,BBG000J06DW8,BBG001S9M5G4,2026-08-11T06:10:16.602562834Z
CSW,"CSW Industrials, Inc.",stocks,us,XNYS,CS,True,usd,0001624794,BBG007NLG4L3,BBG007NLG4M2,2026-08-11T06:10:16.602562924Z
CSWC,Capital Southwest Corp,stocks,us,XNAS,CS,True,usd,0000017313,BBG000BGJ661,BBG001S5Q7P4,2026-08-11T06:10:16.602563004Z
CSX,CSX Corporation,stocks,us,XNAS,CS,True,usd,0000277948,BBG000BGJRC8,BBG001S5Q7Q3,2026-08-11T06:10:16.602563085Z
CTA,Simplify Managed Futures Strategy ETF,stocks,us,ARCX,ETF,True,usd,0000030554,BBG015TRLD59,BBG015TRLF27,2026-08-11T06:10:16.602563165Z
CTAA,ClearThink 1 Acquisition Corp. Class A Ordinary Shares,stocks,us,XNAS,CS,True,usd,0002094073,,,2026-08-11T06:10:16.602563245Z
CTAAR,ClearThink 1 Acquisition Corp. Rights,stocks,us,XNAS,RIGHT,True,usd,0002094073,,,2026-08-11T06:10:16.602563425Z
CTAAU,ClearThink 1 Acquisition Corp. Units,stocks,us,XNAS,UNIT,True,usd,0002094073,,,2026-08-11T06:10:16.602563606Z
CTAP,Simplify US Equity PLUS Managed Futures Strategy ETF,stocks,us,ARCX,ETF,True,usd,0001810747,BBG01YX0JGX5,BBG01YX0JJ05,2026-08-11T06:10:16.602563796Z
CTAS,Cintas Corp,stocks,us,XNAS,CS,True,usd,0000723254,BBG000H3YXF8,BBG001S7CRG1,2026-08-11T06:10:16.602563876Z
CTAU,Corgi U.S. Equities 30% Structured Buffer ETF - August Series,stocks,us,BATS,ETF,True,usd,,BBG023XBKLC8,BBG023XBKMD5,2026-08-11T06:10:16.602564016Z
CTApA,"EIDP, Inc. Preferred Stock $3.50 Series",stocks,us,XNYS,PFD,True,usd,0000030554,,,2026-08-11T06:10:16.602564107Z
CTApB,"EIDP, Inc. Preferred Stock $4.50 Series",stocks,us,XNYS,PFD,True,usd,0000030554,,,2026-08-11T06:10:16.602564187Z
CTBI,Community Trust Bancorp Inc,stocks,us,XNAS,CS,True,usd,0000350852,BBG000F4J227,BBG001S9F6J7,2026-08-11T06:10:16.602564267Z
CTEC,Global X Funds Global X ClimateTech ETF,stocks,us,XNAS,ETF,True,usd,0001432353,BBG00Y056818,BBG00Y0568X3,2026-08-11T06:10:16.602564718Z
CTEF,Castellan Targeted Equity ETF,stocks,us,BATS,ETF,True,usd,,BBG01VF4YP66,BBG01VF4YQ46,2026-08-11T06:10:16.602564788Z
CTEV,Claritev Corporation,stocks,us,XNYS,CS,True,usd,0001793229,BBG00RLZ9M74,BBG00RLZ9M83,2026-08-11T06:10:16.602565058Z
CTEX,ProShares S&P Kensho Cleantech ETF,stocks,us,ARCX,ETF,True,usd,0001174610,BBG012R6F4F0,BBG012R6F594,2026-08-11T06:10:16.602565149Z
CTGG,Qwest Corporation 6.500% Senior Notes due 2051 (denominations of $25),stocks,us,XNYS,SP,True,usd,0000068622,,,2026-08-11T06:10:16.602565229Z
CTGO,Contango Silver & Gold Inc.,stocks,us,XASE,CS,True,usd,0001502377,BBG0016YSLB7,BBG001TCN726,2026-08-11T06:10:16.602565329Z
CTHH,Qwest Corporation 6.750% Senior Notes due 2052 (denominations of $25),stocks,us,XNYS,SP,True,usd,0000068622,,,2026-08-11T06:10:16.602565419Z
CTIF,Castellan Targeted Income ETF,stocks,us,BATS,ETF,True,usd,,BBG01VPVPKP5,BBG01VPVPLL7,2026-08-11T06:10:16.602565499Z
CTJL,Corgi U.S. Equities 30% Structured Buffer ETF - July Series,stocks,us,BATS,ETF,True,usd,,BBG023DKKDB9,BBG023DKKF88,2026-08-11T06:10:16.602565579Z
CTJN,Corgi U.S. Equities 30% Structured Buffer ETF - June Series,stocks,us,BATS,ETF,True,usd,,BBG022MF5H20,BBG022MF5JB6,2026-08-11T06:10:16.60256566Z
CTKB,"Cytek Biosciences, Inc. Common Stock",stocks,us,XNAS,CS,True,usd,0001831915,BBG00D36Q0Z7,BBG00D36Q103,2026-08-11T06:10:16.60256574Z
CTM,"Castellum, Inc.",stocks,us,XASE,CS,True,usd,0001877939,BBG001J7M0W1,BBG001V0HHM2,2026-08-11T06:10:16.60256582Z
CTMA,Corgi U.S. Equities 30% Structured Buffer ETF - May Series,stocks,us,BATS,ETF,True,usd,,BBG0223FKVP8,BBG0223FKWN8,2026-08-11T06:10:16.6025659Z
CTMX,"CytomX Therapeutics, Inc.",stocks,us,XNAS,CS,True,usd,0001501989,BBG001J472L3,BBG001V0GS49,2026-08-11T06:10:16.60256598Z
CTNM,"Contineum Therapeutics, Inc. Class A Common Stock",stocks,us,XNAS,CS,True,usd,0001855175,BBG01M27SVP6,BBG01M27SWR2,2026-08-11T06:10:16.602566181Z
CTNT,Cheetah Net Supply Chain Service Inc. Class A Common Stock,stocks,us,XNAS,CS,True,usd,0001951667,BBG01G66JNZ4,BBG01G66JPT6,2026-08-11T06:10:16.602566261Z
CTO,"CTO Realty Growth, Inc.",stocks,us,XNYS,CS,True,usd,0000023795,BBG00Y3M1H59,BBG00Y3M1H68,2026-08-11T06:10:16.602566371Z
CTOR,"Citius Oncology, Inc. Common Stock",stocks,us,XNAS,CS,True,usd,0001851484,BBG01163HKY3,BBG01163HLS8,2026-08-11T06:10:16.602566451Z
CTOS,"Custom Truck One Source, Inc.",stocks,us,XNYS,CS,True,usd,0001709682,BBG00HLCWDF2,BBG00HLCWDG1,2026-08-11T06:10:16.602566531Z
CTOpA,"CTO Realty Growth, Inc. 6.375% Series A Cumulative Redeemable Preferred Stock",stocks,us,XNYS,PFD,True,usd,0000023795,,,2026-08-11T06:10:16.602566611Z
CTRE,"CareTrust REIT, Inc",stocks,us,XNYS,CS,True,usd,0001590717,BBG005KC4Z70,BBG005KC4Z61,2026-08-11T06:10:16.602566692Z
CTRI,"Centuri Holdings, Inc.",stocks,us,XNYS,CS,True,usd,0001981599,BBG01M4ZP8Y6,BBG01M4ZP9S1,2026-08-11T06:10:16.602566772Z
CTRM,Castor Maritime Inc. Common Stock,stocks,us,XNAS,CS,True,usd,0001720161,,,2026-08-11T06:10:16.602566972Z
CTRN,"Citi Trends, Inc.",stocks,us,XNAS,CS,True,usd,0001318484,BBG000BRLWY6,BBG001SH4JL0,2026-08-11T06:10:16.602567052Z
CTS,CTS Corporation,stocks,us,XNYS,CS,True,usd,0000026058,BBG000BGMC46,BBG001S5Q8Y2,2026-08-11T06:10:16.602567152Z
CTSH,Cognizant Technology Solutions,stocks,us,XNAS,CS,True,usd,0001058290,BBG000BBDV81,BBG001S5STN6,2026-08-11T06:10:16.602567233Z
CTSO,Cytosorbents Corp.,stocks,us,XNAS,CS,True,usd,0001175151,BBG000C3P8V0,BBG001SL7YQ0,2026-08-11T06:10:16.602567313Z
CTVA,"Corteva, Inc. Common Stock",stocks,us,XNYS,CS,True,usd,0001755672,BBG00BN969C1,BBG00BN969D0,2026-08-11T06:10:16.602567393Z
CTW,CTW Class A Ordinary Shares,stocks,us,XNAS,CS,True,usd,0002047148,,,2026-08-11T06:10:16.602567463Z
CTWO,COtwo Advisors Physical European Carbon Allowance Trust,stocks,us,ARCX,ETV,True,usd,0001958928,BBG01TYGWG10,BBG01TYGWGX5,2026-08-11T06:10:16.602567543Z
CTXR,Citius Pharmaceuticals Inc. Common,stocks,us,XNAS,CS,True,usd,0001506251,BBG001QQH2N3,BBG001V1J7S4,2026-08-11T06:10:16.602567744Z
CUB,Lionheart Holdings Class A Ordinary Shares,stocks,us,XNAS,CS,True,usd,0002015955,,,2026-08-11T06:10:16.602567824Z
CUBB,"Customers Bancorp, Inc. 5.375% Subordinated Notes Due 2034",stocks,us,XNYS,SP,True,usd,0001488813,,,2026-08-11T06:10:16.602567924Z
CUBE,CubeSmart,stocks,us,XNYS,CS,True,usd,0001298675,BBG000HF28Q9,BBG001SHP0D7,2026-08-11T06:10:16.602568004Z
CUBI,CUSTOMERS BANCORP INC,stocks,us,XNYS,CS,True,usd,0001488813,BBG0023XX761,BBG0023XX770,2026-08-11T06:10:16.602568094Z
CUBWU,Lionheart Holdings Unit,stocks,us,XNAS,UNIT,True,usd,0002015955,,,2026-08-11T06:10:16.602568174Z
CUBWW,Lionheart Holdings Warrant,stocks,us,XNAS,WARRANT,True,usd,0002015955,,,2026-08-11T06:10:16.602568255Z
CUE,"Cue Biopharma, Inc.",stocks,us,XNAS,CS,True,usd,0001645460,BBG00FVMPFN7,BBG00FVMPFP5,2026-08-11T06:10:16.602568325Z
CULP,"Culp, Inc. Common Stock",stocks,us,XNAS,CS,True,usd,0000723603,BBG000BFF550,BBG001S5PPQ4,2026-08-11T06:10:16.602568405Z
CUPR,Cuprina Holdings (Cayman) Limited Class A Ordinary Shares,stocks,us,XNAS,CS,True,usd,0001995704,,,2026-08-11T06:10:16.602568485Z
CURB,Curbline Properties Corp.,stocks,us,XNYS,CS,True,usd,0002027317,BBG01JZB98V3,BBG01JZB99P8,2026-08-11T06:10:16.602568585Z
CURE,Direxion Daily Healthcare Bull 3X ETF,stocks,us,ARCX,ETF,True,usd,0001424958,BBG001R07BN0,BBG001V1Y084,2026-08-11T06:10:16.602568665Z
CURI,CuriosityStream Inc. Class A Common Stock,stocks,us,XNAS,CS,True,usd,0001776909,BBG00QS5N3V4,BBG00QS5N3W3,2026-08-11T06:10:16.602568746Z
CURR,Currenc Group Inc. Ordinary Shares,stocks,us,XNAS,CS,True,usd,0001862935,,,2026-08-11T06:10:16.602568826Z
CURV,Torrid Holdings Inc.,stocks,us,XNYS,CS,True,usd,0001792781,BBG011C0PCJ8,BBG011C0PDC3,2026-08-11T06:10:16.602568906Z
CURX,Curanex Pharmaceuticals Inc Common Stock,stocks,us,XNAS,CS,True,usd,0002025942,BBG01QB818N7,BBG01QB818P5,2026-08-11T06:10:16.602568986Z
CUST,Corgi 1-3 Year Treasury Bond ETF,stocks,us,BATS,ETF,True,usd,,BBG022KDTKB4,BBG022KDTLJ4,2026-08-11T06:10:16.602569307Z
CUT,Invesco MSCI Global Timber ETF,stocks,us,ARCX,ETF,True,usd,0000914208,BBG00KJR2128,BBG00KJR21S0,2026-08-11T06:10:16.602569387Z
CUVL,Clinuvel Pharmaceuticals Limited American Depositary Shares,stocks,us,XNAS,ADRC,True,usd,0001290877,BBG000FL1KQ2,BBG001SLHZV0,2026-08-11T06:10:16.602569487Z
CUZ,Cousins Properties Inc.,stocks,us,XNYS,CS,True,usd,0000025232,BBG000CW9BM7,BBG001S73MB7,2026-08-11T06:10:16.602569567Z
CV,"CapsoVision, Inc. Common Stock",stocks,us,XNAS,CS,True,usd,0001378325,BBG00KHZ9QJ2,BBG00KHZ9QK0,2026-08-11T06:10:16.602569647Z
CVAR,Cultivar ETF,stocks,us,BATS,ETF,True,usd,0001771146,BBG0147C0YM7,BBG0147C0ZG1,2026-08-11T06:10:16.602569727Z
CVBF,CVB Financial Corp,stocks,us,XNAS,CS,True,usd,0000354647,BBG000JTYFB2,BBG001SJ1SH4,2026-08-11T06:10:16.602569808Z
CVCO,Cavco Industries Inc.,stocks,us,XNAS,CS,True,usd,0000278166,BBG000K4WS65,BBG001SJQBM8,2026-08-11T06:10:16.602569878Z
CVE,Cenovus Energy Inc.,stocks,us,XNYS,CS,True,usd,0001475260,BBG000PSJP22,BBG001T2PJV8,2026-08-11T06:10:16.602569958Z
CVEO,Civeo Corporation,stocks,us,XNYS,CS,True,usd,0001590584,BBG009KJ2H24,BBG009KJ2H33,2026-08-11T06:10:16.602570038Z
CVGD,CresAlta Global Dividend ETF,stocks,us,ARCX,ETF,True,usd,,BBG021WLTD03,BBG021WLTF35,2026-08-11T06:10:16.602570138Z
CVGI,"Commercial Vehicle Group, Inc.",stocks,us,XNAS,CS,True,usd,0001290900,BBG000PZ0SW7,BBG001SLYY17,2026-08-11T06:10:16.602570218Z
CVI,"CVR ENERGY, INC.",stocks,us,XNYS,CS,True,usd,0001376139,BBG000QHV8S1,BBG001SM6PD2,2026-08-11T06:10:16.602570299Z
CVIE,Calvert International Responsible Index ETF,stocks,us,ARCX,ETF,True,usd,0001676326,BBG01DR7M938,BBG01DR7MB06,2026-08-11T06:10:16.602570379Z
CVKD,"Cadrenal Therapeutics, Inc. Common Stock",stocks,us,XNAS,CS,True,usd,0001937993,BBG019STRT20,BBG019STRT39,2026-08-11T06:10:16.602570459Z
CVLC,Calvert US Large-Cap Core Responsible Index ETF,stocks,us,ARCX,ETF,True,usd,0001676326,BBG01DPGKG45,BBG01DPGKH16,2026-08-11T06:10:16.602570539Z
CVLG,"Covenant Logistics Group, Inc.",stocks,us,XNYS,CS,True,usd,0000928658,BBG000DNYKG5,BBG001S89TF0,2026-08-11T06:10:16.602570729Z
CVLT,"Commault Systems, Inc.",stocks,us,XNAS,CS,True,usd,0001169561,BBG000BG88X9,BBG001S7R751,2026-08-11T06:10:16.60257081Z
CVM,Cel-Sci Corporation,stocks,us,XASE,CS,True,usd,0000725363,BBG000H5G6L5,BBG001SBRBG1,2026-08-11T06:10:16.60257092Z
CVMC,Calvert US Mid-Cap Core Responsible Index ETF,stocks,us,ARCX,ETF,True,usd,0001676326,BBG01DR7MD75,BBG01DR7MF25,2026-08-11T06:10:16.602571Z
CVNA,Carvana Co.,stocks,us,XNYS,CS,True,usd,0001690820,BBG00GCTWDJ3,BBG00GCTWF71,2026-08-11T06:10:16.60257109Z
CVNY,YieldMax CVNA Option Income Strategy ETF,stocks,us,ARCX,ETS,True,usd,,BBG01S0M8116,BBG01S0M81X1,2026-08-11T06:10:16.60257117Z
CVR,Chicago Rivet & Machine Co.,stocks,us,XASE,CS,True,usd,0000019871,BBG000BGRMB1,BBG001S5QBC9,2026-08-11T06:10:16.60257125Z
CVRD,Madison Covered Call ETF,stocks,us,ARCX,ETF,True,usd,,BBG01J08C7J0,BBG01J08C8C5,2026-08-11T06:10:16.602571331Z
CVRT,Calamos Convertible Equity Alternative ETF,stocks,us,ARCX,ETF,True,usd,0001579881,BBG01HSCX5G9,BBG01HSCX6T3,2026-08-11T06:10:16.602571411Z
CVRX,"CVRx, Inc. Common Stock",stocks,us,XNAS,CS,True,usd,0001235912,BBG001B56NX0,BBG001TJ3M57,2026-08-11T06:10:16.602571491Z
CVS,CVS HEALTH CORPORATION,stocks,us,XNYS,CS,True,usd,0000064803,BBG000BGRY34,BBG001S5QBD8,2026-08-11T06:10:16.602571571Z
CVSA,Covista Inc.,stocks,us,XNYS,CS,True,usd,0000730464,BBG000DQBZJ7,BBG001S8M5S3,2026-08-11T06:10:16.602571681Z
CVSB,Calvert Ultra-Short Investment Grade ETF,stocks,us,ARCX,ETF,True,usd,0001676326,BBG01DPGL334,BBG01DPGL3Y0,2026-08-11T06:10:16.602571761Z
CVSM,CresAlta Small and Mid-Cap ETF,stocks,us,ARCX,ETF,True,usd,,BBG021WM34T8,BBG021WM35R7,2026-08-11T06:10:16.602571842Z
CVU,"CPI Aerostructures, Inc.",stocks,us,XASE,CS,True,usd,0000889348,BBG000GZFVB7,BBG001SD4192,2026-08-11T06:10:16.602571922Z
CVV,CVD Equipment Corp.,stocks,us,XNAS,CS,True,usd,0000766792,BBG000DVVTH0,BBG001S8Z322,2026-08-11T06:10:16.602572002Z
CVX,Chevron Corporation,stocks,us,XNYS,CS,True,usd,0000093410,BBG000K4ND22,BBG001S67ZC5,2026-08-11T06:10:16.602572573Z
CVY,Invesco Zacks Multi-Asset Income ETF,stocks,us,ARCX,ETF,True,usd,0001209466,BBG00KJR1PH0,BBG00KJR1Q60,2026-08-11T06:10:16.602572653Z
CW,Curtiss-Wright Corp.,stocks,us,XNYS,CS,True,usd,0000026324,BBG000BGSPS5,BBG001S5QBK0,2026-08-11T06:10:16.602572773Z
CWB,State Street SPDR Bloomberg Convertible Securities ETF,stocks,us,ARCX,ETF,True,usd,0001064642,BBG000FTQMS2,BBG001T2PMD1,2026-08-11T06:10:16.602572853Z
CWBC,Community West Bancshares Common Stock,stocks,us,XNAS,CS,True,usd,0001127371,BBG000MZYM65,BBG001SGH967,2026-08-11T06:10:16.602572934Z
CWCO,Consolidated Water Co Inc,stocks,us,XNAS,CS,True,usd,0000928340,,,2026-08-11T06:10:16.602573014Z
CWD,CaliberCos Inc. Class A Common Stock,stocks,us,XNAS,CS,True,usd,0001627282,BBG019WPQGK2,BBG019WPQHD8,2026-08-11T06:10:16.602573094Z
CWEB,Direxion Daily CSI China Internet Index Bull 2X ETF,stocks,us,ARCX,ETF,True,usd,0001424958,BBG00F40W4C4,BBG00F40W531,2026-08-11T06:10:16.602573174Z
CWEN,"Clearway Energy, Inc. Class C Common Stock",stocks,us,XNYS,CS,True,usd,0001567683,BBG008LJ4TF3,BBG008LJ4TG2,2026-08-11T06:10:16.602573244Z
CWH,"Camping World Holdings, Inc.",stocks,us,XNYS,CS,True,usd,0001669779,BBG00D2Z7X83,BBG00D2Z7X92,2026-08-11T06:10:16.602573324Z
CWI,State Street SPDR MSCI ACWI ex-US ETF,stocks,us,ARCX,ETF,True,usd,0001168164,BBG000Q8TXD5,BBG001SRXRN6,2026-08-11T06:10:16.602573405Z
CWK,Cushman & Wakefield Ltd.,stocks,us,XNYS,CS,True,usd,0001628369,,,2026-08-11T06:10:16.602573485Z
CWS,AdvisorShares Focused Equity ETF,stocks,us,ARCX,ETF,True,usd,0001408970,BBG00DVZRVF5,BBG00DVZRVH3,2026-08-11T06:10:16.602573565Z
CWST,Casella Waste Systems Inc,stocks,us,XNAS,CS,True,usd,0000911177,BBG000BT0J38,BBG001SB5S05,2026-08-11T06:10:16.602573645Z
CWT,California Water Service,stocks,us,XNYS,CS,True,usd,0001035201,BBG000D8KTN6,BBG001S7QBD4,2026-08-11T06:10:16.602573745Z
CWVX,Tradr 2X Long CRWV Daily ETF,stocks,us,BATS,ETF,True,usd,,BBG01VWNWQM7,BBG01VWNWRK7,2026-08-11T06:10:16.602573825Z
CWY,GraniteShares YieldBOOST CRWV ETF,stocks,us,XNAS,ETF,True,usd,,BBG021GPSN56,BBG021GPSP42,2026-08-11T06:10:16.602574026Z
CX,Cemex S.A.B. de C.V.,stocks,us,XNYS,ADRC,True,usd,0001076378,BBG000BPCTB2,BBG001SD8F15,2026-08-11T06:10:16.602574106Z
CXAI,CXApp Inc. Class A Common Stock,stocks,us,XNAS,CS,True,usd,0001820875,BBG00Z49NKK6,BBG00Z49NLG9,2026-08-11T06:10:16.602574296Z
CXAIW,CXApp Inc. Warrant,stocks,us,XNAS,WARRANT,True,usd,0001820875,BBG00Z49QT42,,2026-08-11T06:10:16.602574396Z
CXDO,CREXENDO INC,stocks,us,XNAS,CS,True,usd,0001075736,BBG000GPDT80,BBG001S9HYR5,2026-08-11T06:10:16.602574477Z
CXII,Churchill Capital Corp XII Class A Ordinary Shares,stocks,us,XNAS,CS,True,usd,0002114227,,,2026-08-11T06:10:16.602574557Z
CXIIU,Churchill Capital Corp XII Units,stocks,us,XNAS,UNIT,True,usd,0002114227,,,2026-08-11T06:10:16.602574647Z
CXIIW,Churchill Capital Corp XII Warrants,stocks,us,XNAS,WARRANT,True,usd,0002114227,,,2026-08-11T06:10:16.602574717Z
CXM,"Sprinklr, Inc.",stocks,us,XNYS,CS,True,usd,0001569345,BBG0043NCD05,BBG0043NCD14,2026-08-11T06:10:16.602574807Z
CXRN,Teucrium 2x Daily Corn ETF,stocks,us,ARCX,ETF,True,usd,0001683471,BBG01R409MT5,BBG01R409NP7,2026-08-11T06:10:16.602574897Z
CXSE,WisdomTree Trust WisdomTree China ex-State-Owned Enterprises Fund,stocks,us,XNAS,ETF,True,usd,0001350487,BBG003D52F83,BBG003D52G09,2026-08-11T06:10:16.602574998Z
CXT,"Crane NXT, Co.",stocks,us,XNYS,CS,True,usd,0000025445,BBG017BXPZ85,BBG017BXPZ94,2026-08-11T06:10:16.602575078Z
CXW,"CoreCivic, Inc.",stocks,us,XNYS,CS,True,usd,0001070985,BBG000BJSJT2,BBG001S8PTV4,2026-08-11T06:10:16.602575158Z
CYAB,"Cyabra, Inc. Common Stock",stocks,us,XNAS,CS,True,usd,0002032341,BBG0200RD2D4,BBG0200RD2J8,2026-08-11T06:10:16.602575238Z
CYCN,"Cyclerion Therapeutics, Inc. Common Stock",stocks,us,XNAS,CS,True,usd,0001755237,BBG00KXXHYD9,BBG00KXXHZ46,2026-08-11T06:10:16.602575318Z
CYCU,"Cycurion, Inc. Common Stock",stocks,us,XNAS,CS,True,usd,0001868419,BBG0133V46L9,BBG0133V47H2,2026-08-11T06:10:16.602575398Z
CYCUW,"Cycurion, Inc. Warrant",stocks,us,XNAS,WARRANT,True,usd,0001868419,BBG016PH4WS5,,2026-08-11T06:10:16.602575649Z
CYD,China Yuchai International Ltd.,stocks,us,XNYS,CS,True,usd,0000932695,,,2026-08-11T06:10:16.602575729Z
CYH,"Community Health Systems, Inc.",stocks,us,XNYS,CS,True,usd,0001108109,BBG000BDY3Y7,BBG001S89L85,2026-08-11T06:10:16.602575889Z
CYN,Cyngn Inc. Common Stock,stocks,us,XNAS,CS,True,usd,0001874097,BBG012DSHYT4,BBG012DSHYV1,2026-08-11T06:10:16.602575969Z
CYPH,Cypherpunk Technologies Inc. Common Stock,stocks,us,XNAS,CS,True,usd,0001509745,BBG00DQ929W6,BBG00DQ929Z3,2026-08-11T06:10:16.60257604Z
CYRX,"CryoPort, Inc. Common Stock",stocks,us,XNAS,CS,True,usd,0001124524,BBG000PNTXP0,BBG001SLKBJ3,2026-08-11T06:10:16.60257612Z
CYTK,Cytokinetics Inc.,stocks,us,XNAS,CS,True,usd,0001061983,BBG000F0R4N9,BBG001SGMVF2,2026-08-11T06:10:16.6025762Z
CZA,Invesco Zacks Mid-Cap ETF,stocks,us,ARCX,ETF,True,usd,0001209466,BBG00KJR1TJ0,BBG00KJR1V78,2026-08-11T06:10:16.60257628Z
CZFS,"Citizens Financial Services, Inc. Common Stock",stocks,us,XNAS,CS,True,usd,0000739421,BBG000BRX064,BBG001S6YTF6,2026-08-11T06:10:16.60257636Z
CZNC,Citizens & Northern Corporation,stocks,us,XNAS,CS,True,usd,0000810958,BBG000BRW8B2,BBG001S6YSF8,2026-08-11T06:10:16.60257644Z
CZR,"Caesars Entertainment, Inc. Common Stock",stocks,us,XNAS,CS,True,usd,0001590895,BBG0074Q3NK6,BBG0074Q3NL5,2026-08-11T06:10:16.602576511Z
CZWI,"Citizens Community Bancorp, Inc.",stocks,us,XNAS,CS,True,usd,0001367859,BBG000NFKDB7,BBG001SKRJP4,2026-08-11T06:10:16.602576591Z
CpN,Citigroup Capital XIII 7.875% Fixed Rate/Floating Rate Trust Preferred Securities,stocks,us,XNYS,PFD,True,usd,0000831001,,,2026-08-11T06:10:16.602576671Z
CpR,"Citigroup Inc. Depositary Shares, Each Representing a 1/1,000th Interest in a Share of 6.250% Noncumulative Preferred Stock, Series II",stocks,us,XNYS,PFD,True,usd,0000831001,,,2026-08-11T06:10:16.602576761Z
D,"Dominion Energy, Inc Common Stock",stocks,us,XNYS,CS,True,usd,0000715957,BBG000BGVW60,BBG001S5QCP3,2026-08-11T06:10:16.602576861Z
DAAQ,Digital Asset Acquisition Corp. Class A Ordinary shares,stocks,us,XNAS,CS,True,usd,0002052162,,,2026-08-11T06:10:16.602576941Z
DAAQU,Digital Asset Acquisition Corp. Units,stocks,us,XNAS,UNIT,True,usd,0002052162,,,2026-08-11T06:10:16.602577021Z
DAAQW,Digital Asset Acquisition Corp. Warrant,stocks,us,XNAS,WARRANT,True,usd,0002052162,,,2026-08-11T06:10:16.602577102Z
DABS,DoubleLine Asset-Backed Securities ETF,stocks,us,ARCX,ETF,True,usd,0001886172,BBG01SKDPTV1,BBG01SKDPVR1,2026-08-11T06:10:16.602577322Z
DAC,Danaos Corporation,stocks,us,XNYS,CS,True,usd,0001369241,,,2026-08-11T06:10:16.602577402Z
DADS,Digital Asset Debt Strategy ETF,stocks,us,XNAS,ETF,True,usd,0001387131,BBG01V8BMT36,BBG01V8BMV31,2026-08-11T06:10:16.602577532Z
DAIC,"CID HoldCo, Inc. Common Stock",stocks,us,XNAS,CS,True,usd,0002033770,BBG01VNWK396,BBG01VNWK3B3,2026-08-11T06:10:16.602577613Z
DAICW,"CID HoldCo, Inc. Warrants",stocks,us,XNAS,WARRANT,True,usd,0002033770,BBG01VNXGD97,,2026-08-11T06:10:16.602577693Z
DAIO,Data I/O Corp,stocks,us,XNAS,CS,True,usd,0000351998,BBG000BGWTV8,BBG001S5QCW5,2026-08-11T06:10:16.602577783Z
DAK,Dakota Active Equity ETF,stocks,us,XNAS,ETF,True,usd,,BBG01W7CHCD5,BBG01W7CHDG0,2026-08-11T06:10:16.602577853Z
DAKT,Daktronics Inc,stocks,us,XNAS,CS,True,usd,0000915779,BBG000BMC8K5,BBG001S7N3Z1,2026-08-11T06:10:16.602577933Z
DAL,"Delta Air Lines, Inc.",stocks,us,XNYS,CS,True,usd,0000027904,BBG000R7Z112,BBG001SPT759,2026-08-11T06:10:16.602578023Z
DALI,First Trust Exchange-Traded Fund VI First Trust Dorsey Wright DALI Equity ETF,stocks,us,XNAS,ETF,True,usd,0001552740,BBG00KX8KJT6,BBG00KX8KKJ4,2026-08-11T06:10:16.602578104Z
DAMD,Defiance Daily Target 2X Short AMD ETF,stocks,us,ARCX,ETS,True,usd,,BBG01YDNXS47,BBG01YDNXTL6,2026-08-11T06:10:16.602578184Z
DAN,Dana Incorporated,stocks,us,XNYS,CS,True,usd,0000026780,BBG000TCD088,BBG001SRW699,2026-08-11T06:10:16.602578264Z
DANA,Dana Limited Volatility ETF,stocks,us,ARCX,ETF,True,usd,0001742912,BBG01YRXN1Z6,BBG01YRXN480,2026-08-11T06:10:16.602578344Z
DAO,"Youdao, Inc. American Depositary Shares, each representing one Class A Ordinary Share",stocks,us,XNYS,ADRC,True,usd,0001781753,BBG00L7QDHC3,BBG00L7QDHD2,2026-08-11T06:10:16.602578414Z
DAPP,VanEck Digital Transformation ETF,stocks,us,XNAS,ETF,True,usd,0001137360,BBG0100SD3B3,BBG0100SD467,2026-08-11T06:10:16.602578504Z
DAPR,FT Vest U.S. Equity Deep Buffer ETF - April,stocks,us,BATS,ETF,True,usd,0001667919,BBG0101Q65N6,BBG0101Q66H1,2026-08-11T06:10:16.602578574Z
DAR,DARLING INGREDIENTS INC.,stocks,us,XNYS,CS,True,usd,0000916540,BBG000BN8ZK8,BBG001SB7RP8,2026-08-11T06:10:16.602578845Z
DARE,"Dare Bioscience, Inc. Common Stock",stocks,us,XNAS,CS,True,usd,0001401914,BBG001J2P362,BBG001V0GDP9,2026-08-11T06:10:16.602578915Z
DARP,Grizzle Growth ETF,stocks,us,ARCX,ETF,True,usd,0001924868,BBG01J2VP5T6,BBG01J2VP6W0,2026-08-11T06:10:16.602579045Z
DASH,"DoorDash, Inc. Class A Common Stock",stocks,us,XNAS,CS,True,usd,0001792789,BBG005D7QCJ3,BBG005D7QCK1,2026-08-11T06:10:16.602579136Z
DAT,ProShares Big Data Refiners ETF,stocks,us,ARCX,ETF,True,usd,0001174610,BBG012R6F9P8,BBG012R6FBJ0,2026-08-11T06:10:16.602579206Z
DAUG,FT Vest U.S. Equity Deep Buffer ETF - August,stocks,us,BATS,ETF,True,usd,0001667919,BBG00QQFDYF5,BBG00QQFDZ53,2026-08-11T06:10:16.602579286Z
DAVA,Endava plc American Depositary Shares (each representing one Class A Ordinary Share),stocks,us,XNYS,ADRC,True,usd,0001656081,BBG00LBLBBJ7,BBG00LBLBCB3,2026-08-11T06:10:16.602579366Z
DAVE,Dave Inc. Class A Common Stock,stocks,us,XNAS,CS,True,usd,0001841408,BBG00Z483VQ0,BBG00Z483WM2,2026-08-11T06:10:16.602579446Z
DAVEW,Dave Inc. Warrants,stocks,us,XNAS,WARRANT,True,usd,0001841408,BBG00Z48GTH1,,2026-08-11T06:10:16.602579526Z
DAX,Global X Funds Global X DAX Germany ETF,stocks,us,XNAS,ETF,True,usd,0001432353,BBG00MVW5W00,BBG00MVW5WR1,2026-08-11T06:10:16.602579606Z
DB,Deutsche Bank Aktiengesellschaft,stocks,us,XNYS,CS,True,usd,0001159508,,,2026-08-11T06:10:16.602579687Z
DBA,Invesco DB Agriculture Fund,stocks,us,ARCX,ETV,True,usd,0001383082,BBG000QNKPC9,BBG001SSDLZ6,2026-08-11T06:10:16.602579767Z
DBAW,Xtrackers MSCI All World ex US Hedged Equity ETF,stocks,us,ARCX,ETF,True,usd,0001503123,BBG005TJ1X47,BBG005TJ1X56,2026-08-11T06:10:16.602580168Z
DBB,Invesco DB Base Metals Fund,stocks,us,ARCX,ETV,True,usd,0001383084,BBG000QNK9K6,BBG001SSDLT3,2026-08-11T06:10:16.602580278Z
DBC,Invesco DB Commodity Index Tracking Fund,stocks,us,ARCX,ETV,True,usd,0001328237,BBG000GPM6Y1,BBG001SNZTS4,2026-08-11T06:10:16.602580358Z
DBCA,D. Boral Acquisition I Corp. Class A Ordinary Shares,stocks,us,XNAS,CS,True,usd,0002095161,,,2026-08-11T06:10:16.602580428Z
DBCAU,D. Boral Acquisition I Corp. Unit,stocks,us,XNAS,UNIT,True,usd,0002095161,,,2026-08-11T06:10:16.602580669Z
DBCAW,D. Boral Acquisition I Corp. Warrants,stocks,us,XNAS,WARRANT,True,usd,0002095161,,,2026-08-11T06:10:16.602580749Z
DBD,"Diebold Nixdorf, Incorporated",stocks,us,XNYS,CS,True,usd,0000028823,BBG01HVHYBT6,BBG01HVHYCP8,2026-08-11T06:10:16.602580909Z
DBE,Invesco DB Energy Fund,stocks,us,ARCX,ETV,True,usd,0001383062,BBG000QNBJ15,BBG001SSDL86,2026-08-11T06:10:16.602580989Z
DBEF,Xtrackers MSCI EAFE Hedged Equity ETF,stocks,us,ARCX,ETF,True,usd,0001503123,BBG001QVX940,BBG001S9Z3V8,2026-08-11T06:10:16.602581069Z
DBEM,Xtrackers MSCI Emerging Markets Hedged Equity ETF,stocks,us,ARCX,ETF,True,usd,0001503123,BBG001QWQCK1,BBG001V1QT71,2026-08-11T06:10:16.602581149Z
DBEU,Xtrackers MSCI Europe Hedged Equity ETF,stocks,us,ARCX,ETF,True,usd,0001503123,BBG005BHZSM4,BBG005BHZSN3,2026-08-11T06:10:16.60258123Z
DBEZ,Xtrackers MSCI Eurozone Hedged Equity ETF,stocks,us,ARCX,ETF,True,usd,0001503123,BBG007PNQYZ5,BBG007PNQYY6,2026-08-11T06:10:16.60258131Z
DBGI,"Digital Brands Group, Inc. Common Stock",stocks,us,XNAS,CS,True,usd,0001668010,BBG00S90Q1M3,BBG00S90Q1N2,2026-08-11T06:10:16.60258139Z
DBI,Designer Brands Inc.,stocks,us,XNYS,CS,True,usd,0001319947,BBG000CF8227,BBG001SLWM79,2026-08-11T06:10:16.60258146Z
DBJP,Xtrackers MSCI Japan Hedged Equity ETF,stocks,us,ARCX,ETF,True,usd,0001503123,BBG001QVXFK8,BBG001V1QP15,2026-08-11T06:10:16.60258154Z
DBL,DOUBLELINE OPPORTUNISTIC CREDIT FUND,stocks,us,XNYS,FUND,True,usd,0001525201,BBG001YCYRX0,BBG001YCYSP7,2026-08-11T06:10:16.60258162Z
DBMF,iMGP DBi Managed Futures Strategy ETF,stocks,us,ARCX,ETF,True,usd,0001020425,BBG00P35J7V9,BBG00P35J8L8,2026-08-11T06:10:16.602581701Z
DBND,DoubleLine Opportunistic Core Bond ETF,stocks,us,ARCX,ETF,True,usd,0001886172,BBG016GCZL33,BBG016GCZLY9,2026-08-11T06:10:16.602581781Z
DBO,Invesco DB Oil Fund,stocks,us,ARCX,ETV,True,usd,0001383058,BBG000QNH3T4,BBG001SSDLM0,2026-08-11T06:10:16.602582111Z
DBP,Invesco DB Precious Metals Fund,stocks,us,ARCX,ETV,True,usd,0001383057,BBG000QNJB32,BBG001SSDLP7,2026-08-11T06:10:16.602582191Z
DBRG,"DigitalBridge Group, Inc.",stocks,us,XNYS,CS,True,usd,0001679688,BBG00D30HGP6,BBG00D30HGN8,2026-08-11T06:10:16.602582392Z
DBRGpH,"DigitalBridge Group, Inc. 7.125% Series H Cumulative Redeemable Perpetual Preferred Stock",stocks,us,XNYS,PFD,True,usd,0001679688,,,2026-08-11T06:10:16.602582472Z
DBRGpI,"DigitalBridge Group, Inc. 7.15% Series I Cumulative Redeemable Perpetual Preferred Stock",stocks,us,XNYS,PFD,True,usd,0001679688,,,2026-08-11T06:10:16.602582582Z
DBRGpJ,"DigitalBridge Group, Inc. 7.125% Series J Cumulative Redeemable Perpetual Preferred Stock",stocks,us,XNYS,PFD,True,usd,0001679688,,,2026-08-11T06:10:16.602582652Z
DBVT,DBV Technologies S.A.,stocks,us,XNAS,CS,True,usd,0001613780,BBG0076D3T39,BBG0076D3TV8,2026-08-11T06:10:16.602582732Z
DBX,"Dropbox, Inc. Class A",stocks,us,XNAS,CS,True,usd,0001467623,BBG0018SLDN0,BBG001TFLWN3,2026-08-11T06:10:16.602582813Z
DC,Dakota Gold Corp.,stocks,us,XASE,CS,True,usd,0001852353,BBG0120W17D2,BBG0120W17F0,2026-08-11T06:10:16.602582893Z
DCBG,"Dime Commercial Bancshares, Inc. 9.000% Junior Subordinated Notes",stocks,us,XNYS,SP,True,usd,0000846617,,,2026-08-11T06:10:16.602582973Z
DCBO,Docebo Inc. Common Shares,stocks,us,XNAS,CS,True,usd,0001829959,BBG00QLDXT00,BBG00Q2B1CB5,2026-08-11T06:10:16.602583053Z
DCGO,DocGo Inc. Common Stock,stocks,us,XNAS,CS,True,usd,0001822359,BBG00YB8JBK8,BBG00YB8JBL7,2026-08-11T06:10:16.602583133Z
DCH,Dauch Corporation,stocks,us,XNYS,CS,True,usd,0001062231,BBG000BPYZV2,BBG001S9DR67,2026-08-11T06:10:16.602583213Z
DCI,"Donaldson Company, Inc.",stocks,us,XNYS,CS,True,usd,0000029644,BBG000BGZP70,BBG001S5QDV4,2026-08-11T06:10:16.602583294Z
DCMT,DoubleLine Commodity Strategy ETF,stocks,us,ARCX,ETF,True,usd,0001886172,BBG01L55T281,BBG01L55T343,2026-08-11T06:10:16.602583374Z
DCO,Ducommun Incorporated,stocks,us,XNYS,CS,True,usd,0000030305,BBG000BH02M0,BBG001S5QDZ0,2026-08-11T06:10:16.602583454Z
DCOM,"Dime Commercial Bancshares, Inc.",stocks,us,XNYS,CS,True,usd,0000846617,BBG000BGD220,BBG001S7NTQ4,2026-08-11T06:10:16.602583534Z
DCOMp,"Dime Commercial Bancshares, Inc. Preferred Stock, Series A",stocks,us,XNYS,PFD,True,usd,0000846617,,,2026-08-11T06:10:16.602583614Z
DCOR,Dimensional US Core Equity 1 ETF,stocks,us,ARCX,ETF,True,usd,0001816125,BBG01J6LT967,BBG01J6LTBL5,2026-08-11T06:10:16.602583855Z
DCOY,Decoy Therapeutics Inc. Common Stock,stocks,us,XNAS,CS,True,usd,0001615219,BBG00740LLD5,BBG00740LLF3,2026-08-11T06:10:16.602583945Z
DCRE,DoubleLine Commercial Real Estate Debt ETF,stocks,us,ARCX,ETF,True,usd,0001886172,BBG01G091DL0,BBG01G091FF2,2026-08-11T06:10:16.602584055Z
DCTH,Delcath Systems Inc,stocks,us,XNAS,CS,True,usd,0000872912,BBG000BY2VF5,BBG001S81551,2026-08-11T06:10:16.602584135Z
DCX,Digital Currency X Technology Inc. Class A Ordinary Shares,stocks,us,XNAS,CS,True,usd,0001957413,,,2026-08-11T06:10:16.602584205Z
DD,"DuPont de Nemours, Inc. Common Stock",stocks,us,XNYS,CS,True,usd,0001666700,BBG00BN961G4,BBG00BN961H3,2026-08-11T06:10:16.602584285Z
DDC,DDC Enterprise Limited,stocks,us,XASE,CS,True,usd,0001808110,,,2026-08-11T06:10:16.602584366Z
DDD,3D Systems Corporation,stocks,us,XNYS,CS,True,usd,0000910638,BBG000D42FJ0,BBG001S7FHX1,2026-08-11T06:10:16.602584446Z
DDDD,YieldMax U.S. Stocks Target Double Distribution ETF,stocks,us,ARCX,ETF,True,usd,,BBG01X9ZYF80,BBG01X9ZYG60,2026-08-11T06:10:16.602584526Z
DDEC,FT Vest U.S. Equity Deep Buffer ETF - December,stocks,us,BATS,ETF,True,usd,0001667919,BBG00YGC8Q96,BBG00YGC8R49,2026-08-11T06:10:16.602584606Z
DDFA,Innovator Equity Dual Directional 15 Buffer ETF - April,stocks,us,BATS,ETF,True,usd,0001415726,BBG02196KSH0,BBG02196KV38,2026-08-11T06:10:16.602584696Z
DDFD,Innovator Equity Dual Directional 15 Buffer ETF - December,stocks,us,BATS,ETF,True,usd,0001415726,BBG01YS0WFK2,BBG01YS0WGG5,2026-08-11T06:10:16.602584786Z
DDFF,Innovator Equity Dual Directional 15 Buffer ETF - February,stocks,us,BATS,ETF,True,usd,0001415726,BBG01ZWBZQC2,BBG01ZWBZRQ5,2026-08-11T06:10:16.602584867Z
DDFG,Innovator Equity Dual Directional 15 Buffer ETF - August,stocks,us,BATS,ETF,True,usd,,BBG024102H16,BBG024102J12,2026-08-11T06:10:16.602584947Z
DDFJ,Innovator Equity Dual Directional 15 Buffer ETF - January,stocks,us,BATS,ETF,True,usd,0001415726,BBG01Z9SY3T5,BBG01Z9SY4Q6,2026-08-11T06:10:16.602585027Z
DDFL,Innovator Equity Dual Directional 15 Buffer ETF - July,stocks,us,BATS,ETF,True,usd,0001415726,BBG01VS68PH4,BBG01VS68QC7,2026-08-11T06:10:16.602585097Z
DDFM,Innovator Equity Dual Directional 15 Buffer ETF - March,stocks,us,BATS,ETF,True,usd,0001415726,BBG020LM4J36,BBG020LM4K42,2026-08-11T06:10:16.602585317Z
DDFN,Innovator Equity Dual Directional 15 Buffer ETF - November,stocks,us,BATS,ETF,True,usd,0001415726,BBG01Y787XB7,BBG01Y787YC4,2026-08-11T06:10:16.602585398Z
DDFO,Innovator Equity Dual Directional 15 Buffer ETF - October,stocks,us,BATS,ETF,True,usd,0001415726,BBG01XK5GPP2,BBG01XK5GR41,2026-08-11T06:10:16.602585518Z
DDFS,Innovator Equity Dual Directional 15 Buffer ETF - September,stocks,us,BATS,ETF,True,usd,0001415726,BBG01WYNQ6J8,BBG01WYNQ7D2,2026-08-11T06:10:16.602585598Z
DDFY,Innovator Equity Dual Directional 15 Buffer ETF - May,stocks,us,BATS,ETF,True,usd,0001415726,BBG021ZVPCY7,BBG021ZVPGW0,2026-08-11T06:10:16.602585678Z
DDFZ,Innovator Equity Dual Directional 15 Buffer ETF - June,stocks,us,BATS,ETF,True,usd,0001415726,BBG022MDX9Y7,BBG022MDXCC4,2026-08-11T06:10:16.602585758Z
DDI,"DoubleDown Interactive Co., Ltd. American Depository Shares",stocks,us,XNAS,ADRC,True,usd,0001799567,BBG00V782XX5,BBG00V782YP2,2026-08-11T06:10:16.602585838Z
DDIV,First Trust Exchange-Traded Fund VI First Trust Dorsey Wright Momentum & Dividend ETF,stocks,us,XNAS,ETF,True,usd,0001552740,BBG0063G4D68,BBG0063G4D77,2026-08-11T06:10:16.602585919Z
DDL,Dingdong (Cayman) Limited American Depositary Shares (each two representing three Ordinary Shares),stocks,us,XNYS,ADRC,True,usd,0001854545,BBG011C8VDY5,BBG011C8VG78,2026-08-11T06:10:16.602585999Z
DDLS,WisdomTree Dynamic International SmallCap Equity Fund,stocks,us,BATS,ETF,True,usd,0001350487,BBG00BSYVYD7,BBG00BSYVYC8,2026-08-11T06:10:16.602586079Z
DDM,ProShares Ultra Dow30,stocks,us,ARCX,ETF,True,usd,0001174610,BBG000PNLC01,BBG001SR6HB1,2026-08-11T06:10:16.602586159Z
DDNQ,Innovator Growth-100 Dual Directional 5 Buffer ETF - Quarterly,stocks,us,BATS,ETF,True,usd,0001415726,BBG01Z9SYH23,BBG01Z9SYHZ7,2026-08-11T06:10:16.602586239Z
DDOG,"Datadog, Inc. Class A Common Stock",stocks,us,XNAS,CS,True,usd,0001561550,BBG003NJHZT9,BBG003NJHZW5,2026-08-11T06:10:16.602586319Z
DDS,Dillards Inc.,stocks,us,XNYS,CS,True,usd,0000028917,BBG000BS4MP5,BBG001S5VNW5,2026-08-11T06:10:16.6025864Z
DDSQ,Innovator Equity Dual Directional 5 Buffer ETF - Quarterly,stocks,us,BATS,ETF,True,usd,0001415726,BBG01Z9SSHP5,BBG01Z9SSQY5,2026-08-11T06:10:16.60258648Z
DDT,Dillard's Capital Trust I 7.50% Capital Securities,stocks,us,XNYS,SP,True,usd,0000028917,,,2026-08-11T06:10:16.60258656Z
DDTA,Innovator Equity Dual Directional 10 Buffer ETF - April,stocks,us,BATS,ETF,True,usd,0001415726,BBG0218C3GH3,BBG0218C3HG2,2026-08-11T06:10:16.60258679Z
DDTD,Innovator Equity Dual Directional 10 Buffer ETF - December,stocks,us,BATS,ETF,True,usd,0001415726,BBG01YS0WQ19,BBG01YS0WQZ2,2026-08-11T06:10:16.60258687Z
DDTF,Innovator Equity Dual Directional 10 Buffer ETF - February,stocks,us,BATS,ETF,True,usd,0001415726,BBG01ZWDJ694,BBG01ZWDJ7F5,2026-08-11T06:10:16.602587031Z
DDTG,Innovator Equity Dual Directional 10 Buffer ETF - August,stocks,us,BATS,ETF,True,usd,,BBG0240ZX0T3,BBG0240ZX1R3,2026-08-11T06:10:16.602587141Z
DDTJ,Innovator Equity Dual Directional 10 Buffer ETF - January,stocks,us,BATS,ETF,True,usd,0001415726,BBG01Z9STDC7,BBG01Z9STG21,2026-08-11T06:10:16.602587221Z
DDTL,Innovator Equity Dual Directional 10 Buffer ETF - July,stocks,us,BATS,ETF,True,usd,0001415726,BBG01VS63T09,BBG01VS63V04,2026-08-11T06:10:16.602587301Z
DDTM,Innovator Equity Dual Directional 10 Buffer ETF - March,stocks,us,BATS,ETF,True,usd,0001415726,BBG020LMJYD6,BBG020LMK0G5,2026-08-11T06:10:16.602587381Z
DDTN,Innovator Equity Dual Directional 10 Buffer ETF - November,stocks,us,BATS,ETF,True,usd,0001415726,BBG01Y77WMG0,BBG01Y77WND1,2026-08-11T06:10:16.602587462Z
DDTO,Innovator Equity Dual Directional 10 Buffer ETF - October,stocks,us,BATS,ETF,True,usd,0001415726,BBG01XK58WD9,BBG01XK58XC8,2026-08-11T06:10:16.602587542Z
DDTS,Innovator Equity Dual Directional 10 Buffer ETF - September,stocks,us,BATS,ETF,True,usd,0001415726,BBG01WYNJG22,BBG01WYNJH20,2026-08-11T06:10:16.602587622Z
DDTY,Innovator Equity Dual Directional 10 Buffer ETF - May,stocks,us,BATS,ETF,True,usd,0001415726,BBG021ZV8Z20,BBG021ZV9348,2026-08-11T06:10:16.602587692Z
DDTZ,Innovator Equity Dual Directional 10 Buffer ETF - June,stocks,us,BATS,ETF,True,usd,0001415726,BBG022MDQC78,BBG022MDQDC0,2026-08-11T06:10:16.602587782Z
DDV,Defined Duration 5 ETF,stocks,us,BATS,ETF,True,usd,,BBG01YFW6331,BBG01YFW6411,2026-08-11T06:10:16.602587862Z
DDWM,WisdomTree Dynamic International Equity Fund,stocks,us,BATS,ETF,True,usd,0001350487,BBG00BSZ29K3,BBG00BSZ29J5,2026-08-11T06:10:16.602587983Z
DDX,Defined Duration 10 ETF,stocks,us,BATS,ETF,True,usd,,BBG012LRHG98,BBG012LRHH41,2026-08-11T06:10:16.602588073Z
DDXX,Defined Duration 20 ETF,stocks,us,BATS,ETF,True,usd,,BBG01YFWBSM9,BBG01YFWBTK9,2026-08-11T06:10:16.602588143Z
DE,Deere & Company,stocks,us,XNYS,CS,True,usd,0000315189,BBG000BH1NH9,BBG001S5QFF7,2026-08-11T06:10:16.602588514Z
DEA,"Easterly Government Properties, Inc.",stocks,us,XNYS,CS,True,usd,0001622194,BBG007SV91V9,BBG007SV91T2,2026-08-11T06:10:16.602588584Z
DEC,Diversified Energy Company,stocks,us,XNYS,CS,True,usd,0001922446,BBG01YJLV627,BBG01YJLV654,2026-08-11T06:10:16.602588694Z
DECK,Deckers Outdoor Corp,stocks,us,XNYS,CS,True,usd,0000910521,BBG000BKXYX5,BBG001S7GXB9,2026-08-11T06:10:16.602588774Z
DECM,FT Vest U.S. Equity Max Buffer ETF - December,stocks,us,BATS,ETF,True,usd,0001667919,BBG01R40MN45,BBG01R40MNZ1,2026-08-11T06:10:16.602588854Z
DECO,SSGA Active Trust State Street Galaxy Digital Asset Ecosystem ETF,stocks,us,XNAS,ETF,True,usd,0001516212,BBG01PNQ66D6,BBG01PNQ6780,2026-08-11T06:10:16.602588924Z
DECP,PGIM S&P 500 Buffer 12 ETF - December,stocks,us,BATS,ETF,True,usd,,BBG01MQT5TF3,BBG01MQT5WD8,2026-08-11T06:10:16.602589005Z
DECT,AllianzIM U.S. Equity Buffer10 Dec ETF,stocks,us,BATS,ETF,True,usd,0001797318,BBG01BM23J82,BBG01BM23K43,2026-08-11T06:10:16.602589085Z
DECU,AllianzIM U.S. Equity Buffer15 Uncapped Dec ETF,stocks,us,BATS,ETF,True,usd,0001797318,BBG01R0JSJL2,BBG01R0JSKK0,2026-08-11T06:10:16.602589165Z
DECW,AllianzIM U.S. Equity Buffer20 Dec ETF,stocks,us,BATS,ETF,True,usd,0001797318,BBG01BM21FF4,BBG01BM21GB6,2026-08-11T06:10:16.602589245Z
DECZ,TrueShares Structured Outcome (December) ETF,stocks,us,BATS,ETF,True,usd,0001776878,BBG01WJZKHH2,BBG01WJZKJD2,2026-08-11T06:10:16.602589325Z
DEED,First Trust Securitized Plus ETF,stocks,us,ARCX,ETF,True,usd,0001667919,BBG00TDPP142,BBG00TDPP1W1,2026-08-11T06:10:16.602589405Z
DEEF,Xtrackers FTSE Developed ex US Multifactor ETF,stocks,us,ARCX,ETF,True,usd,0001503123,BBG00BFJ9KT2,BBG00BFJ9KV9,2026-08-11T06:10:16.602589486Z
DEEP,Acquirers Small and Micro Deep Value ETF,stocks,us,ARCX,ETF,True,usd,0001539639,BBG0074VLYQ5,BBG0074VLYR4,2026-08-11T06:10:16.602589556Z
DEFI,Hashdex Commodities Trust,stocks,us,ARCX,ETV,True,usd,0001985840,BBG01KTWD6D0,BBG01KTWD775,2026-08-11T06:10:16.602589636Z
DEFR,Aptus Deferred Income ETF,stocks,us,BATS,ETF,True,usd,0001539639,BBG01TYXJ2C7,BBG01TYXJ3Y1,2026-08-11T06:10:16.602589716Z
DEFT,"Defi Technologies, Inc.",stocks,us,XNAS,CS,True,usd,0001888274,BBG000CB5WY8,BBG001SC80T0,2026-08-11T06:10:16.602590027Z
DEHP,Dimensional Emerging Markets High Profitability ETF,stocks,us,ARCX,ETF,True,usd,0001816125,BBG017156CY0,BBG017156DS5,2026-08-11T06:10:16.602590107Z
DEI,"Douglas Emmett, Inc.",stocks,us,XNYS,CS,True,usd,0001364250,BBG000PN1SJ8,BBG001SR5X72,2026-08-11T06:10:16.602590217Z
DELL,Dell Technologies Inc.,stocks,us,XNYS,CS,True,usd,0001571996,BBG00DW3SZS1,BBG00DW3SZT0,2026-08-11T06:10:16.602590297Z
DEM,WisdomTree Emerging Markets High Dividend Fund,stocks,us,ARCX,ETF,True,usd,0001350487,BBG000RPWS52,BBG001SV1SY8,2026-08-11T06:10:16.602590377Z
DEMZ,The Advisors' Inner Circle Fund III Democratic Large Cap Core ETF,stocks,us,XNAS,ETF,True,usd,,BBG00Y29K750,BBG00Y29K803,2026-08-11T06:10:16.602590457Z
DEO,Diageo plc,stocks,us,XNYS,ADRC,True,usd,0000835403,BBG000BWZQL7,BBG001S7V596,2026-08-11T06:10:16.602590548Z
DERM,Journey Medical Corporation Common Stock,stocks,us,XNAS,CS,True,usd,0001867066,BBG00ZWVDRK2,BBG00ZWVDRL1,2026-08-11T06:10:16.602590628Z
DES,WisdomTree U.S. SmallCap Dividend Fund,stocks,us,ARCX,ETF,True,usd,0001350487,BBG000BSVCK2,BBG001SHKFX7,2026-08-11T06:10:16.602590708Z
DESK,VanEck Office and Commercial REIT ETF,stocks,us,ARCX,ETF,True,usd,0001137360,BBG01J9TKRL9,BBG01J9TKSG3,2026-08-11T06:10:16.602590788Z
DETX,"Liberty Defense Holdings, Ltd. Common Shares",stocks,us,XNAS,CS,True,usd,0001919776,BBG00NWM9639,BBG0043D38Q0,2026-08-11T06:10:16.602590868Z
DEUS,Xtrackers Russell US Multifactor ETF,stocks,us,ARCX,ETF,True,usd,0001503123,BBG00BFJ8XC3,BBG00BFJ8XB4,2026-08-11T06:10:16.602590948Z
DEW,WisdomTree Global High Dividend Fund,stocks,us,ARCX,ETF,True,usd,0001350487,BBG000BSV1K6,BBG001SHKFW8,2026-08-11T06:10:16.602591028Z
DEXC,Dimensional Emerging Markets ex China Core Equity ETF,stocks,us,ARCX,ETF,True,usd,0001816125,BBG01PK0L9D3,BBG01PK0LBB0,2026-08-11T06:10:16.602591109Z
DFAC,Dimensional U.S. Core Equity 2 ETF,stocks,us,ARCX,ETF,True,usd,0001816125,BBG011DXY5J0,BBG011DXY6D4,2026-08-11T06:10:16.602591189Z
DFAE,Dimensional Emerging Core Equity Market ETF,stocks,us,ARCX,ETF,True,usd,0001816125,BBG00Y2PHV55,BBG00Y2PHW26,2026-08-11T06:10:16.602591269Z
DFAI,Dimensional International Core Equity Market ETF,stocks,us,ARCX,ETF,True,usd,0001816125,BBG00Y2PGCR4,BBG00Y2PGDN6,2026-08-11T06:10:16.602591459Z
DFAL,Dimensional US Large Cap Core Equity Market ETF,stocks,us,BATS,ETF,True,usd,0001816125,BBG022YHCXD8,BBG022YHCYG3,2026-08-11T06:10:16.60259164Z
DFAR,Dimensional US Real Estate ETF,stocks,us,ARCX,ETF,True,usd,0001816125,BBG015GTL5V7,BBG015GTL6R0,2026-08-11T06:10:16.60259172Z
DFAS,Dimensional U.S. Small Cap ETF,stocks,us,ARCX,ETF,True,usd,0001816125,BBG011DXXTS9,BBG011DXXVM0,2026-08-11T06:10:16.60259183Z
DFAT,Dimensional U.S. Targeted Value ETF,stocks,us,ARCX,ETF,True,usd,0001816125,BBG011DXXZC2,BBG011DXY0L8,2026-08-11T06:10:16.60259194Z
DFAU,Dimensional US Core Equity Market ETF,stocks,us,ARCX,ETF,True,usd,0001816125,BBG00Y2JFZG0,BBG00Y2JG0C0,2026-08-11T06:10:16.60259202Z
DFAW,Dimensional World Equity ETF,stocks,us,ARCX,ETF,True,usd,0001816125,BBG01J9W23X2,BBG01J9W24S6,2026-08-11T06:10:16.602592101Z
DFAX,Dimensional World ex U.S. Core Equity 2 ETF,stocks,us,ARCX,ETF,True,usd,0001816125,BBG012G2PC71,BBG012G2PD33,2026-08-11T06:10:16.602592171Z
DFCA,Dimensional California Municipal Bond ETF,stocks,us,ARCX,ETF,True,usd,0001816125,BBG01H4ZQZ30,BBG01H4ZQZZ5,2026-08-11T06:10:16.602592381Z
DFCF,Dimensional Core Fixed Income ETF,stocks,us,ARCX,ETF,True,usd,0001816125,BBG01254CK66,BBG01254CL28,2026-08-11T06:10:16.602592461Z
DFDV,DeFi Development Corp. Common Stock,stocks,us,XNAS,CS,True,usd,0001805526,BBG01B2HGF49,BBG01B2HGG01,2026-08-11T06:10:16.602592591Z
DFDVW,DeFi Development Corp. Warrant,stocks,us,XNAS,WARRANT,True,usd,0001805526,BBG01XSZFZ95,,2026-08-11T06:10:16.602592662Z
DFE,WisdomTree Europe SmallCap Dividend Fund,stocks,us,ARCX,ETF,True,usd,0001350487,BBG000BT0PS7,BBG001SHL425,2026-08-11T06:10:16.602592742Z
DFEB,FT Vest U.S. Equity Deep Buffer ETF - February,stocks,us,BATS,ETF,True,usd,0001667919,BBG00RPLC422,BBG00RPLC4T3,2026-08-11T06:10:16.602592822Z
DFEM,Dimensional Emerging Markets Core Equity 2 ETF,stocks,us,ARCX,ETF,True,usd,0001816125,BBG017159LH6,BBG017159MD8,2026-08-11T06:10:16.602592902Z
DFEN,Direxion Daily Aerospace & Defense Bull 3X ETF,stocks,us,ARCX,ETF,True,usd,0001424958,BBG00GM464T5,BBG00GM465J3,2026-08-11T06:10:16.602592982Z
DFEV,Dimensional Emerging Markets Value ETF,stocks,us,ARCX,ETF,True,usd,0001816125,BBG017158FN3,BBG017158GJ6,2026-08-11T06:10:16.602593213Z
DFGP,Dimensional Global Core Plus Fixed Income ETF,stocks,us,XNAS,ETF,True,usd,0001816125,BBG01JXC17H9,BBG01JXC18B3,2026-08-11T06:10:16.602593293Z
DFGR,Dimensional Global Real Estate ETF,stocks,us,ARCX,ETF,True,usd,0001816125,BBG01BN60N59,BBG01BN60P09,2026-08-11T06:10:16.602593433Z
DFGX,Dimensional ETF Trust Dimensional International Core Fixed Income ETF,stocks,us,XNAS,ETF,True,usd,0001816125,BBG01JY7QVD3,BBG01JY7QW78,2026-08-11T06:10:16.602593543Z
DFH,"Dream Finders Homes, Inc.",stocks,us,XNYS,CS,True,usd,0001825088,BBG00YN8LKP7,BBG00YN8LKQ6,2026-08-11T06:10:16.602593654Z
DFIC,Dimensional International Core Equity 2 ETF,stocks,us,BATS,ETF,True,usd,0001816125,BBG01631TMJ9,BBG01631TNW2,2026-08-11T06:10:16.602593724Z
DFII,FT Vest Bitcoin Strategy & Target Income ETF,stocks,us,ARCX,ETF,True,usd,0001329377,BBG01T3ZD0F3,BBG01T3ZD198,2026-08-11T06:10:16.602593804Z
DFIN,"Donnelley Financial Solutions, Inc.",stocks,us,XNYS,CS,True,usd,0001669811,BBG009R0CT58,BBG009R0CT67,2026-08-11T06:10:16.602593884Z
DFIP,Dimensional Inflation-Protected Securities ETF,stocks,us,ARCX,ETF,True,usd,0001816125,BBG01254JZL9,BBG01254K0G0,2026-08-11T06:10:16.602593994Z
DFIS,Dimensional International Small Cap ETF,stocks,us,BATS,ETF,True,usd,0001816125,BBG01633DTZ9,BBG01633DW64,2026-08-11T06:10:16.602594074Z
DFIV,Dimensional International Value ETF,stocks,us,ARCX,ETF,True,usd,0001816125,BBG012G21X53,BBG012G21Y06,2026-08-11T06:10:16.602594155Z
DFJ,WisdomTree Japan SmallCap Dividend Fund,stocks,us,ARCX,ETF,True,usd,0001350487,BBG000BT2803,BBG001SHL7C7,2026-08-11T06:10:16.602594225Z
DFLI,Dragonfly Energy Holdings Corp. Common Stock (NV),stocks,us,XNAS,CS,True,usd,0001847986,BBG00ZMZ47B8,BBG00ZMZ4862,2026-08-11T06:10:16.602594305Z
DFLIW,Dragonfly Energy Holdings Corp. Warrant,stocks,us,XNAS,WARRANT,True,usd,0001847986,BBG00ZRZRFZ4,,2026-08-11T06:10:16.602594395Z
DFLV,Dimensional US Large Cap Value ETF,stocks,us,ARCX,ETF,True,usd,0001816125,BBG01BN5Z0F2,BBG01BN5Z188,2026-08-11T06:10:16.602594475Z
DFMC,U.S. Micro Cap Portfolio ETF Class Shares,stocks,us,ARCX,ETF,True,usd,,BBG020CVN2M1,BBG020CVN633,2026-08-11T06:10:16.602594565Z
DFNL,Davis Select Financial ETF,stocks,us,BATS,ETF,True,usd,,BBG00FNFQS25,BBG00FNFQST6,2026-08-11T06:10:16.602594756Z
DFNM,Dimensional National Municipal Bond ETF,stocks,us,ARCX,ETF,True,usd,0001816125,BBG012558M00,BBG012558MV6,2026-08-11T06:10:16.602594836Z
DFNS,T3 Defense Inc. Common Stock,stocks,us,XNAS,CS,True,usd,0001787518,BBG00SHZKZD8,BBG00SHZKZF6,2026-08-11T06:10:16.602594976Z
DFNSW,T3 Defense Inc. Warrants,stocks,us,XNAS,WARRANT,True,usd,0001787518,BBG00W7FRPH5,,2026-08-11T06:10:16.602595056Z
DFP,FLAHERTY & CRUMRINE DYNAMIC PREFERRED AND INCOME FUND INCORPORATED,stocks,us,XNYS,FUND,True,usd,0001559991,BBG004M1VY05,BBG004M1VZ20,2026-08-11T06:10:16.602595136Z
DFSB,Dimensional Global Sustainability Fixed Income ETF,stocks,us,ARCX,ETF,True,usd,0001816125,BBG01BGVFZ40,BBG01BGVG000,2026-08-11T06:10:16.602595217Z
DFSC,DEFSEC Technologies Inc. Common Stock,stocks,us,XNAS,CS,True,usd,0001889823,BBG00Y2J0X44,BBG00K56JPN5,2026-08-11T06:10:16.602595297Z
DFSCW,DEFSEC Technologies Inc. Warrant,stocks,us,XNAS,WARRANT,True,usd,0001889823,BBG01BTSQR85,,2026-08-11T06:10:16.602595377Z
DFSD,Dimensional Short-Duration Fixed Income ETF,stocks,us,ARCX,ETF,True,usd,0001816125,BBG01254JD10,BBG01254JDW6,2026-08-11T06:10:16.602595507Z
DFSE,Dimensional Emerging Markets Sustainability Core 1 ETF,stocks,us,ARCX,ETF,True,usd,0001816125,BBG01B92W6X5,BBG01B92W7S9,2026-08-11T06:10:16.602595768Z
DFSI,Dimensional International Sustainability Core 1 ETF,stocks,us,ARCX,ETF,True,usd,0001816125,BBG01B92VSY7,BBG01B92VTS2,2026-08-11T06:10:16.602595848Z
DFSU,Dimensional US Sustainability Core 1 ETF,stocks,us,ARCX,ETF,True,usd,0001816125,BBG01B92NGR0,BBG01B92NHL4,2026-08-11T06:10:16.602595928Z
DFSV,Dimensional US Small Cap Value ETF,stocks,us,ARCX,ETF,True,usd,0001816125,BBG015DG3DM1,BBG015DG3GG1,2026-08-11T06:10:16.602595998Z
DFTT,DF Tactical 30 ETF,stocks,us,ARCX,ETF,True,usd,,BBG01YDNR704,BBG01YDNR7Z6,2026-08-11T06:10:16.602596088Z
DFTX,"Definium Therapeutics, Inc. Common Shares",stocks,us,XNAS,CS,True,usd,0001813814,BBG00F13HYQ7,BBG001TCSL84,2026-08-11T06:10:16.602596168Z
DFUS,Dimensional U.S. Equity Market ETF,stocks,us,ARCX,ETF,True,usd,0001816125,BBG011DXXMP7,BBG011DXXNJ2,2026-08-11T06:10:16.602596249Z
DFUV,Dimensional US Marketwide Value ETF,stocks,us,ARCX,ETF,True,usd,0001816125,BBG0177CTPJ2,BBG0177CTQC7,2026-08-11T06:10:16.602596469Z
DFVE,DoubleLine Fortune 500 Equal Weight ETF,stocks,us,ARCX,ETF,True,usd,0001886172,BBG01L55HZK7,BBG01L55J0F8,2026-08-11T06:10:16.602596549Z
DFVX,Dimensional US Large Cap Vector ETF,stocks,us,ARCX,ETF,True,usd,0001816125,BBG01JXBYNY1,BBG01JXBYPV9,2026-08-11T06:10:16.602596709Z
DG,Dollar General Corp.,stocks,us,XNYS,CS,True,usd,0000029534,BBG000NV1KK7,BBG001T5BM30,2026-08-11T06:10:16.60259679Z
DGAC,Disciplined Growth Acquisition Corporation,stocks,us,XNYS,CS,True,usd,0002111038,,,2026-08-11T06:10:16.60259687Z
DGAC.U,"Disciplined Growth Acquisition Corporation Units, each consisting of one Class A Ordinary Share and one Right",stocks,us,XNYS,UNIT,True,usd,0002111038,,,2026-08-11T06:10:16.60259695Z
DGACr,"Disciplined Growth Acquisition Corporation Rights, each right entitling the holder to receive one-fourth (1/4) of one Class A ordinary share",stocks,us,XNYS,RIGHT,True,usd,0002111038,,,2026-08-11T06:10:16.60259703Z
DGAP,FT Vest U.S. Equity Buffer & Digital Return ETF - April,stocks,us,BATS,ETF,True,usd,0001667919,BBG021MHH5G6,BBG021MHH6N6,2026-08-11T06:10:16.60259711Z
DGCB,Dimensional Global Credit ETF,stocks,us,XNAS,ETF,True,usd,0001816125,BBG01JX91HJ2,BBG01JX91JD4,2026-08-11T06:10:16.602597301Z
DGICA,Donegal Group Inc,stocks,us,XNAS,CS,True,usd,0000800457,BBG000JQJC22,BBG001SHRMC8,2026-08-11T06:10:16.602597381Z
DGICB,Donegal Group Inc,stocks,us,XNAS,CS,True,usd,0000800457,BBG000JQLYJ3,BBG001SD41P4,2026-08-11T06:10:16.602597501Z
DGII,Digi International Inc,stocks,us,XNAS,CS,True,usd,0000854775,BBG000BZ50L0,BBG001S5Z4V4,2026-08-11T06:10:16.602597581Z
DGIN,VanEck Digital India ETF,stocks,us,ARCX,ETF,True,usd,0001137360,BBG015C8SN50,BBG015C8SP46,2026-08-11T06:10:16.602597661Z
DGJA,FT Vest U.S. Equity Buffer & Digital Return ETF - January,stocks,us,BATS,ETF,True,usd,0001667919,BBG01ZHF8HY6,BBG01ZHF8JV5,2026-08-11T06:10:16.602597731Z
DGJL,FT Vest U.S. Equity Buffer & Digital Return ETF - July,stocks,us,BATS,ETF,True,usd,0001667919,BBG023S7KQD1,BBG023S7KRK1,2026-08-11T06:10:16.602597812Z
DGLO,First Trust RBA Deglobalization ETF,stocks,us,XNAS,ETF,True,usd,0001552740,BBG01WHYNN18,BBG01WHYNNY2,2026-08-11T06:10:16.602597902Z
DGNX,Diginex Limited Ordinary Shares,stocks,us,XNAS,CS,True,usd,0002010499,,,2026-08-11T06:10:16.602598112Z
DGOC,FT Vest U.S. Equity Buffer & Digital Return ETF - October,stocks,us,BATS,ETF,True,usd,0001667919,BBG01XVYZ687,BBG01XVYZ7B1,2026-08-11T06:10:16.602598192Z
DGP,"DB Gold Double Long ETN due February 15, 2038",stocks,us,ARCX,ETN,True,usd,0001159508,BBG000BB2G86,BBG001S5R9N1,2026-08-11T06:10:16.602598333Z
DGRE,WisdomTree Trust WisdomTree Emerging Markets Quality Dividend Growth Fund,stocks,us,XNAS,ETF,True,usd,0001350487,BBG004X8X0L7,BBG004X8X0K8,2026-08-11T06:10:16.602598433Z
DGRO,iShares Core Dividend Growth ETF,stocks,us,ARCX,ETF,True,usd,0001100663,BBG006MJFZJ6,BBG006MJFZK4,2026-08-11T06:10:16.602598513Z
DGRS,WisdomTree Trust WisdomTree U.S. SmallCap Quality Dividend Growth Fund,stocks,us,XNAS,ETF,True,usd,0001350487,BBG004WG0DR2,BBG004WG0DQ3,2026-08-11T06:10:16.602598593Z
DGRW,WisdomTree Trust WisdomTree U.S. Quality Dividend Growth Fund,stocks,us,XNAS,ETF,True,usd,0001350487,BBG004LMH377,BBG004LMH3Z6,2026-08-11T06:10:16.602598673Z
DGS,WisdomTree Emerging Markets SmallCap Dividend Fund,stocks,us,ARCX,ETF,True,usd,0001021249,BBG000Q3FFR5,BBG001SRPT24,2026-08-11T06:10:16.602598743Z
DGT,State Street SPDR Global Dow ETF,stocks,us,ARCX,ETF,True,usd,0001064642,BBG000C9KLL4,BBG001SG4257,2026-08-11T06:10:16.602598823Z
DGX,Quest Diagnostics Inc.,stocks,us,XNYS,CS,True,usd,0001022079,BBG000BN84F3,BBG001S9GX43,2026-08-11T06:10:16.602598904Z
DGXX,Digi Power X Inc. Subordinate Voting Shares,stocks,us,XNAS,CS,True,usd,0001854368,BBG00JKZGTM3,BBG00JHWN5W7,2026-08-11T06:10:16.602598994Z
DGZ,"DB Gold Short ETN due February 15, 2038",stocks,us,ARCX,ETN,True,usd,0001159508,BBG000BW0YK9,BBG001SJ3M58,2026-08-11T06:10:16.602599074Z
DH,Definitive Healthcare Corp. Class A Common Stock,stocks,us,XNAS,CS,True,usd,0001861795,BBG01282ZJM7,BBG01282ZKG1,2026-08-11T06:10:16.602599154Z
DHC,Diversified Healthcare Trust Common Shares of Beneficial Interest,stocks,us,XNAS,FUND,True,usd,0001075415,BBG000BM2GS0,BBG001S8MCB6,2026-08-11T06:10:16.602599234Z
DHCNI,Diversified Healthcare Trust 5.625% Senior Notes due 2042,stocks,us,XNAS,CS,True,usd,0001075415,,,2026-08-11T06:10:16.602599314Z
DHCNL,Diversified Healthcare Trust 6.25% Senior Notes Due 2046,stocks,us,XNAS,CS,True,usd,0001075415,,,2026-08-11T06:10:16.602599405Z
DHDG,FT Vest U.S. Equity Quarterly 2.5 to 15 Buffer ETF,stocks,us,BATS,ETF,True,usd,0001667919,BBG01QDDS873,BBG01QDDS926,2026-08-11T06:10:16.602599625Z
DHF,BNY Mellon High Yield Strategies Fund,stocks,us,XNYS,FUND,True,usd,0001057861,BBG000C2LBM9,BBG001SBTYG9,2026-08-11T06:10:16.602599715Z
DHI,D.R. Horton Inc.,stocks,us,XNYS,CS,True,usd,0000882184,BBG000DQTXY6,BBG001S8M692,2026-08-11T06:10:16.602599825Z
DHLX,Diamond Hill Large Cap Concentrated ETF,stocks,us,ARCX,ETF,True,usd,,BBG01XHH7155,BBG01XHH72M4,2026-08-11T06:10:16.602599906Z
DHR,Danaher Corporation,stocks,us,XNYS,CS,True,usd,0000313616,BBG000BH3JF8,BBG001S5QGT0,2026-08-11T06:10:16.602599986Z
DHS,WisdomTree U.S. High Dividend Fund,stocks,us,ARCX,ETF,True,usd,0001350487,BBG000BSXYW9,BBG001SHKNX0,2026-08-11T06:10:16.602600066Z
DHSB,Day Hagan Smart Buffer ETF,stocks,us,ARCX,ETF,True,usd,,BBG01S8HTYJ5,BBG01S8HTZH4,2026-08-11T06:10:16.602600146Z
DHT,"DHT HOLDINGS, INC.",stocks,us,XNYS,CS,True,usd,0001331284,,,2026-08-11T06:10:16.602600226Z
DHX,"DHI Group, Inc.",stocks,us,XNYS,CS,True,usd,0001393883,BBG000Q9Y1B9,BBG001SRZL39,2026-08-11T06:10:16.602600306Z
DHY,Credit Suisse High Yield Credit Fund,stocks,us,XASE,FUND,True,usd,0001061353,BBG000BBY5P6,BBG001S5Y2J3,2026-08-11T06:10:16.602600376Z
DIA,State Street SPDR Dow Jones Industrial Average ETF Trust,stocks,us,ARCX,ETF,True,usd,0001041130,BBG000BTDS98,BBG001S8LH99,2026-08-11T06:10:16.602600457Z
DIAL,Columbia Diversified Fixed Income Allocation ETF,stocks,us,ARCX,ETF,True,usd,0001551950,BBG00HY5VRN4,BBG00HY5VSC4,2026-08-11T06:10:16.602600537Z
DIBS,"1stdibs.com, Inc. Common Stock",stocks,us,XNAS,CS,True,usd,0001600641,BBG00331G2M1,BBG00331G2N0,2026-08-11T06:10:16.602600617Z
DIEM,Franklin Emerging Market Core Dividend Tilt Index ETF,stocks,us,ARCX,ETF,True,usd,0001655589,BBG00D0YKT46,BBG00D0YKT55,2026-08-11T06:10:16.602600697Z
DIG,ProShares Ultra Energy,stocks,us,ARCX,ETF,True,usd,0001174610,BBG000QXFNY4,BBG001SSTCM3,2026-08-11T06:10:16.602600777Z
DIHP,Dimensional International High Profitability ETF,stocks,us,BATS,ETF,True,usd,0001816125,BBG01636J249,BBG01636J356,2026-08-11T06:10:16.602600857Z
DIM,WisdomTree International MidCap Dividend Fund,stocks,us,ARCX,ETF,True,usd,0001350487,BBG000BT3Z93,BBG001SHL8G1,2026-08-11T06:10:16.602601098Z
DIME,CoinShares ETF Trust CoinShares Altcoins ETF,stocks,us,XNAS,ETF,True,usd,,BBG01T5YKL60,BBG01T5YKM59,2026-08-11T06:10:16.602601178Z
DIN,"Dine Brands Global, Inc.",stocks,us,XNYS,CS,True,usd,0000049754,BBG000GZ9406,BBG001SD46L7,2026-08-11T06:10:16.602601318Z
DINE,Simplify Tax Aware Diversified Income Strategy ETF,stocks,us,XNAS,ETF,True,usd,0001810747,BBG0222LFMG2,BBG0222LFNH9,2026-08-11T06:10:16.602601408Z
DINO,HF Sinclair Corporation,stocks,us,XNYS,CS,True,usd,0001915657,BBG0135B2214,BBG0135B2269,2026-08-11T06:10:16.602601479Z
DINT,Davis Select International ETF,stocks,us,BATS,ETF,True,usd,,BBG00K6R6182,BBG00K6R6208,2026-08-11T06:10:16.602601559Z
DIOD,Diodes Inc,stocks,us,XNAS,CS,True,usd,0000029002,BBG000G25P51,BBG001SCJ937,2026-08-11T06:10:16.602601639Z
DIPR,Corgi Space & Satellite Communications ETF,stocks,us,BATS,ETF,True,usd,0002078265,BBG0223CHY46,BBG0223CHZD3,2026-08-11T06:10:16.602601719Z
DIPS,YieldMax Short NVDA Option Income Strategy ETF,stocks,us,ARCX,ETS,True,usd,0001924868,BBG01NSHTH65,BBG01NSHTJN2,2026-08-11T06:10:16.602601799Z
DIS,The Walt Disney Company,stocks,us,XNYS,CS,True,usd,0001744489,BBG000BH4R78,BBG001S5QHF3,2026-08-11T06:10:16.602601879Z
DISK,Tema Memory ETF,stocks,us,ARCX,ETF,True,usd,0002056807,BBG022NPKFK4,BBG022NPKGX8,2026-08-11T06:10:16.60260196Z
DISV,Dimensional International Small Cap Value ETF,stocks,us,BATS,ETF,True,usd,0001816125,BBG01633Y1G8,BBG01633Y2Y6,2026-08-11T06:10:16.60260204Z
DIT,AMCON Distributing Co.,stocks,us,XASE,CS,True,usd,0000928465,BBG000JWS4F3,BBG001S65KK1,2026-08-11T06:10:16.60260212Z
DIV,Global X SuperDividend U.S. ETF,stocks,us,ARCX,ETF,True,usd,0001432353,BBG00475RFB7,BBG00475RG25,2026-08-11T06:10:16.60260219Z
DIVB,iShares Core Dividend ETF,stocks,us,BATS,ETF,True,usd,0002012383,BBG00J5M0FL7,BBG00J5M0G99,2026-08-11T06:10:16.60260228Z
DIVD,Altrius Global Dividend ETF,stocks,us,XNAS,ETF,True,usd,,BBG019RXTK83,BBG019RXTL36,2026-08-11T06:10:16.60260236Z
DIVE,Dana Concentrated Dividend ETF,stocks,us,ARCX,ETF,True,usd,0001742912,BBG01X069752,BBG01X069841,2026-08-11T06:10:16.602602611Z
DIVG,Invesco S&P 500 High Dividend Growers ETF,stocks,us,ARCX,ETF,True,usd,0000914208,BBG01K8BWH99,BBG01K8BWJD0,2026-08-11T06:10:16.602602691Z
DIVI,Franklin International Core Dividend Tilt Index ETF,stocks,us,ARCX,ETF,True,usd,0001655589,BBG00D0YL0Z4,BBG00D0YL0Y5,2026-08-11T06:10:16.602602881Z
DIVL,Madison Dividend Value ETF,stocks,us,ARCX,ETF,True,usd,,BBG01HWNYJX0,BBG01HWNYKS3,2026-08-11T06:10:16.602602961Z
DIVN,Horizon Dividend Income ETF,stocks,us,BATS,ETF,True,usd,,BBG01VR38YF5,BBG01VR38ZF2,2026-08-11T06:10:16.602603052Z
DIVO,Amplify CWP Enhanced Dividend Income ETF,stocks,us,ARCX,ETF,True,usd,0001633061,BBG00FJ5P7F5,BBG00FJ5P854,2026-08-11T06:10:16.602603132Z
DIVP,Cullen Enhanced Equity Income ETF,stocks,us,ARCX,ETF,True,usd,,BBG01LTKFCF7,BBG01LTKFD92,2026-08-11T06:10:16.602603212Z
DIVS,Guinness Atkinson Dividend Builder ETF,stocks,us,ARCX,ETF,True,usd,,BBG00ZV186P6,BBG00ZV187J1,2026-08-11T06:10:16.602603292Z
DIVY,Sound Equity Dividend Income ETF,stocks,us,XNYS,ETF,True,usd,0001387131,BBG00YQ1FQM6,BBG00YQ1FRG1,2026-08-11T06:10:16.602603372Z
DIVZ,Polen Dividend Income ETF,stocks,us,ARCX,ETF,True,usd,0001776878,BBG01VJK4JJ9,BBG01VJK4KF0,2026-08-11T06:10:16.602603442Z
DJAN,FT Vest U.S. Equity Deep Buffer ETF - January,stocks,us,BATS,ETF,True,usd,0001667919,BBG00YXMQFV4,BBG00YXMQGQ8,2026-08-11T06:10:16.602603523Z
DJCO,Daily Journal Corp,stocks,us,XNAS,CS,True,usd,0000783412,BBG000BH5KW4,BBG001S5QHM5,2026-08-11T06:10:16.602603603Z
DJD,Invesco Dow Jones Industrial Average Dividend ETF,stocks,us,ARCX,ETF,True,usd,0001547580,BBG00KJR1MN0,BBG00KJR1NC0,2026-08-11T06:10:16.602603683Z
DJIA,Global X Dow 30 Covered Call ETF,stocks,us,ARCX,ETF,True,usd,,BBG015GTQ3H3,BBG015GTQ4F3,2026-08-11T06:10:16.602603763Z
DJP,"iPath Bloomberg Commodity Index Total Return ETN due June 12, 2036",stocks,us,ARCX,ETN,True,usd,0000312070,BBG000JL50K4,BBG001SPJ625,2026-08-11T06:10:16.602603843Z
DJT,Trump Media & Technology Group Corp. Common Stock,stocks,us,XNAS,CS,True,usd,0001849635,BBG011744HH0,BBG011744HJ8,2026-08-11T06:10:16.602603923Z
DJTU,T-REX 2X Long DJT Daily Target ETF,stocks,us,BATS,ETF,True,usd,0001771146,BBG01SGN9CP6,BBG01SGN9DJ1,2026-08-11T06:10:16.602604144Z
DJTWW,Trump Media & Technology Group Corp. Warrants,stocks,us,XNAS,WARRANT,True,usd,0001849635,BBG012QXT9G5,,2026-08-11T06:10:16.602604224Z
DJUL,FT Vest U.S. Equity Deep Buffer ETF - July,stocks,us,BATS,ETF,True,usd,0001667919,BBG00W286164,BBG00W2861Z2,2026-08-11T06:10:16.602604404Z
DJUN,FT Vest U.S. Equity Deep Buffer ETF - June,stocks,us,BATS,ETF,True,usd,0001667919,BBG00VC9SS24,BBG00VC9SSV2,2026-08-11T06:10:16.602604474Z
DK,"Delek US Holdings, Inc.",stocks,us,XNYS,CS,True,usd,0001694426,BBG00FZYFVC5,BBG00FZYFVD4,2026-08-11T06:10:16.602604565Z
DKI,DarkIris Inc. Class A Ordinary Shares,stocks,us,XNAS,CS,True,usd,0002058584,,,2026-08-11T06:10:16.602604635Z
DKL,"DELEK LOGISTICS PARTNERS, LP",stocks,us,XNYS,CS,True,usd,0001552797,BBG0036D62Z9,BBG0036D6305,2026-08-11T06:10:16.602604715Z
DKNG,DraftKings Inc. Class A Common Stock,stocks,us,XNAS,CS,True,usd,0001883685,BBG0134WCM78,BBG0134WCMB3,2026-08-11T06:10:16.602604805Z
DKNX,Defiance Daily Target 2X Long DKNG ETF,stocks,us,XNAS,ETF,True,usd,,BBG01WCRHD71,BBG01WCRHF49,2026-08-11T06:10:16.602604885Z
DKS,"Dick's Sporting Goods, Inc.",stocks,us,XNYS,CS,True,usd,0001089063,BBG000F6ZWH2,BBG001SK2651,2026-08-11T06:10:16.602604965Z
DLAG,FT Vest U.S. Equity Dual Directional Buffer ETF - August,stocks,us,BATS,ETF,True,usd,0001667919,BBG01XBSY460,BBG01XBSY5M9,2026-08-11T06:10:16.602605045Z
DLB,"Dolby Laboratories, Inc.Class A",stocks,us,XNYS,CS,True,usd,0001308547,BBG000DGLTG5,BBG001SDXGH8,2026-08-11T06:10:16.602605116Z
DLCU,U.S. Large Company Portfolio ETF Class Shares,stocks,us,XNAS,ETF,True,usd,,BBG0240B4SH0,BBG0240B4TV2,2026-08-11T06:10:16.602605196Z
DLFE,FT Vest U.S. Equity Dual Directional Buffer ETF - February,stocks,us,BATS,ETF,True,usd,0001667919,BBG020D389V4,BBG020D38C74,2026-08-11T06:10:16.602605276Z
DLHC,DLH Holdings Corp.,stocks,us,XNAS,CS,True,usd,0000785557,BBG000G19HR3,BBG001S91ZT7,2026-08-11T06:10:16.602605356Z
DLLL,GraniteShares 2x Long DELL Daily ETF,stocks,us,XNAS,ETF,True,usd,0001689873,BBG01S3KR2Q7,BBG01S3KR3L0,2026-08-11T06:10:16.602605436Z
DLMY,FT Vest U.S. Equity Dual Directional Buffer ETF - May,stocks,us,BATS,ETF,True,usd,0001667919,BBG0228QGR28,BBG0228QGSC5,2026-08-11T06:10:16.602605677Z
DLN,WisdomTree U.S. LargeCap Dividend Fund,stocks,us,ARCX,ETF,True,usd,0001350487,BBG000BT3296,BBG001SHL7K8,2026-08-11T06:10:16.602605877Z
DLNG,DYNAGAS LNG PARNERS LP,stocks,us,XNYS,CS,True,usd,0001578453,,,2026-08-11T06:10:16.602605957Z
DLNGpA,"Dynagas LNG Partners LP 9.00% Series A Cumulative Redeemable Preferred Units, liquidation preference $25.00 per Unit",stocks,us,XNYS,PFD,True,usd,0001578453,,,2026-08-11T06:10:16.602606037Z
DLNV,FT Vest U.S. Equity Dual Directional Buffer ETF - November,stocks,us,BATS,ETF,True,usd,0001667919,BBG01YLDZ058,BBG01YLDZ1W6,2026-08-11T06:10:16.602606118Z
DLO,DLocal Limited Class A Common Shares,stocks,us,XNAS,CS,True,usd,0001846832,,,2026-08-11T06:10:16.602606188Z
DLPN,"Dolphin Entertainment, Inc.",stocks,us,XNAS,CS,True,usd,0001282224,BBG000H4XLP2,BBG001SP3MC6,2026-08-11T06:10:16.602606268Z
DLR,"Digital Realty Trust, Inc.",stocks,us,XNYS,CS,True,usd,0001297996,BBG000Q5ZRM7,BBG001SM0K30,2026-08-11T06:10:16.602606348Z
DLRpJ,"Digital Realty Trust, Inc. 5.250% Series J Cumulative Redeemable Preferred Stock",stocks,us,XNYS,PFD,True,usd,0001297996,,,2026-08-11T06:10:16.602606458Z
DLRpK,"Digital Realty Trust, Inc. 5.850% Series K Cumulative Redeemable Preferred Stock, par value $0.01 per share",stocks,us,XNYS,PFD,True,usd,0001297996,,,2026-08-11T06:10:16.602606538Z
DLRpL,"Digital Realty Trust, Inc. 5.200% Series L Cumulative Redeemable Preferred Stock",stocks,us,XNYS,PFD,True,usd,0001297996,,,2026-08-11T06:10:16.602606619Z
DLS,WisdomTree International SmallCap Dividend Fund,stocks,us,ARCX,ETF,True,usd,0001350487,BBG000BT4N71,BBG001SHLB38,2026-08-11T06:10:16.602606699Z
DLTH,Duluth Holdings Inc. Class B Common Stock,stocks,us,XNAS,CS,True,usd,0001649744,BBG002GBMZG4,BBG002GBMZH3,2026-08-11T06:10:16.602606779Z
DLTR,Dollar Tree Inc.,stocks,us,XNAS,CS,True,usd,0000935703,BBG000BSC0K9,BBG001S6ZGL6,2026-08-11T06:10:16.602606859Z
DLUX,DoubleLine Ultrashort Income ETF,stocks,us,ARCX,ETF,True,usd,0001886172,BBG02101XQ99,BBG02101XRG9,2026-08-11T06:10:16.602606929Z
DLX,Deluxe Corporation,stocks,us,XNYS,CS,True,usd,0000027996,BBG000BH6360,BBG001S5QJ69,2026-08-11T06:10:16.602607009Z
DLXY,Delixy Holdings Limited Class A Ordinary Shares,stocks,us,XNAS,CS,True,usd,0002025218,,,2026-08-11T06:10:16.60260723Z
DLY,DoubleLine Yield Opportunities Fund,stocks,us,XNYS,FUND,True,usd,0001788399,BBG00R4C15K4,BBG00R4C16B2,2026-08-11T06:10:16.60260732Z
DMA,Destra Multi-Alternative Fund,stocks,us,XNYS,FUND,True,usd,0001523289,BBG014JD5CC6,BBG014JD5D61,2026-08-11T06:10:16.60260741Z
DMAA,Drugs Made In America Acquisition Corp. Ordinary Shares,stocks,us,XNAS,CS,True,usd,0002028614,,,2026-08-11T06:10:16.60260749Z
DMAAR,Drugs Made In America Acquisition Corp. Rights,stocks,us,XNAS,RIGHT,True,usd,0002028614,,,2026-08-11T06:10:16.60260758Z
DMAAU,Drugs Made In America Acquisition Corp. Units,stocks,us,XNAS,UNIT,True,usd,0002028614,,,2026-08-11T06:10:16.602607661Z
DMAC,DiaMedica Therapeutics Inc. Common Stock,stocks,us,XNAS,CS,True,usd,0001401040,BBG000LP4YD7,BBG001SQ3K65,2026-08-11T06:10:16.602607741Z
DMAR,FT Vest U.S. Equity Deep Buffer ETF - March,stocks,us,BATS,ETF,True,usd,0001667919,BBG00ZR07MH8,BBG00ZR07NB2,2026-08-11T06:10:16.602607821Z
DMAX,iShares Large Cap Max Buffer Dec ETF,stocks,us,BATS,ETF,True,usd,0001100663,BBG01RJXQC47,BBG01RJXQD09,2026-08-11T06:10:16.602607901Z
DMAY,FT Vest U.S. Equity Deep Buffer ETF - May,stocks,us,BATS,ETF,True,usd,0001667919,BBG00TSG26C1,BBG00TSG2748,2026-08-11T06:10:16.602607981Z
DMB,"BNY Mellon Municipal Bond Infrastructure Fund, Inc.",stocks,us,XNYS,FUND,True,usd,0001565381,BBG004H65XS1,BBG004H65YJ9,2026-08-11T06:10:16.602608051Z
DMBS,DoubleLine Mortgage ETF,stocks,us,ARCX,ETF,True,usd,0001886172,BBG01G091LD1,BBG01G091M76,2026-08-11T06:10:16.602608141Z
DMC,Del Monte Corporation,stocks,us,XNYS,CS,True,usd,0001047340,,,2026-08-11T06:10:16.602608222Z
DMII,Drugs Made In America Acquisition II Corp. Ordinary Shares,stocks,us,XNAS,CS,True,usd,0002040475,,,2026-08-11T06:10:16.602608302Z
DMIIR,Drugs Made In America Acquisition II Corp. Right,stocks,us,XNAS,RIGHT,True,usd,0002040475,,,2026-08-11T06:10:16.602608392Z
DMIIU,Drugs Made In America Acquisition II Corp. Unit,stocks,us,XNAS,UNIT,True,usd,0002040475,,,2026-08-11T06:10:16.602608472Z
DMLP,Dorchester Minerals LP,stocks,us,XNAS,CS,True,usd,0001172358,BBG000PNZ5G4,BBG001SLKJK4,2026-08-11T06:10:16.602608672Z
DMO,Western Asset Mortgage Opportunity Fund Inc.,stocks,us,XNYS,FUND,True,usd,0001478102,BBG000D912M5,BBG001T0VQ03,2026-08-11T06:10:16.602608753Z
DMRA,"Damora Therapeutics, Inc. Ordinary Shares",stocks,us,XNAS,CS,True,usd,0001800315,,,2026-08-11T06:10:16.602608893Z
DMRC,Digimarc Corporation Common Stock,stocks,us,XNAS,CS,True,usd,0002119322,BBG022G67PN4,BBG022G67QM3,2026-08-11T06:10:16.602608973Z
DMX,DoubleLine Multi-Sector Income ETF,stocks,us,ARCX,ETF,True,usd,0001886172,BBG01R020655,BBG01R020726,2026-08-11T06:10:16.602609063Z
DMXF,iShares ESG Advanced MSCI EAFE ETF,stocks,us,XNAS,ETF,True,usd,0001100663,BBG00VHK1H09,BBG00VHK1HS9,2026-08-11T06:10:16.602609133Z
DNA,"Ginkgo Bioworks Holdings, Inc.",stocks,us,XNYS,CS,True,usd,0001830214,BBG00YPS1KY3,BBG00YPS1LT7,2026-08-11T06:10:16.602609214Z
DNL,WisdomTree Global ex-U.S. Quality Growth Fund,stocks,us,ARCX,ETF,True,usd,0001350487,BBG000BT1X72,BBG001SHL791,2026-08-11T06:10:16.602609294Z
DNLI,Denali Therapeutics Inc. Common Stock,stocks,us,XNAS,CS,True,usd,0001714899,BBG008P7F869,BBG008P7F878,2026-08-11T06:10:16.602609374Z
DNMX,Dynamix Corporation III Class A Ordinary Shares,stocks,us,XNAS,CS,True,usd,0002081125,,,2026-08-11T06:10:16.602609454Z
DNMXU,Dynamix Corporation III Unit,stocks,us,XNAS,UNIT,True,usd,0002081125,,,2026-08-11T06:10:16.602609534Z
DNMXW,Dynamix Corporation III Warrants,stocks,us,XNAS,WARRANT,True,usd,0002081125,,,2026-08-11T06:10:16.602609604Z
DNN,Denison Mines Corp,stocks,us,XASE,CS,True,usd,0001063259,BBG000CX6DQ0,BBG001S9ZPX7,2026-08-11T06:10:16.602609694Z
DNOV,FT Vest U.S. Equity Deep Buffer ETF - November,stocks,us,BATS,ETF,True,usd,0001667919,BBG00QQFKQP3,BBG00QQFKRG1,2026-08-11T06:10:16.602609775Z
DNOW,DNOW Inc.,stocks,us,XNYS,CS,True,usd,0001599617,BBG005BLN209,BBG005BLN1Z3,2026-08-11T06:10:16.602609855Z
DNP,DNP Select Income Fund Inc.,stocks,us,XNYS,FUND,True,usd,0000806628,BBG000BH8RD7,BBG001S5QKC9,2026-08-11T06:10:16.602609935Z
DNTH,"Dianthus Therapeutics, Inc. Common Stock",stocks,us,XNAS,CS,True,usd,0001690585,BBG00FB2NPZ0,BBG00FB2NQ15,2026-08-11T06:10:16.602610165Z
DNUT,"Krispy Kreme, Inc. Common Stock",stocks,us,XNAS,CS,True,usd,0001857154,BBG0118Y86T0,BBG0118Y87P2,2026-08-11T06:10:16.602610246Z
DOC,"Healthpeak Properties, Inc.",stocks,us,XNYS,CS,True,usd,0000765880,BBG000BKYDP9,BBG001S5RTS2,2026-08-11T06:10:16.602610366Z
DOCK,"Corgi Ports, Rail & Freight ETF",stocks,us,BATS,ETF,True,usd,0002078265,BBG02238K2B3,BBG02238K3P6,2026-08-11T06:10:16.602610446Z
DOCN,"DigitalOcean Holdings, Inc.",stocks,us,XNYS,CS,True,usd,0001582961,BBG00ZGF6SS3,BBG00ZGF6TM7,2026-08-11T06:10:16.602610526Z
DOCS,"Doximity, Inc.",stocks,us,XNYS,CS,True,usd,0001516513,BBG0026ZJQX7,BBG0026ZJQY6,2026-08-11T06:10:16.602610606Z
DOCT,FT Vest U.S. Equity Deep Buffer ETF - October,stocks,us,BATS,ETF,True,usd,0001667919,BBG00XS5NL30,BBG00XS5NLY6,2026-08-11T06:10:16.602610686Z
DOCU,"DocuSign, Inc. Common Stock",stocks,us,XNAS,CS,True,usd,0001261333,BBG000N7KJX8,BBG001T535D5,2026-08-11T06:10:16.602610756Z
DOG,ProShares Short Dow30,stocks,us,ARCX,ETF,True,usd,0001174610,BBG000PNKZW6,BBG001SR6H94,2026-08-11T06:10:16.602610837Z
DOGG,FT Vest DJIA Dogs 10 Target Income ETF,stocks,us,BATS,ETF,True,usd,0001517936,BBG01GCSVTF4,BBG01GCSVVB3,2026-08-11T06:10:16.602610917Z
DOGZ,Dogness (International) Corporation Class A Common Stock,stocks,us,XNAS,CS,True,usd,0001707303,,,2026-08-11T06:10:16.602610997Z
DOJE,REX-Osprey DOGE ETF,stocks,us,BATS,ETF,True,usd,0001771146,BBG01X2PYT89,BBG01X2PYV48,2026-08-11T06:10:16.602611077Z
DOL,WisdomTree True Developed International Fund,stocks,us,ARCX,ETF,True,usd,0001350487,BBG000BSW3R4,BBG001SHKG65,2026-08-11T06:10:16.602611157Z
DOLE,Dole plc,stocks,us,XNYS,CS,True,usd,0001857475,,,2026-08-11T06:10:16.602611237Z
DOMH,Dominari Holdings Inc. Common Stock,stocks,us,XNAS,CS,True,usd,0000012239,BBG000F2PXX2,BBG001S9BVW1,2026-08-11T06:10:16.602611318Z
DOMO,"Domo, Inc. Class B Common Stock",stocks,us,XNAS,CS,True,usd,0001505952,BBG00L2NS0B7,BBG00L2NS125,2026-08-11T06:10:16.602611458Z
DON,WisdomTree U.S. MidCap Dividend Fund,stocks,us,ARCX,ETF,True,usd,0001350487,BBG000BSWGB2,BBG001SHKG74,2026-08-11T06:10:16.602611688Z
DOO,BRP Inc. Common Subordinate Voting Shares,stocks,us,XNAS,CS,True,usd,0001748797,BBG004TPGP47,BBG004G49425,2026-08-11T06:10:16.602611768Z
DORM,"Dorman Products, Inc. New",stocks,us,XNAS,CS,True,usd,0000868780,BBG000BM22F5,BBG001S5S932,2026-08-11T06:10:16.602611919Z
DOUG,Douglas Elliman Inc.,stocks,us,XNYS,CS,True,usd,0001878897,BBG013ZGQFG9,BBG013ZGQFH8,2026-08-11T06:10:16.602611999Z
DOV,Dover Corporation,stocks,us,XNYS,CS,True,usd,0000029905,BBG000BHB3M6,BBG001S5QL46,2026-08-11T06:10:16.602612069Z
DOW,Dow Inc.,stocks,us,XNYS,CS,True,usd,0001751788,BBG00BN96922,BBG00BN96931,2026-08-11T06:10:16.602612159Z
DOX,Amdocs Limited,stocks,us,XNAS,CS,True,usd,0001062579,,,2026-08-11T06:10:16.602612259Z
DOYU,DouYu International Holdings Limited ADS,stocks,us,XNAS,ADRC,True,usd,0001762417,BBG00NZ6JPK9,BBG00NZ6JQ90,2026-08-11T06:10:16.60261234Z
DPC,DPC Holdings PLC,stocks,us,XNYS,CS,True,usd,0002107018,,,2026-08-11T06:10:16.60261241Z
DPG,Duff & Phelps Utility and Infrastructure Fund Inc.,stocks,us,XNYS,FUND,True,usd,0001515671,BBG001KTQH41,BBG001V0S779,2026-08-11T06:10:16.6026125Z
DPRE,Virtus Duff & Phelps Real Estate Income ETF,stocks,us,ARCX,ETF,True,usd,0001648403,BBG020MGX8T2,BBG020MGXB60,2026-08-11T06:10:16.60261258Z
DPRO,Draganfly Inc. Common Shares,stocks,us,XNAS,CS,True,usd,0001786286,BBG00QZ0QCM4,BBG00QRNGHS7,2026-08-11T06:10:16.60261266Z
DPST,Direxion Daily Regional Banks Bull 3X ETF,stocks,us,ARCX,ETF,True,usd,0001424958,BBG009T0QND5,BBG009T0QNF3,2026-08-11T06:10:16.60261274Z
DPU,Top KingWin Ltd Class A Ordinary Shares,stocks,us,XNAS,CS,True,usd,0001938865,,,2026-08-11T06:10:16.60261281Z
DPZ,Domino's Pizza Inc.,stocks,us,XNAS,CS,True,usd,0001286681,BBG000P458P3,BBG001SL3ZH1,2026-08-11T06:10:16.602612891Z
DQ,Daqo New Energy Corp. American Depositary Shares (each representing 5 Ordinary Shares),stocks,us,XNYS,ADRC,True,usd,0001477641,BBG000Q5T9W3,BBG001T6LDF4,2026-08-11T06:10:16.602612971Z
DQJN,FT Vest Nasdaq-100 Dual Directional Buffer ETF - June,stocks,us,BATS,ETF,True,usd,0001667919,BBG022ZSYW78,BBG022ZSYX85,2026-08-11T06:10:16.602613722Z
DRAI,Draco Evolution AI ETF,stocks,us,ARCX,ETF,True,usd,,BBG01NLLVM87,BBG01NLLVN30,2026-08-11T06:10:16.602613822Z
DRAL,Defiance Daily Target 2X Long DRAM ETF,stocks,us,BATS,ETF,True,usd,,BBG022ZQ33D3,BBG022ZQ34S5,2026-08-11T06:10:16.602614063Z
DRAM,Roundhill Memory ETF,stocks,us,BATS,ETF,True,usd,,BBG021DJBSP8,BBG021DJBTT2,2026-08-11T06:10:16.602614143Z
DRAY,YieldMax DKNG Option Income Strategy ETF,stocks,us,ARCX,ETS,True,usd,0001852771,BBG01RQZWWZ9,BBG01RQZWXT4,2026-08-11T06:10:16.602614223Z
DRCT,"Direct Digital Holdings, Inc. Class A Common Stock",stocks,us,XNAS,CS,True,usd,0001880613,BBG013JR1M57,BBG013JR1M75,2026-08-11T06:10:16.602614303Z
DRD,DRDGOLD Ltd.,stocks,us,XNYS,ADRC,True,usd,0001023512,BBG000BX8QF2,BBG001S96F70,2026-08-11T06:10:16.602614383Z
DRDB,Roman DBDR Acquisition Corp. II Ordinary shares,stocks,us,XNAS,CS,True,usd,0002032528,,,2026-08-11T06:10:16.602614454Z
DRDBU,Roman DBDR Acquisition Corp. II Unit,stocks,us,XNAS,UNIT,True,usd,0002032528,,,2026-08-11T06:10:16.602614534Z
DRDBW,Roman DBDR Acquisition Corp. II Warrants,stocks,us,XNAS,WARRANT,True,usd,0002032528,,,2026-08-11T06:10:16.602614614Z
DRES,GMO Domestic Resilience ETF,stocks,us,ARCX,ETF,True,usd,,BBG01XFD7L43,BBG01XFD7M87,2026-08-11T06:10:16.602614724Z
DRGN,Themes China Generative Artificial Intelligence ETF,stocks,us,BATS,ETF,True,usd,0001976322,BBG01W27V7W5,BBG01W27V988,2026-08-11T06:10:16.602614804Z
DRH,Diamondrock Hospitality Company Common Stock,stocks,us,XNAS,CS,True,usd,0001298946,BBG000JKHFP5,BBG001SJ63M8,2026-08-11T06:10:16.602614884Z
DRI,"Darden Restaurants, Inc.",stocks,us,XNYS,CS,True,usd,0000940944,BBG000BBNYF6,BBG001S5QM08,2026-08-11T06:10:16.602614965Z
DRIO,DarioHealth Corp. Common Stock,stocks,us,XNAS,CS,True,usd,0001533998,BBG003V5P7K2,BBG003V5PCZ5,2026-08-11T06:10:16.602615035Z
DRIP,Direxion Daily S&P Oil & Gas Exp. & Prod. Bear 2X ETF,stocks,us,ARCX,ETF,True,usd,0001424958,BBG0099SHQQ5,BBG0099SHQP6,2026-08-11T06:10:16.602615115Z
DRIV,Global X Autonomous & Electric Vehicles ETF,stocks,us,XNAS,ETF,True,usd,0001432353,BBG00KLHY7D7,BBG00KLHY836,2026-08-11T06:10:16.602615365Z
DRKY,VistaShares Target 15 DRUKMacro Distribution ETF,stocks,us,ARCX,ETF,True,usd,0001722388,BBG01XJ3GTF2,BBG01XJ3GVD9,2026-08-11T06:10:16.602615446Z
DRLL,Strive U.S. Energy ETF,stocks,us,XNYS,ETF,True,usd,,BBG0190VW6M7,BBG0190VW7P2,2026-08-11T06:10:16.602615596Z
DRMA,"Dermata Therapeutics, Inc. Common Stock",stocks,us,XNAS,CS,True,usd,0001853816,BBG011DJT0X2,BBG011DJT0Y1,2026-08-11T06:10:16.602615696Z
DRMAW,"Dermata Therapeutics, Inc. Warrant",stocks,us,XNAS,WARRANT,True,usd,0001853816,BBG01248ZHS6,,2026-08-11T06:10:16.602615776Z
DRMP,Tuttle Capital Memory Stack Income Blast ETF,stocks,us,BATS,ETF,True,usd,,BBG022VDPGL4,BBG022VDPJN6,2026-08-11T06:10:16.602615856Z
DRMY,XFUNDS Memory Income ETF,stocks,us,ARCX,ETF,True,usd,,BBG023F0LX71,BBG023F0LYQ8,2026-08-11T06:10:16.602615936Z
DRN,Direxion Daily Real Estate Bull 3X ETF,stocks,us,ARCX,ETF,True,usd,0001424958,BBG000J9G9N7,BBG001T3KCM6,2026-08-11T06:10:16.602616007Z
DRNL,Defiance 2X Daily Long Pure Drone and Aerial Automation ETF,stocks,us,BATS,ETF,True,usd,,BBG0200VQSD4,BBG0200VQVB9,2026-08-11T06:10:16.602616087Z
DRNZ,REX Drone ETF,stocks,us,XNAS,ETF,True,usd,,BBG01Y2DLZL9,BBG01Y2DM0L5,2026-08-11T06:10:16.602616177Z
DRS,"Leonardo DRS, Inc. Common Stock",stocks,us,XNAS,CS,True,usd,0001833756,BBG00ZSB4TS9,BBG00ZSB4TT8,2026-08-11T06:10:16.602616247Z
DRSK,Aptus Defined Risk ETF,stocks,us,BATS,ETF,True,usd,0001539639,BBG00LNDTGT1,BBG00LNDTHK8,2026-08-11T06:10:16.602616327Z
DRTS,Alpha Tau Medical Ltd. Ordinary Shares,stocks,us,XNAS,CS,True,usd,0001871321,,,2026-08-11T06:10:16.602616407Z
DRTSW,Alpha Tau Medical Ltd. Warrant,stocks,us,XNAS,WARRANT,True,usd,0001871321,,,2026-08-11T06:10:16.602616488Z
DRUG,Bright Minds Biosciences Inc. Common Stock,stocks,us,XNAS,CS,True,usd,0001827401,BBG00ZKX9FP7,BBG00Z61F382,2026-08-11T06:10:16.602616578Z
DRUP,GraniteShares Nasdaq Select Disruptors ETF,stocks,us,ARCX,ETF,True,usd,0001689873,BBG00QG3BRX0,BBG00QG3BSN9,2026-08-11T06:10:16.602616648Z
DRV,Direxion Daily Real Estate Bear 3X ETF,stocks,us,ARCX,ETF,True,usd,0001424958,BBG000NFSS08,BBG001T55GY6,2026-08-11T06:10:16.602616858Z
DRVN,Driven Brands Holdings Inc. Common Stock,stocks,us,XNAS,CS,True,usd,0001804745,BBG00YN8NCD6,BBG00YN8ND71,2026-08-11T06:10:16.602616938Z
DRVR,Amplify S&P 500 Dividend Drivers ETF,stocks,us,ARCX,ETF,True,usd,0001633061,BBG023F24728,BBG023F249Q8,2026-08-11T06:10:16.602617069Z
DSAC,Daedalus Special Acquisition Corp. Class A Ordinary Shares,stocks,us,XNAS,CS,True,usd,0002082149,,,2026-08-11T06:10:16.602617159Z
DSACU,Daedalus Special Acquisition Corp. Unit,stocks,us,XNAS,UNIT,True,usd,0002082149,,,2026-08-11T06:10:16.602617239Z
DSACW,Daedalus Special Acquisition Corp. Warrant,stocks,us,XNAS,WARRANT,True,usd,0002082149,,,2026-08-11T06:10:16.602617319Z
DSC,DSC Holdings Ltd. American Depositary Shares,stocks,us,XNAS,ADRC,True,usd,0001966041,BBG022LJ7N64,BBG022LJ7P41,2026-08-11T06:10:16.602617399Z
DSCO,DoubleLine Securitized Credit ETF,stocks,us,ARCX,ETF,True,usd,0001886172,BBG01ZNCTKD9,BBG01ZNCTLL8,2026-08-11T06:10:16.602617499Z
DSEP,FT Vest U.S. Equity Deep Buffer ETF - September,stocks,us,BATS,ETF,True,usd,0001667919,BBG00X9DVMG9,BBG00X9DVN95,2026-08-11T06:10:16.60261759Z
DSGN,"Design Therapeutics, Inc. Common Stock",stocks,us,XNAS,CS,True,usd,0001807120,BBG00SNC49V8,BBG00SNC49W7,2026-08-11T06:10:16.60261768Z
DSGR,"Distribution Solutions Group, Inc. Common Stock",stocks,us,XNAS,CS,True,usd,0000703604,BBG000BN2HQ8,BBG001S5SQ43,2026-08-11T06:10:16.60261775Z
DSGX,Descartes Systems Group Inc,stocks,us,XNAS,CS,True,usd,0001050140,BBG000CRQW34,BBG001SBJY34,2026-08-11T06:10:16.60261783Z
DSI,iShares ESG MSCI KLD 400 ETF,stocks,us,ARCX,ETF,True,usd,0001100663,BBG000Q9BW99,BBG001SRYH02,2026-08-11T06:10:16.60261791Z
DSL,DOUBLELINE INCOME SOLUTIONS FUND,stocks,us,XNYS,FUND,True,usd,0001566388,BBG003TXW753,BBG003TXW7X2,2026-08-11T06:10:16.60261799Z
DSM,"BNY Mellon Strategic Municipal Bond Fund, Inc.",stocks,us,XNYS,FUND,True,usd,0000855887,BBG000C2NFP5,BBG001S6D1L3,2026-08-11T06:10:16.602618181Z
DSMC,Distillate Small/Mid Cash Flow ETF,stocks,us,XNYS,ETF,True,usd,0001539639,BBG019WNHNM0,BBG019WNHPH1,2026-08-11T06:10:16.602618261Z
DSP,Viant Technology Inc. Class A Common Stock,stocks,us,XNAS,CS,True,usd,0001828791,BBG00Z0ZFGJ2,BBG00Z0ZFHC7,2026-08-11T06:10:16.602618592Z
DSPY,Tema S&P 500 Historical Weight ETF Strategy,stocks,us,ARCX,ETF,True,usd,0002056807,BBG01SX3CM48,BBG01SX3CMZ4,2026-08-11T06:10:16.602618682Z
DSS,"DSS, Inc.",stocks,us,XASE,CS,True,usd,0000771999,BBG000K68DK4,BBG001SJTPW3,2026-08-11T06:10:16.602618792Z
DSTL,Distillate U.S. Fundamental Stability & Value ETF,stocks,us,ARCX,ETF,True,usd,0001539639,BBG00MC56296,BBG00MC56321,2026-08-11T06:10:16.602618872Z
DSTX,Distillate International Fundamental Stability & Value ETF,stocks,us,XNYS,ETF,True,usd,0001539639,BBG00YJ721V0,BBG00YJ722P5,2026-08-11T06:10:16.602619273Z
DSU,"Blackrock Debt Strategies Fund, Inc.",stocks,us,XNYS,FUND,True,usd,0001051003,BBG000BQW8K4,BBG001S9L8L3,2026-08-11T06:10:16.602619353Z
DSWL,Deswell Industries Inc,stocks,us,XNAS,CS,True,usd,0000946936,BBG000KCB2P6,BBG001SCPMQ6,2026-08-11T06:10:16.602619433Z
DSX,"Diana Shipping, Inc.",stocks,us,XNYS,CS,True,usd,0001318885,,,2026-08-11T06:10:16.602619513Z
DSX.WS,"Diana Shipping Inc. Warrants to Purchase Common Stock (expiring on or about December 14, 2026)",stocks,us,XNYS,WARRANT,True,usd,0001318885,,,2026-08-11T06:10:16.602619664Z
DSXpB,"DIANA SHIPPING INC 8.875% Series B Cumulative Redeemable Perpetual Preferred Shares, $0.01 par value",stocks,us,XNYS,PFD,True,usd,0001318885,,,2026-08-11T06:10:16.602619784Z
DSY,Big Tree Cloud Holdings Limited Class A Ordinary Shares,stocks,us,XNAS,CS,True,usd,0001999297,,,2026-08-11T06:10:16.602619864Z
DSYWW,Big Tree Cloud Holdings Limited Warrants,stocks,us,XNAS,WARRANT,True,usd,0001999297,,,2026-08-11T06:10:16.602619944Z
DT,"Dynatrace, Inc.",stocks,us,XNYS,CS,True,usd,0001773383,BBG00PNN7C40,BBG00PNN7CW9,2026-08-11T06:10:16.602620014Z
DTAN,Sparkline International Intangible Value ETF,stocks,us,ARCX,ETF,True,usd,,BBG01PLZD686,BBG01PLZD7D8,2026-08-11T06:10:16.602620105Z
DTB,DTE Energy Company 2020 Series G 4.375% Junior Subordinated Debentures due 2080,stocks,us,XNYS,SP,True,usd,0000936340,,,2026-08-11T06:10:16.602620175Z
DTCR,Global X Funds Global X Data Center & Digital Infrastructure ETF,stocks,us,XNAS,ETF,True,usd,0001432353,BBG00Y056CB8,BBG00Y056D53,2026-08-11T06:10:16.602620255Z
DTCX,"Datacentrex, Inc. Common Stock",stocks,us,XNAS,CS,True,usd,0001853825,BBG010T16NY0,BBG010T16NZ9,2026-08-11T06:10:16.602620575Z
DTD,WisdomTree U.S. Total Dividend Fund,stocks,us,ARCX,ETF,True,usd,0001350487,BBG000BSVPW0,BBG001SHKFZ5,2026-08-11T06:10:16.602620656Z
DTE,DTE Energy Company,stocks,us,XNYS,CS,True,usd,0000936340,BBG000BB29X4,BBG001S5QN88,2026-08-11T06:10:16.602621217Z
DTEC,ALPS Disruptive Technologies ETF,stocks,us,ARCX,ETF,True,usd,0001414040,BBG00JM9V4M7,BBG00JM9V5B6,2026-08-11T06:10:16.602621297Z
DTF,DTF Tax-Free Income 2028 Term Fund Inc.,stocks,us,XNYS,FUND,True,usd,0000879535,BBG000BG2DH2,BBG001S70260,2026-08-11T06:10:16.602621377Z
DTG,DTE Energy Company 2021 Series E 4.375% Junior Subordinated Debentures,stocks,us,XNYS,SP,True,usd,0000936340,,,2026-08-11T06:10:16.602621457Z
DTH,WisdomTree International High Dividend  Fund,stocks,us,ARCX,ETF,True,usd,0001350487,BBG000BT6K66,BBG001SHLHN3,2026-08-11T06:10:16.602621537Z
DTI,Drilling Tools International Corporation Common Stock,stocks,us,XNAS,CS,True,usd,0001884516,BBG013FX4TF9,BBG013FX4VB8,2026-08-11T06:10:16.602621617Z
DTIL,"Precision BioSciences, Inc. Common Stock",stocks,us,XNAS,CS,True,usd,0001357874,BBG008NSBPV3,BBG008NSBPW2,2026-08-11T06:10:16.602621698Z
DTK,DTE Energy Company 2025 Series H 6.25% Junior Subordinated Debentures due 2085,stocks,us,XNYS,SP,True,usd,0000936340,,,2026-08-11T06:10:16.602621888Z
DTM,"DT Midstream, Inc.",stocks,us,XNYS,CS,True,usd,0001842022,BBG0112Z58J3,BBG0112Z58K1,2026-08-11T06:10:16.602621968Z
DTRE,First Trust Alerian Disruptive Technology Real Estate ETF,stocks,us,ARCX,ETF,True,usd,0001364608,BBG000SQ9V67,BBG001SXT9K1,2026-08-11T06:10:16.602622078Z
DTSQ,DT Cloud Star Acquisition Corporation Ordinary Shares,stocks,us,XNAS,CS,True,usd,0002017950,,,2026-08-11T06:10:16.602622158Z
DTSQR,DT Cloud Star Acquisition Corporation Right,stocks,us,XNAS,RIGHT,True,usd,0002017950,,,2026-08-11T06:10:16.602622249Z
DTSQU,DT Cloud Star Acquisition Corporation Units,stocks,us,XNAS,UNIT,True,usd,0002017950,,,2026-08-11T06:10:16.602622319Z
DTSS,Datasea Intelligent Technology Ltd. Class A Ordinary Shares,stocks,us,XNAS,CS,True,usd,0002110423,,,2026-08-11T06:10:16.602622399Z
DTST,Data Storage Corporation Common Stock,stocks,us,XNAS,CS,True,usd,0001419951,BBG000V9M448,BBG001T1WVL6,2026-08-11T06:10:16.60262273Z
DTW,DTE Energy Company 2017 Series E 5.25% Junior Subordinated Debentures due 2077,stocks,us,XNYS,SP,True,usd,0000936340,,,2026-08-11T06:10:16.60262281Z
DUBS,Aptus Large Cap Enhanced Yield ETF,stocks,us,BATS,ETF,True,usd,0001539639,BBG01GZH2L62,BBG01GZH2M51,2026-08-11T06:10:16.602623Z
DUG,ProShares UltraShort Energy,stocks,us,ARCX,ETF,True,usd,0001174610,BBG000QXHGG7,BBG001SSTCZ9,2026-08-11T06:10:16.60262308Z
DUHP,Dimensional US High Profitability ETF,stocks,us,ARCX,ETF,True,usd,0001816125,BBG015DLMKV3,BBG015DLMLQ7,2026-08-11T06:10:16.60262321Z
DUK,Duke Energy Corporation,stocks,us,XNYS,CS,True,usd,0001326160,BBG000BHGDH5,BBG001S5QNR7,2026-08-11T06:10:16.602623291Z
DUKB,Duke Energy Corporation 5.625% Junior Subordinated Debentures due 2078,stocks,us,XNYS,SP,True,usd,0001326160,,,2026-08-11T06:10:16.602623371Z
DUKH,Ocean Park High Income ETF,stocks,us,XNAS,ETF,True,usd,0001326160,BBG01NMSV8K8,BBG01NMSV9J8,2026-08-11T06:10:16.602623481Z
DUKQ,Ocean Park Domestic ETF,stocks,us,ARCX,ETF,True,usd,,BBG01NMSH744,BBG01NMSH7Z0,2026-08-11T06:10:16.602623561Z
DUKR,DUKE Robotics Corp. Common Stock,stocks,us,XNAS,CS,True,usd,0001638911,BBG009WP67T6,BBG009WP67V3,2026-08-11T06:10:16.602623641Z
DUKRW,DUKE Robotics Corp. Warrant,stocks,us,XNAS,WARRANT,True,usd,0001638911,BBG0223HLJN2,,2026-08-11T06:10:16.602623721Z
DUKX,Ocean Park International ETF,stocks,us,XNAS,ETF,True,usd,,BBG01NMSLYH6,BBG01NMSLZV7,2026-08-11T06:10:16.602623922Z
DUKZ,Ocean Park Diversified Income ETF,stocks,us,ARCX,ETF,True,usd,,BBG01NMST420,BBG01NMST518,2026-08-11T06:10:16.602624012Z
DUKpA,"Duke Energy Corporation Depositary Shares, each representing a 1/1,000th interest in a share of 5.75% Series A Cumulative Redeemable Perpetual Preferred Stock",stocks,us,XNYS,PFD,True,usd,0001326160,,,2026-08-11T06:10:16.602624092Z
DULL,MicroSectors Gold -3x Inverse Leveraged ETN,stocks,us,ARCX,ETS,True,usd,0000927971,BBG01F7836Q5,BBG01F7837L8,2026-08-11T06:10:16.602624222Z
DUNK,Dana Unconstrained Equity ETF,stocks,us,ARCX,ETF,True,usd,0001742912,BBG01X1FPS48,BBG01X1FPT37,2026-08-11T06:10:16.602624303Z
DUO,Fangdd Network Group Ltd. Class A Ordinary Shares,stocks,us,XNAS,CS,True,usd,0001750593,,,2026-08-11T06:10:16.602624503Z
DUOG,Leverage Shares 2X Long DUOL Daily ETF,stocks,us,XNAS,ETF,True,usd,,BBG01YYSJHW2,BBG01YYSJJT2,2026-08-11T06:10:16.602624583Z
DUOL,"Duolingo, Inc. Class A Common Stock",stocks,us,XNAS,CS,True,usd,0001562088,BBG003D4V951,BBG003D4V960,2026-08-11T06:10:16.602624683Z
DUOT,"Duos Technologies Group, Inc. Common Stock",stocks,us,XNAS,CS,True,usd,0001396536,BBG000D64596,BBG001T0S2X4,2026-08-11T06:10:16.602624763Z
DURA,VanEck Durable High Dividend ETF,stocks,us,BATS,ETF,True,usd,0001137360,BBG00MF4XM92,BBG00MF4XN18,2026-08-11T06:10:16.602624934Z
DUSA,Davis Select U.S. Equity ETF,stocks,us,BATS,ETF,True,usd,,BBG00FNFQQC8,BBG00FNFQR36,2026-08-11T06:10:16.602625014Z
DUSB,Dimensional Ultrashort Fixed Income ETF,stocks,us,ARCX,ETF,True,usd,0001816125,BBG01J9W4BG1,BBG01J9W4CB4,2026-08-11T06:10:16.602625114Z
DUSG,U.S. Small Cap Growth Portfolio ETF Class Shares,stocks,us,XNAS,ETF,True,usd,,BBG021ZC2D54,BBG021ZC2FD0,2026-08-11T06:10:16.602625194Z
DUSL,Direxion Daily Industrials Bull 3X ETF,stocks,us,ARCX,ETF,True,usd,0001424958,BBG00GM4DLD6,BBG00GM4DM35,2026-08-11T06:10:16.602625274Z
DUST,Direxion Daily Gold Miners Index Bear 2X ETF,stocks,us,ARCX,ETF,True,usd,0001424958,BBG0019YYBZ3,BBG001SX2G97,2026-08-11T06:10:16.602625355Z
DUTY,U.S. Defense ETF,stocks,us,ARCX,ETF,True,usd,,BBG021BHLZF8,BBG021BHM0B8,2026-08-11T06:10:16.602625435Z
DV,"DoubleVerify Holdings, Inc.",stocks,us,XNYS,CS,True,usd,0001819928,BBG00ZNRRJM2,BBG00ZNRRKL0,2026-08-11T06:10:16.602625515Z
DVA,DaVita Inc.,stocks,us,XNYS,CS,True,usd,0000927066,BBG000MQ1SN9,BBG001SB5DZ0,2026-08-11T06:10:16.602625595Z
DVAL,BrandywineGLOBAL - Dynamic US Large Cap Value ETF,stocks,us,XNAS,ETF,True,usd,0001655589,BBG01B8C7YW2,BBG01B8C7ZT3,2026-08-11T06:10:16.602625765Z
DVDN,Kingsbarn Dividend Opportunity ETF,stocks,us,ARCX,ETF,True,usd,0001771146,BBG01GF717D0,BBG01GF71875,2026-08-11T06:10:16.602625846Z
DVGR,DAC 3D Dividend Growth ETF,stocks,us,XNAS,ETF,True,usd,0001960074,BBG01YVC1HM0,BBG01YVC1JT9,2026-08-11T06:10:16.602625916Z
DVIN,WEBs ETF Trust WEBs Industrials XLI Defined Volatility ETF,stocks,us,XNAS,ETF,True,usd,0001580843,BBG01VF3KGL6,BBG01VF3KHR8,2026-08-11T06:10:16.602626136Z
DVLT,Datavault AI Inc. Common Stock,stocks,us,XNAS,CS,True,usd,0001682149,BBG00KLHTJY4,BBG00KLHTKR9,2026-08-11T06:10:16.602626216Z
DVLU,First Trust Dorsey Wright Momentum & Value ETF,stocks,us,XNAS,ETF,True,usd,,BBG00LWSFJ62,BBG00LWSFJY1,2026-08-11T06:10:16.602626316Z
DVN,Devon Energy Corporation,stocks,us,XNYS,CS,True,usd,0001090012,BBG000BBVJZ8,BBG001S63VG4,2026-08-11T06:10:16.602626397Z
DVND,Touchstone Dividend Select ETF,stocks,us,ARCX,ETF,True,usd,,BBG01922FJL1,BBG01922FKG4,2026-08-11T06:10:16.602626477Z
DVOL,First Trust Dorsey Wright Momentum & Low Volatility ETF,stocks,us,XNAS,ETF,True,usd,,BBG00LWSFTZ8,BBG00LWSFVQ3,2026-08-11T06:10:16.602626557Z
DVQQ,WEBs ETF Trust WEBs QQQ Defined Volatility ETF,stocks,us,XNAS,ETF,True,usd,0001858294,BBG01R78HZM4,BBG01R78J0H5,2026-08-11T06:10:16.602626717Z
DVRE,WEBs ETF Trust WEBs Real Estate XLRE Defined Volatility ETF,stocks,us,XNAS,ETF,True,usd,0001580843,BBG01VD1PM98,BBG01VD1PN50,2026-08-11T06:10:16.602626797Z
DVSP,WEBs ETF Trust WEBs SPY Defined Volatility ETF,stocks,us,XNAS,ETF,True,usd,0001858294,BBG01R78RYN5,BBG01R78RZK5,2026-08-11T06:10:16.602626898Z
DVUT,WEBs ETF Trust WEBs Utilities XLU Defined Volatility ETF,stocks,us,XNAS,ETF,True,usd,0001580843,BBG01VD1HJK1,BBG01VD1HKH2,2026-08-11T06:10:16.602626978Z
DVVY,Invesco Diversified Dividend Opportunities ETF,stocks,us,BATS,ETF,True,usd,0001418144,BBG020TZHHD8,BBG020TZHJD4,2026-08-11T06:10:16.602627058Z
DVXB,WEBs ETF Trust WEBs Materials XLB Defined Volatility ETF,stocks,us,XNAS,ETF,True,usd,0001580843,BBG01VD0GTW9,BBG01VD0GW98,2026-08-11T06:10:16.602627138Z
DVXC,WEBs ETF Trust WEBs Communication Services XLC Defined Volatility ETF,stocks,us,XNAS,ETF,True,usd,0001580843,BBG01VD1P9P9,BBG01VD1PBK9,2026-08-11T06:10:16.602627218Z
DVXE,WEBs ETF Trust WEBs Energy XLE Defined Volatility ETF,stocks,us,XNAS,ETF,True,usd,0001580843,BBG01VF3L6B8,BBG01VF3L762,2026-08-11T06:10:16.602627298Z
DVXF,WEBs ETF Trust WEBs Financial XLF Defined Volatility ETF,stocks,us,XNAS,ETF,True,usd,0001580843,BBG01VD1J9Y6,BBG01VD1JBV4,2026-08-11T06:10:16.602627379Z
DVXK,WEBs ETF Trust WEBs Technology XLK Defined Volatility ETF,stocks,us,XNAS,ETF,True,usd,0001580843,BBG01VD1K9B9,BBG01VD1KB79,2026-08-11T06:10:16.602627579Z
DVXP,WEBs ETF Trust WEBs Consumer Staples XLP Defined Volatility ETF,stocks,us,XNAS,ETF,True,usd,0001580843,BBG01VD121V4,BBG01VD122R7,2026-08-11T06:10:16.602627789Z
DVXV,WEBs ETF Trust WEBs Health Care XLV Defined Volatility ETF,stocks,us,XNAS,ETF,True,usd,0001580843,BBG01VD1HNN9,BBG01VD1HPJ9,2026-08-11T06:10:16.602627859Z
DVXY,WEBs ETF Trust WEBs Consumer Discretionary XLY Defined Volatility ETF,stocks,us,XNAS,ETF,True,usd,0001580843,BBG01VD0CX63,BBG01VD0D0Q2,2026-08-11T06:10:16.60262799Z
DVY,iShares Select Dividend ETF,stocks,us,XNAS,ETF,True,usd,0001100663,BBG000C1L679,BBG001SDJVG2,2026-08-11T06:10:16.60262807Z
DVYA,iShares Asia/Pacific Dividend ETF,stocks,us,ARCX,ETF,True,usd,0000930667,BBG002PHLXP7,BBG002PHLYG5,2026-08-11T06:10:16.60262815Z
DVYE,iShares Emerging Markets Dividend ETF,stocks,us,ARCX,ETF,True,usd,0001100663,BBG002PHMJ22,BBG002PHMJT3,2026-08-11T06:10:16.60262822Z
DWAS,Invesco Exchange-Traded Fund Trust II Invesco Dorsey Wright SmallCap Momentum ETF,stocks,us,XNAS,ETF,True,usd,0000914208,BBG0036PLQN5,BBG0036PLRD4,2026-08-11T06:10:16.6026283Z
DWAW,AdvisorShares Dorsey Wright FSM All Cap World ETF,stocks,us,XNAS,ETF,True,usd,0001408970,BBG00R7V1R94,BBG00R7V1S10,2026-08-11T06:10:16.60262838Z
DWLD,Davis Select Worldwide ETF,stocks,us,BATS,ETF,True,usd,,BBG00FNFQTK3,BBG00FNFQV91,2026-08-11T06:10:16.602628551Z
DWM,WisdomTree International Equity Fund,stocks,us,ARCX,ETF,True,usd,0001350487,BBG000BSYGZ4,BBG001SHKSW0,2026-08-11T06:10:16.602628631Z
DWMF,WisdomTree International Multifactor Fund,stocks,us,ARCX,ETF,True,usd,0001350487,BBG00LNNW5B8,BBG00LNNW626,2026-08-11T06:10:16.602628751Z
DWSH,AdvisorShares Dorsey Wright Short ETF,stocks,us,XNAS,ETF,True,usd,0001408970,BBG00LDFG0W2,BBG00LDFG1M1,2026-08-11T06:10:16.602628821Z
DWSN,Dawson Geophysical Company New Common Stock,stocks,us,XNAS,CS,True,usd,0000799165,BBG000BD1DT7,BBG001S6YBZ3,2026-08-11T06:10:16.602628901Z
DWTX,"Dogwood Therapeutics, Inc. Common Stock",stocks,us,XNAS,CS,True,usd,0001818844,BBG00X0SZKJ2,BBG00X0SZLB8,2026-08-11T06:10:16.602628982Z
DWUS,AdvisorShares Dorsey Wright FSM US Core ETF,stocks,us,XNAS,ETF,True,usd,0001408970,BBG00R7V1JH3,BBG00R7V1K71,2026-08-11T06:10:16.602629062Z
DWWN,Principal Long Duration ETF,stocks,us,BATS,ETF,True,usd,0001572661,BBG022DQWK92,BBG022DQWM16,2026-08-11T06:10:16.602629152Z
DWX,State Street SPDR S&P International Dividend ETF,stocks,us,ARCX,ETF,True,usd,0001168164,BBG000VC0TD0,BBG001T21KR6,2026-08-11T06:10:16.602629372Z
DX,"Dynex Capital, Inc.",stocks,us,XNYS,CS,True,usd,0000826675,BBG000FBJQM6,BBG001S5R078,2026-08-11T06:10:16.602629593Z
DXC,DXC Technology Company,stocks,us,XNYS,CS,True,usd,0001688568,BBG00FN64XT9,BBG00FN64XV6,2026-08-11T06:10:16.602629803Z
DXCM,"DexCom, Inc.",stocks,us,XNAS,CS,True,usd,0001093557,BBG000QTF8K1,BBG001SKZG99,2026-08-11T06:10:16.602630004Z
DXD,ProShares UltraShort Dow 30,stocks,us,ARCX,ETF,True,usd,0001174610,BBG000PTJ1T4,BBG001SRDTJ9,2026-08-11T06:10:16.602630194Z
DXF,"Eason Technology Limited American Depositary Shares (each representing sixty-thousand (60,000) Ordinary Shares)",stocks,us,XASE,ADRC,True,usd,0001499494,BBG0018LQMW0,BBG001TF9P52,2026-08-11T06:10:16.602630274Z
DXIV,Dimensional International Vector Equity ETF,stocks,us,ARCX,ETF,True,usd,0001816125,BBG01PJY4RJ4,BBG01PJY4SH4,2026-08-11T06:10:16.602630394Z
DXJ,WisdomTree Japan Hedged Equity Fund,stocks,us,ARCX,ETF,True,usd,0001350487,BBG000BT12H9,BBG001SHL470,2026-08-11T06:10:16.602630595Z
DXLG,"Destination XL Group, Inc. Common Stock",stocks,us,XNAS,CS,True,usd,0000813298,BBG000JNS383,BBG001SD3736,2026-08-11T06:10:16.602630675Z
DXPE,DXP Enterprises Inc,stocks,us,XNAS,CS,True,usd,0001020710,BBG000HTY991,BBG001S9F0F4,2026-08-11T06:10:16.602630785Z
DXR,Daxor Corporation Common Stock,stocks,us,XNAS,CS,True,usd,0000027367,BBG000BHHF34,BBG001S5QPC8,2026-08-11T06:10:16.602630865Z
DXST,Decent Holding Inc Class A Ordinary Shares,stocks,us,XNAS,CS,True,usd,0001958133,,,2026-08-11T06:10:16.602630945Z
DXUV,Dimensional US Vector Equity ETF,stocks,us,ARCX,ETF,True,usd,0001816125,BBG01PJH7HT9,BBG01PJH7JZ8,2026-08-11T06:10:16.602631076Z
DXYZ,Destiny Tech100 Inc.,stocks,us,XNYS,FUND,True,usd,0001843974,BBG01KS1QLH8,BBG01KS1QLJ6,2026-08-11T06:10:16.602631166Z
DXpC,"Dynex Capital, Inc. 6.900% Series C Fixed-to-Floating Rate Cumulative Redeemable Preferred Stock",stocks,us,XNYS,PFD,True,usd,0000826675,,,2026-08-11T06:10:16.602631246Z
DY,"Dycom Industries, Inc.",stocks,us,XNYS,CS,True,usd,0000067215,BBG000C4SKT1,BBG001S6MGW8,2026-08-11T06:10:16.602631466Z
DYAI,"Dyadic International, Inc.",stocks,us,XNAS,CS,True,usd,0001213809,BBG000L276R1,BBG001SJV0D6,2026-08-11T06:10:16.602631707Z
DYFI,IDX Dynamic Fixed Income ETF,stocks,us,XNAS,ETF,True,usd,0001771146,BBG01KWRK2B0,BBG01KWRK355,2026-08-11T06:10:16.602631817Z
DYLD,LeaderShares Dynamic Yield ETF,stocks,us,ARCX,ETF,True,usd,0001552947,BBG011MF2NH7,BBG011MF2PD6,2026-08-11T06:10:16.602631907Z
DYLG,Global X Dow 30 Covered Call & Growth ETF,stocks,us,ARCX,ETF,True,usd,,BBG01HHD2X18,BBG01HHD2XW4,2026-08-11T06:10:16.602632108Z
DYN,"Dyne Therapeutics, Inc. Common Stock",stocks,us,XNAS,CS,True,usd,0001818794,BBG00NSGPJD0,BBG00NSGPJF8,2026-08-11T06:10:16.602632188Z
DYNB,Hartford Dynamic Bond ETF,stocks,us,XNAS,ETF,True,usd,0001501825,BBG01X2P7WJ0,BBG01X2P7XF2,2026-08-11T06:10:16.602632378Z
DYNC,Dynamix Corporation Class A Ordinary Shares,stocks,us,XNAS,CS,True,usd,0002028699,,,2026-08-11T06:10:16.602632458Z
DYNCU,Dynamix Corporation Unit,stocks,us,XNAS,UNIT,True,usd,0002028699,,,2026-08-11T06:10:16.602632538Z
DYNCW,Dynamix Corporation Warrant,stocks,us,XNAS,WARRANT,True,usd,0002028699,,,2026-08-11T06:10:16.602632619Z
DYNF,iShares U.S. Equity Factor Rotation Active ETF,stocks,us,ARCX,ETF,True,usd,0001761055,BBG00NNWBVZ4,BBG00NNWBWQ2,2026-08-11T06:10:16.602632699Z
DYOR,Insight Digital Partners II Class A Ordinary Shares,stocks,us,XNAS,CS,True,usd,0002079292,,,2026-08-11T06:10:16.602632779Z
DYORU,Insight Digital Partners II Units,stocks,us,XNAS,UNIT,True,usd,0002079292,,,2026-08-11T06:10:16.602632849Z
DYORW,Insight Digital Partners II Warrants,stocks,us,XNAS,WARRANT,True,usd,0002079292,,,2026-08-11T06:10:16.602632939Z
DYTA,SGI Dynamic Tactical ETF,stocks,us,XNAS,ETF,True,usd,,BBG019RXCN03,BBG019RXCNW8,2026-08-11T06:10:16.602633019Z
DZZ,"DB Gold Double Short ETN due February 15, 2038",stocks,us,ARCX,ETN,True,usd,0001159508,BBG000BVZYD1,BBG001SJ3JY3,2026-08-11T06:10:16.6026331Z
E,ENI S.p.A.,stocks,us,XNYS,ADRC,True,usd,0001002242,BBG000BBPZZ9,BBG001S5QQ09,2026-08-11T06:10:16.60263317Z
EAD,Allspring Income Opportunities Fund,stocks,us,XASE,FUND,True,usd,0001210123,BBG000K5F5Z9,BBG001SJH6Q5,2026-08-11T06:10:16.60263338Z
EAF,GrafTech International Ltd.,stocks,us,XNYS,CS,True,usd,0000931148,BBG00KDYT8C4,BBG00KDYT9G8,2026-08-11T06:10:16.60263346Z
EAFG,Pacer Developed Markets Cash Cows Growth Leaders ETF,stocks,us,ARCX,ETF,True,usd,0001616668,BBG01M2PQ664,BBG01M2PQ726,2026-08-11T06:10:16.602633601Z
EAGG,iShares ESG Aware U.S. Aggregate Bond ETF,stocks,us,ARCX,ETF,True,usd,0001100663,BBG00MC0NZP7,BBG00MC0P0K7,2026-08-11T06:10:16.602633681Z
EAGL,Eagle Capital Select Equity ETF,stocks,us,ARCX,ETF,True,usd,0000945631,BBG01M375DT6,BBG01M375FN7,2026-08-11T06:10:16.602633771Z
EAI,"Entergy Arkansas, LLC First Mortgage Bonds, 4.875% Series due September 1, 2066",stocks,us,XNYS,SP,True,usd,0000007323,,,2026-08-11T06:10:16.602633851Z
EALT,Innovator U.S. Equity 5 to 15 Buffer ETF - Quarterly,stocks,us,BATS,ETF,True,usd,0001415726,BBG01JLFPCK4,BBG01JLFPDD0,2026-08-11T06:10:16.602633931Z
EAOA,iShares ESG Aware 80/20 Aggressive Allocation ETF,stocks,us,BATS,ETF,True,usd,0001100663,BBG00VFL1SR6,BBG00VFL1TJ3,2026-08-11T06:10:16.602634011Z
EAOK,iShares ESG Aware 30/70 Conservative Allocation ETF,stocks,us,BATS,ETF,True,usd,0001100663,BBG00VFL18C6,BBG00VFL1943,2026-08-11T06:10:16.602634091Z
EAOM,iShares ESG Aware 40/60 Moderate Allocation ETF,stocks,us,BATS,ETF,True,usd,0001100663,BBG00VFL1J50,BBG00VFL1JY8,2026-08-11T06:10:16.602634172Z
EAOR,iShares ESG Aware 60/40 Balanced Allocation ETF,stocks,us,BATS,ETF,True,usd,0001100663,BBG00VFL1MB6,BBG00VFL1N33,2026-08-11T06:10:16.602634242Z
EAPR,Innovator Emerging Markets Power Buffer ETF - April,stocks,us,ARCX,ETS,True,usd,0001482688,BBG00SXJPR76,BBG00SXJPRZ5,2026-08-11T06:10:16.602634322Z
EARN,Ellington Credit Company,stocks,us,XNYS,CS,True,usd,0001560672,BBG004DFMB77,BBG004DFMB86,2026-08-11T06:10:16.602634402Z
EART,Global X Funds Global X Rare Earth & Critical Materials ETF,stocks,us,XNAS,ETF,True,usd,,BBG014MY9494,BBG014MY95C7,2026-08-11T06:10:16.602634482Z
EASG,Xtrackers MSCI EAFE Selection Equity ETF,stocks,us,ARCX,ETF,True,usd,0001503123,BBG00LTQFL29,BBG00LTQFLT0,2026-08-11T06:10:16.602634562Z
EASY,Liberty One Defensive Dividend Growth ETF,stocks,us,XNAS,ETF,True,usd,0001552947,BBG01XHJJ0D1,BBG01XHJJ194,2026-08-11T06:10:16.602634643Z
EAT,"Brinker International, Inc.",stocks,us,XNYS,CS,True,usd,0000703351,BBG000BK28N7,BBG001S5RFV8,2026-08-11T06:10:16.602634913Z
EBAY,eBay Inc,stocks,us,XNAS,CS,True,usd,0001065088,BBG000C43RR5,BBG001S9B9J5,2026-08-11T06:10:16.602634993Z
EBC,"Eastern Bankshares, Inc. Common Stock",stocks,us,XNAS,CS,True,usd,0001810546,BBG00W9KWXC4,BBG00W9KWY41,2026-08-11T06:10:16.602635103Z
EBF,"Ennis, Inc.",stocks,us,XNYS,CS,True,usd,0000033002,BBG000BHJZF5,BBG001S5QQS9,2026-08-11T06:10:16.602635184Z
EBI,The RBB Fund Trust Longview Advantage ETF,stocks,us,XNAS,ETF,True,usd,,BBG01SD06TL9,BBG01SD06VJ7,2026-08-11T06:10:16.602635264Z
EBIT,Harbor AlphaEdge Small Cap Earners ETF,stocks,us,ARCX,ETF,True,usd,0001860434,BBG01NL7SDD6,BBG01NL7SFG8,2026-08-11T06:10:16.602635344Z
EBIZ,Global X E-commerce ETF,stocks,us,XNAS,ETF,True,usd,0001432353,BBG00MNPXTL7,BBG00MNPXVB3,2026-08-11T06:10:16.602635414Z
EBMT,"Eagle Bancorp Montana, Inc",stocks,us,XNAS,CS,True,usd,0001478454,BBG000BSHXP7,BBG001SF3Q66,2026-08-11T06:10:16.602635504Z
EBND,State Street SPDR Bloomberg Emerging Markets Local Bond ETF,stocks,us,ARCX,ETF,True,usd,0001064642,BBG001JZPCN0,BBG001V0JXM5,2026-08-11T06:10:16.602635584Z
EBON,Ebang International Holdings Inc. Class A Ordinary Shares,stocks,us,XNAS,CS,True,usd,0001799290,,,2026-08-11T06:10:16.602635664Z
EBS,"Emergent Biosolutions, Inc.",stocks,us,XNYS,CS,True,usd,0001367644,BBG000GW06J7,BBG001SP1G40,2026-08-11T06:10:16.602635745Z
EBUF,Innovator Emerging Markets 10 Buffer ETF - Quarterly,stocks,us,ARCX,ETS,True,usd,0001415726,BBG01NJ23S53,BBG01NJ23T15,2026-08-11T06:10:16.602635825Z
EC,Ecopetrol S.A,stocks,us,XNYS,ADRC,True,usd,0001444406,BBG000RJ1Y75,BBG001T3G3D1,2026-08-11T06:10:16.602635905Z
ECAT,BlackRock ESG Capital Allocation Term Trust,stocks,us,XNYS,FUND,True,usd,0001864843,BBG012Q6JDC0,BBG012Q6JF99,2026-08-11T06:10:16.602635985Z
ECBK,"ECB Bancorp, Inc. Common Stock",stocks,us,XNAS,CS,True,usd,0001914605,BBG0175VKH09,BBG0175VKJ23,2026-08-11T06:10:16.602636065Z
ECC,Eagle Point Credit Company,stocks,us,XNYS,FUND,True,usd,0001604174,BBG006XN8K06,BBG006XN8K15,2026-08-11T06:10:16.602636145Z
ECCC,Eagle Point Credit Company 6.50% Series C Term Preferred Shares due 2031,stocks,us,XNYS,SP,True,usd,0001604174,,,2026-08-11T06:10:16.602636416Z
ECCU,Eagle Point Credit Company 7.75% Notes due 2030,stocks,us,XNYS,SP,True,usd,0001604174,,,2026-08-11T06:10:16.602636626Z
ECCV,Eagle Point Credit Company 5.375% Notes due 2029,stocks,us,XNYS,SP,True,usd,0001604174,,,2026-08-11T06:10:16.602636706Z
ECCpD,Eagle Point Credit Company 6.75% Series D Preferred Shares,stocks,us,XNYS,PFD,True,usd,0001604174,,,2026-08-11T06:10:16.602636777Z
ECF,Ellsworth Growth and Income Fund Ltd,stocks,us,XASE,FUND,True,usd,0000793040,BBG000BB2DB9,BBG001S5QR43,2026-08-11T06:10:16.602636857Z
ECFpA,Ellsworth Growth and Income Fund Ltd. 5.25 percent Series A Cumulative Preferred Shares (Liquidation Preference $25.00 per share),stocks,us,XASE,PFD,True,usd,0000793040,,,2026-08-11T06:10:16.602636937Z
ECG,"Everus Construction Group, Inc.",stocks,us,XNYS,CS,True,usd,0002015845,BBG01M600X00,BBG01M600Y08,2026-08-11T06:10:16.602637017Z
ECH,iShares MSCI Chile ETF,stocks,us,BATS,ETF,True,usd,0000930667,BBG000TVZM75,BBG001T0LL05,2026-08-11T06:10:16.602637097Z
ECHO,EchoStar Corporation,stocks,us,XNAS,CS,True,usd,0001415404,BBG000TGLV00,BBG001T048Z5,2026-08-11T06:10:16.602637167Z
ECHX,Themes ETF Trust Leverage Shares 2X Long ECHO Daily ETF,stocks,us,XNAS,ETF,True,usd,,BBG01Z1S2ZZ0,BBG01Z1S30W9,2026-08-11T06:10:16.602637258Z
ECL,"Ecolab, Inc.",stocks,us,XNYS,CS,True,usd,0000031462,BBG000BHKYH4,BBG001S5QRB5,2026-08-11T06:10:16.602637328Z
ECML,Euclidean Fundamental Value ETF,stocks,us,ARCX,ETF,True,usd,,BBG01GMPK3L1,BBG01GMPK4G5,2026-08-11T06:10:16.602637408Z
ECNS,iShares MSCI China Small-Cap ETF,stocks,us,ARCX,ETF,True,usd,0001006249,BBG0016RMMX2,BBG001S56G21,2026-08-11T06:10:16.602637488Z
ECO,Okeanis Eco Tankers Corp.,stocks,us,XNYS,CS,True,usd,0001964954,,,2026-08-11T06:10:16.602637568Z
ECON,Columbia Research Enhanced Emerging Economies ETF,stocks,us,ARCX,ETF,True,usd,0001696209,BBG0015YT5B2,BBG001TCB9Y0,2026-08-11T06:10:16.602637648Z
ECOR,"electroCore, Inc. Common Stock",stocks,us,XNAS,CS,True,usd,0001560258,BBG006R93N12,BBG006R93QQ8,2026-08-11T06:10:16.602637718Z
ECOW,Pacer Emerging Markets Cash Cows 100 ETF,stocks,us,XNAS,ETF,True,usd,0001616668,BBG00P1MK298,BBG00P1MK314,2026-08-11T06:10:16.602638219Z
ECPG,"Encore Capital Group, Inc.",stocks,us,XNAS,CS,True,usd,0001084961,BBG000F369C7,BBG001SKFPK8,2026-08-11T06:10:16.6026383Z
ECVT,Ecovyst Inc.,stocks,us,XNYS,CS,True,usd,0001708035,BBG00GX8YK99,BBG00GX8YLD2,2026-08-11T06:10:16.60263846Z
ECX,ECARX Holdings Inc. Class A Ordinary shares,stocks,us,XNAS,CS,True,usd,0001861974,,,2026-08-11T06:10:16.60263857Z
ECXWW,ECARX Holdings Inc. Warrants,stocks,us,XNAS,WARRANT,True,usd,0001861974,,,2026-08-11T06:10:16.60263864Z
ED,"Consolidated Edison, Inc.",stocks,us,XNYS,CS,True,usd,0001047862,BBG000BHLYS1,BBG001S5QRL4,2026-08-11T06:10:16.60263872Z
EDBL,Edible Garden AG Incorporated Common Stock,stocks,us,XNAS,CS,True,usd,0001809750,BBG00YVK02X5,BBG00YVK02Y4,2026-08-11T06:10:16.602638801Z
EDBLW,Edible Garden AG Incorporated Warrant,stocks,us,XNAS,WARRANT,True,usd,0001809750,BBG0177CKSJ5,,2026-08-11T06:10:16.602638881Z
EDC,Direxion Daily MSCI Emerging Markets Bull 3X ETF,stocks,us,ARCX,ETF,True,usd,0001424958,BBG000H9W9L3,BBG001T36VZ6,2026-08-11T06:10:16.602638961Z
EDD,"Morgan Stanley Emerging Markets Domestic Debt Fund, Inc.",stocks,us,XNYS,FUND,True,usd,0001388141,BBG000PY8K68,BBG001SRJQL6,2026-08-11T06:10:16.602639041Z
EDEN,iShares MSCI Denmark ETF,stocks,us,BATS,ETF,True,usd,0001006249,BBG002DW4P82,BBG002DW4Q17,2026-08-11T06:10:16.602639111Z
EDF,Virtus Stone Harbor Emerging Markets Income Fund,stocks,us,XNYS,FUND,True,usd,0001501103,BBG00162SCL6,BBG001SZVVN1,2026-08-11T06:10:16.602639201Z
EDGE,MRBL Enhanced Equity ETF,stocks,us,BATS,ETF,True,usd,0001472091,BBG01RVZ6G96,BBG01RVZ6HD9,2026-08-11T06:10:16.602639271Z
EDGF,3EDGE Dynamic Fixed Income ETF,stocks,us,ARCX,ETF,True,usd,,BBG01Q3QH9Q4,BBG01Q3QHBN2,2026-08-11T06:10:16.602639352Z
EDGH,3EDGE Dynamic Hard Assets ETF,stocks,us,ARCX,ETF,True,usd,,BBG01Q3PPMG9,BBG01Q3PPN95,2026-08-11T06:10:16.602639432Z
EDGI,3EDGE Dynamic International Equity ETF,stocks,us,ARCX,ETF,True,usd,,BBG01Q3QJMB9,BBG01Q3QJN54,2026-08-11T06:10:16.602639512Z
EDGQ,Global X Nasdaq-100 Income Edge ETF,stocks,us,ARCX,ETF,True,usd,,BBG02096J361,BBG02096J4S5,2026-08-11T06:10:16.602639732Z
EDGU,3EDGE Dynamic US Equity ETF,stocks,us,ARCX,ETF,True,usd,,BBG01Q3PMXN0,BBG01Q3PMYP6,2026-08-11T06:10:16.602639812Z
EDGX,Global X U.S. 500 Income Edge ETF,stocks,us,ARCX,ETF,True,usd,,BBG02096XJQ8,BBG02096XKS3,2026-08-11T06:10:16.602639933Z
EDHL,Everbright Digital Holding Limited Ordinary Shares,stocks,us,XNAS,CS,True,usd,0002024876,,,2026-08-11T06:10:16.602640013Z
EDIT,"Editas Medicine, Inc. Common Stock",stocks,us,XNAS,CS,True,usd,0001650664,BBG005MX5GZ2,BBG005MX5H08,2026-08-11T06:10:16.602640093Z
EDIV,State Street SPDR S&P Emerging Markets Dividend ETF,stocks,us,ARCX,ETF,True,usd,0001168164,BBG001JZPDN8,BBG001V0JXP2,2026-08-11T06:10:16.602640173Z
EDN,Empresa Distribuidora Y Comercializadora Norte S.A. (Edenor),stocks,us,XNYS,ADRC,True,usd,0001395213,BBG000PMM892,BBG001SL6WF7,2026-08-11T06:10:16.602640243Z
EDOG,ALPS Emerging Sector Dividend Dogs ETF,stocks,us,ARCX,ETF,True,usd,0001414040,BBG0067VP191,BBG0067VP182,2026-08-11T06:10:16.602640323Z
EDOW,First Trust Dow 30 Equal Weight ETF,stocks,us,ARCX,ETF,True,usd,0001329377,BBG00HDBJMZ6,BBG00HDBJNP5,2026-08-11T06:10:16.602640404Z
EDRY,EuroDry Ltd. Common Shares,stocks,us,XNAS,CS,True,usd,0001731388,,,2026-08-11T06:10:16.602640484Z
EDSA,"Edesa Biotech, Inc. Common Shares",stocks,us,XNAS,CS,True,usd,0001540159,BBG000R0LC72,BBG001SPM284,2026-08-11T06:10:16.602640564Z
EDTK,Skillful Craftsman Education Technology Limited Ordinary Share,stocks,us,XNAS,CS,True,usd,0001782309,,,2026-08-11T06:10:16.602640644Z
EDU,"New Oriental Education and Technology Group, Inc. American Depositary Shares (each representing ten (10) Common Shares)",stocks,us,XNYS,ADRC,True,usd,0001372920,BBG000PTRRM5,BBG001SP9P33,2026-08-11T06:10:16.602640724Z
EDUC,Educational Development Corp,stocks,us,XNAS,CS,True,usd,0000031667,BBG000BHN9B2,BBG001S5QS05,2026-08-11T06:10:16.602640804Z
EDV,Vanguard World Funds Extended Duration ETF,stocks,us,ARCX,ETF,True,usd,,BBG000RRTPG6,BBG001SV5CV2,2026-08-11T06:10:16.602640885Z
EDZ,Direxion Daily MSCI Emerging Markets Bear 3X ETF,stocks,us,ARCX,ETF,True,usd,0001424958,BBG000HCPD17,BBG001SBZ441,2026-08-11T06:10:16.602640965Z
EE,"Excelerate Energy, Inc.",stocks,us,XNYS,CS,True,usd,0001888447,BBG014GJSRF5,BBG014GJSS81,2026-08-11T06:10:16.602641215Z
EEA,"The European Equity Fund, Inc.",stocks,us,XNYS,FUND,True,usd,0000791718,BBG000BK8WX7,BBG001S5RJQ6,2026-08-11T06:10:16.602641295Z
EEE,CYBER HORNET S&P 500 and Ethereum 75/25 Strategy ETF,stocks,us,XNAS,ETF,True,usd,,BBG01ZY1KD46,BBG01ZY1KF50,2026-08-11T06:10:16.602641406Z
EEFT,Euronet Worldwide Inc,stocks,us,XNAS,CS,True,usd,0001029199,BBG000BMNBY1,BBG001S9DW39,2026-08-11T06:10:16.602641486Z
EEIQ,EpicQuest Education Group International Limited Common Stock,stocks,us,XNAS,CS,True,usd,0001781397,,,2026-08-11T06:10:16.602641566Z
EELV,Invesco S&P Emerging Markets Low Volatility ETF,stocks,us,ARCX,ETF,True,usd,0000914208,BBG002DJ8GK3,BBG002DJ8H94,2026-08-11T06:10:16.602641646Z
EEM,iShares MSCI Emerging Markets ETF,stocks,us,ARCX,ETF,True,usd,0000930667,BBG000M0P5L2,BBG001SK77D5,2026-08-11T06:10:16.602641726Z
EEMA,iShares MSCI Emerging Markets Asia ETF,stocks,us,XNAS,ETF,True,usd,0001100663,BBG002MYG8C8,BBG002MYG936,2026-08-11T06:10:16.602641806Z
EEMO,Invesco S&P Emerging Markets Momentum ETF,stocks,us,ARCX,ETF,True,usd,0000914208,BBG002PL3XQ7,BBG002PL3YG6,2026-08-11T06:10:16.602641886Z
EEMS,iShares MSCI Emerging Markets Small-Cap ETF,stocks,us,ARCX,ETF,True,usd,0001100663,BBG000G4SNJ2,BBG001T2TH39,2026-08-11T06:10:16.602641967Z
EEMV,iShares MSCI Emerging Markets Min Vol Factor ETF,stocks,us,BATS,ETF,True,usd,0000930667,BBG0025X3F19,BBG0025X3FS0,2026-08-11T06:10:16.602642047Z
EEMX,State Street SPDR MSCI Emerging Markets Fossil Fuel Reserves Free ETF,stocks,us,ARCX,ETF,True,usd,0001168164,BBG00F161LM9,BBG00F161LN8,2026-08-11T06:10:16.602642117Z
EES,WisdomTree U.S. SmallCap Fund,stocks,us,ARCX,ETF,True,usd,0001350487,BBG000R1R061,BBG001SSZBC9,2026-08-11T06:10:16.602642197Z
EET,ProShares Ultra MSCI Emerging Markets,stocks,us,ARCX,ETF,True,usd,0001174610,BBG000JYPCT9,BBG001T3T6V0,2026-08-11T06:10:16.602642277Z
EETH,ProShares Ether ETF,stocks,us,ARCX,ETF,True,usd,0001174610,BBG01JLGM0D9,BBG01JLGM174,2026-08-11T06:10:16.602642357Z
EEV,ProShares Trust UltraShort MSCI Emerging Markets,stocks,us,ARCX,ETF,True,usd,0001174610,BBG000TSCZZ7,BBG001T0H195,2026-08-11T06:10:16.602642438Z
EFA,iShares MSCI EAFE ETF,stocks,us,ARCX,ETF,True,usd,0001100663,BBG000D2KQ55,BBG001SG09V7,2026-08-11T06:10:16.602642638Z
EFAA,Invesco MSCI EAFE Income Advantage ETF,stocks,us,ARCX,ETF,True,usd,0001418144,BBG01NQ5R7C0,BBG01NQ5R892,2026-08-11T06:10:16.602642718Z
EFAD,ProShares MSCI EAFE Dividend Growers ETF,stocks,us,BATS,ETF,True,usd,0001174610,BBG0070HRTT2,BBG0070HRTV9,2026-08-11T06:10:16.602642858Z
EFAS,Global X MSCI SuperDividend EAFE ETF,stocks,us,XNAS,ETF,True,usd,0001432353,BBG00F9533B3,BBG00F953421,2026-08-11T06:10:16.602642939Z
EFAV,iShares MSCI EAFE Min Vol Factor ETF,stocks,us,BATS,ETF,True,usd,0001100663,BBG0025X2VX0,BBG0025X2WP7,2026-08-11T06:10:16.602643019Z
EFAX,State Street SPDR MSCI EAFE Fossil Fuel Reserves Free ETF,stocks,us,ARCX,ETF,True,usd,0001168164,BBG00F161GN9,BBG00F161GP7,2026-08-11T06:10:16.602643099Z
EFC,Ellington Financial Inc. Common Stock,stocks,us,XNYS,CS,True,usd,0001411342,BBG000M1K955,BBG001SQ6V04,2026-08-11T06:10:16.602643179Z
EFCpB,Ellington Financial Inc. 6.250% Series B Fixed-Rate Reset Cumulative Redeemable Preferred Stock,stocks,us,XNYS,PFD,True,usd,0001411342,,,2026-08-11T06:10:16.602643249Z
EFCpC,Ellington Financial Inc. 8.625% Series C Fixed-Rate Reset Cumulative Redeemable Preferred Stock,stocks,us,XNYS,PFD,True,usd,0001411342,,,2026-08-11T06:10:16.602643329Z
EFCpD,Ellington Financial Inc. 7.00% Series D Cumulative Perpetual Redeemable Preferred Stock,stocks,us,XNYS,PFD,True,usd,0001411342,,,2026-08-11T06:10:16.602643409Z
EFFE,Harbor Osmosis Emerging Markets Resource Efficient ETF,stocks,us,ARCX,ETF,True,usd,0001860434,BBG01R50YX67,BBG01R50YY47,2026-08-11T06:10:16.60264349Z
EFFI,Harbor Osmosis International Resource Efficient ETF,stocks,us,ARCX,ETF,True,usd,0001860434,BBG01R4YV201,BBG01R4YV2V7,2026-08-11T06:10:16.60264357Z
EFG,iShares MSCI EAFE Growth ETF,stocks,us,BATS,ETF,True,usd,0001100663,BBG000HF82Y7,BBG001SP62C7,2026-08-11T06:10:16.60264365Z
EFIV,State Street SPDR S&P 500 ESG ETF,stocks,us,ARCX,ETF,True,usd,0001081019,BBG00W7DVDD6,BBG00W7DVF50,2026-08-11T06:10:16.60264373Z
EFNL,iShares MSCI Finland ETF,stocks,us,BATS,ETF,True,usd,0001006249,BBG002DMMDD5,BBG002DMMF40,2026-08-11T06:10:16.6026438Z
EFO,ProShares Ultra MSCI EAFE,stocks,us,ARCX,ETF,True,usd,0001174610,BBG000JYMP40,BBG001T3T6S4,2026-08-11T06:10:16.60264388Z
EFOI,"Energy Focus, Inc.",stocks,us,XNAS,CS,True,usd,0000924168,BBG000BTLBB3,BBG001S72R36,2026-08-11T06:10:16.602644672Z
EFOR,"Everforth, Inc.",stocks,us,XNYS,CS,True,usd,0000890564,BBG000CRN8N8,BBG001S71HP5,2026-08-11T06:10:16.602644752Z
EFR,Eaton Vance Senior Floating-Rate Fund,stocks,us,XNYS,FUND,True,usd,0001258623,BBG000BTQB82,BBG001SC5HJ7,2026-08-11T06:10:16.602644862Z
EFRA,iShares Environmental Infrastructure and Industrials ETF,stocks,us,XNAS,ETF,True,usd,0001100663,BBG01B9L79C8,BBG01B9L7B60,2026-08-11T06:10:16.602644942Z
EFSC,Enterprise Financial Services Corporation,stocks,us,XNAS,CS,True,usd,0001025835,BBG000DZN289,BBG001SKJVR4,2026-08-11T06:10:16.602645023Z
EFSCP,"Enterprise Financial Services Corporation Depositary Shares Each Representing a 1/40th Interest in a Share of 5% Fixed Rate Non-Cumulative Perpetual Preferred Stock, Series A",stocks,us,XNAS,PFD,True,usd,0001025835,,,2026-08-11T06:10:16.602645103Z
EFSI,Eagle Financial Services Inc Common Stock,stocks,us,XNAS,CS,True,usd,0000880641,BBG000FC4FJ8,BBG001SL9R65,2026-08-11T06:10:16.602645183Z
EFT,Eaton Vance Floating-Rate Income Trust,stocks,us,XNYS,FUND,True,usd,0001288992,BBG000Q1L8V3,BBG001SM29R7,2026-08-11T06:10:16.602645263Z
EFTY,"Etoiles Capital Group Co., Ltd. Class A Ordinary Shares",stocks,us,XNAS,CS,True,usd,0002058349,,,2026-08-11T06:10:16.602645333Z
EFU,ProShares Trust UltraShort MSCI EAFE,stocks,us,ARCX,ETF,True,usd,0001576151,BBG000TQWVY9,BBG001T0CWV7,2026-08-11T06:10:16.602645413Z
EFV,iShares MSCI EAFE Value ETF,stocks,us,BATS,ETF,True,usd,0001100663,BBG000GLBJK9,BBG001SNYBH6,2026-08-11T06:10:16.602645493Z
EFX,"Equifax, Incorporated",stocks,us,XNYS,CS,True,usd,0000033185,BBG000BHPL78,BBG001S5QSK3,2026-08-11T06:10:16.602645574Z
EFXT,Enerflex Ltd.,stocks,us,XNYS,CS,True,usd,0001904856,BBG001QVSNG2,BBG001SXXC92,2026-08-11T06:10:16.602645654Z
EFZ,ProShares Trust Short MSCI EAFE,stocks,us,ARCX,ETF,True,usd,0001174610,BBG000TQWJD9,BBG001T0CWR2,2026-08-11T06:10:16.602645734Z
EG,"Everest Group, Ltd.",stocks,us,XNYS,CS,True,usd,0001095073,,,2026-08-11T06:10:16.602645814Z
EGAN,eGain Corporation,stocks,us,XNAS,CS,True,usd,0001066194,BBG000C03573,BBG001SD2461,2026-08-11T06:10:16.602645894Z
EGBN,Eagle Bancorp Inc,stocks,us,XNAS,CS,True,usd,0001050441,BBG000C3HB24,BBG001SBX1Z5,2026-08-11T06:10:16.602646095Z
EGG,Enigmatig Limited,stocks,us,XASE,CS,True,usd,0001982961,,,2026-08-11T06:10:16.602646175Z
EGGQ,NestYield Visionary ETF,stocks,us,XNAS,ETF,True,usd,0001722388,BBG01RH88914,BBG01RH889Z7,2026-08-11T06:10:16.602646295Z
EGGS,NestYield Total Return Guard ETF,stocks,us,ARCX,ETF,True,usd,0001722388,BBG01RH9KJ61,BBG01RH9KK13,2026-08-11T06:10:16.602646375Z
EGGY,NestYield Dynamic Income ETF,stocks,us,ARCX,ETF,True,usd,0001722388,BBG01RH85SK4,BBG01RH85TH6,2026-08-11T06:10:16.602646455Z
EGHA,EGH Acquisition Corp. Class A Ordinary Shares,stocks,us,XNAS,CS,True,usd,0002052547,,,2026-08-11T06:10:16.602646535Z
EGHAR,EGH Acquisition Corp. Rights,stocks,us,XNAS,RIGHT,True,usd,0002052547,,,2026-08-11T06:10:16.602646656Z
EGHAU,EGH Acquisition Corp. Unit,stocks,us,XNAS,UNIT,True,usd,0002052547,,,2026-08-11T06:10:16.602646726Z
EGHT,"8x8, Inc. Common Stock",stocks,us,XNAS,CS,True,usd,0001023731,BBG000BCGHH7,BBG001S6JC97,2026-08-11T06:10:16.602646806Z
EGLE,Global X S&P 500 U.S. Revenue Leaders ETF,stocks,us,ARCX,ETF,True,usd,,BBG01THTD8S1,BBG01TMH6V35,2026-08-11T06:10:16.602646886Z
EGO,Eldorado Gold Corporation,stocks,us,XNYS,CS,True,usd,0000918608,BBG000BN7277,BBG001S5YPQ4,2026-08-11T06:10:16.602646966Z
EGP,EastGroup Properties Inc.,stocks,us,XNYS,CS,True,usd,0000049600,BBG000BHRBT4,BBG001S5QT03,2026-08-11T06:10:16.602647046Z
EGUS,iShares ESG Aware MSCI USA Growth ETF,stocks,us,BATS,ETF,True,usd,0001100663,BBG01DJ8DHQ2,BBG01DJ8DJK4,2026-08-11T06:10:16.602647127Z
EGY,"Vaalco Energy, Inc.",stocks,us,XNYS,CS,True,usd,0000894627,BBG000BTBH21,BBG001S76ZS7,2026-08-11T06:10:16.602647207Z
EH,EHang Holdings Limited ADS,stocks,us,XNAS,ADRC,True,usd,0001759783,BBG00QRFRQC9,BBG00QRFRR37,2026-08-11T06:10:16.602647287Z
EHC,Encompass Health Corporation Common Stock,stocks,us,XNYS,CS,True,usd,0000785161,BBG000BGBRG2,BBG001S5Q5B3,2026-08-11T06:10:16.602647357Z
EHCC,Global X Ethereum Covered Call ETF,stocks,us,BATS,ETF,True,usd,,BBG0219J85J4,BBG0219J86F6,2026-08-11T06:10:16.602647597Z
EHGO,Eshallgo Inc. Class A Ordinary Shares,stocks,us,XNAS,CS,True,usd,0001879754,,,2026-08-11T06:10:16.602647678Z
EHI,"Western Asset Global High Income Fund, Inc",stocks,us,XNYS,FUND,True,usd,0001228509,BBG000PQ4YV1,BBG001SLMLM5,2026-08-11T06:10:16.602647808Z
EHLD,Euroholdings Ltd. Common Stock,stocks,us,XNAS,CS,True,usd,0002032779,,,2026-08-11T06:10:16.602647888Z
EHLS,Even Herd Long Short ETF,stocks,us,XNAS,ETF,True,usd,0001924868,BBG01M2SMGD2,BBG01M2SMHB2,2026-08-11T06:10:16.602647958Z
EHTH,"eHealth, Inc.",stocks,us,XNAS,CS,True,usd,0001333493,BBG000P5JQX6,BBG001SQX565,2026-08-11T06:10:16.602648038Z
EHY,Amplify Ethereum Max Income Covered Call ETF,stocks,us,BATS,ETF,True,usd,0001633061,BBG01XS3NSB0,BBG01XS3NT82,2026-08-11T06:10:16.602648118Z
EIC,Eagle Point Income Company Inc.,stocks,us,XNYS,FUND,True,usd,0001754836,BBG00LFV6BR8,BBG00LFV6CJ5,2026-08-11T06:10:16.602648199Z
EICA,Eagle Point Income Company Inc. 5.00% Series A Term Preferred Stock due 2026,stocks,us,XNYS,SP,True,usd,0001754836,,,2026-08-11T06:10:16.602648299Z
EIDO,iShares MSCI Indonesia ETF,stocks,us,ARCX,ETF,True,usd,0001100663,BBG000QVL5M3,BBG001S56QM7,2026-08-11T06:10:16.602648379Z
EIG,"Employers Holdings, Inc.",stocks,us,XNYS,CS,True,usd,0001379041,BBG000DJX7Q3,BBG001SMM101,2026-08-11T06:10:16.602648449Z
EIIA,Eagle Point Institutional Income Fund 8.125% Series A Term Preferred Shares Due 2029,stocks,us,XNYS,PFD,True,usd,0001896036,,,2026-08-11T06:10:16.602648529Z
EIKN,"Eikon Therapeutics, Inc. Common Stock",stocks,us,XNAS,CS,True,usd,0001861123,BBG00T0XRJ75,BBG00T0XRJ84,2026-08-11T06:10:16.602648609Z
EIM,Eaton Vance Municipal Bond Fund,stocks,us,XASE,FUND,True,usd,0001176984,BBG000BD7C95,BBG001S6S949,2026-08-11T06:10:16.6026487Z
EINC,VanEck Energy Income ETF,stocks,us,ARCX,ETF,True,usd,0001137360,BBG002QM2M43,BBG002QM2MW2,2026-08-11T06:10:16.60264878Z
EIPI,FT Energy Income Partners Enhanced Income ETF,stocks,us,ARCX,ETF,True,usd,0001667919,BBG01MQW4J41,BBG01MQW4K20,2026-08-11T06:10:16.60264886Z
EIPX,FT Energy Income Partners Strategy ETF,stocks,us,ARCX,ETF,True,usd,0001517936,BBG01B92RNJ0,BBG01B92RPD1,2026-08-11T06:10:16.60264907Z
EIRL,iShares MSCI Ireland ETF,stocks,us,ARCX,ETF,True,usd,0001006249,BBG000QVLXY9,BBG001S56P85,2026-08-11T06:10:16.60264915Z
EIS,iShares MSCI Israel ETF,stocks,us,ARCX,ETF,True,usd,0000930667,BBG000VDCB71,BBG001T13884,2026-08-11T06:10:16.602649261Z
EIX,Edison International,stocks,us,XNYS,CS,True,usd,0000827052,BBG000D7RKJ5,BBG001S7MY75,2026-08-11T06:10:16.602649331Z
EJAN,Innovator Emerging Markets Power Buffer ETF  January,stocks,us,ARCX,ETS,True,usd,0001482688,BBG00R878PT1,BBG00R878QK8,2026-08-11T06:10:16.602649411Z
EJH,E-Home Household Service Holdings Limited Ordinary Shares,stocks,us,XNAS,CS,True,usd,0001769768,,,2026-08-11T06:10:16.602649491Z
EJUL,Innovator Emerging Markets Power Buffer ETF - July,stocks,us,ARCX,ETS,True,usd,0001482688,BBG00PLZ0LP9,BBG00PLZ0MN9,2026-08-11T06:10:16.602649571Z
EKG,First Trust Nasdaq Lux Digital Health Solutions ETF,stocks,us,XNAS,ETF,True,usd,,BBG0161B2CD6,BBG0161B2DV4,2026-08-11T06:10:16.602649651Z
EL,The Estee Lauder Companies Inc. Class A,stocks,us,XNYS,CS,True,usd,0001001250,BBG000FKJRC5,BBG001S8L5H6,2026-08-11T06:10:16.602649732Z
ELA,Envela Corporation,stocks,us,XASE,CS,True,usd,0000701719,BBG000G9WBK0,BBG001S684B4,2026-08-11T06:10:16.602649812Z
ELAB,PMGC Holdings Inc. Common Stock,stocks,us,XNAS,CS,True,usd,0001840563,BBG01JLC7VG4,BBG01JLC7VH3,2026-08-11T06:10:16.602649892Z
ELAN,Elanco Animal Health Incorporated Common Stock,stocks,us,XNYS,CS,True,usd,0001739104,BBG00LJYS1P8,BBG00LJYS1R6,2026-08-11T06:10:16.602649972Z
ELBM,Electra Battery Materials Corporation Common Stock,stocks,us,XNAS,CS,True,usd,0001907184,BBG00G3Q7LD5,BBG001VMMNC6,2026-08-11T06:10:16.602650042Z
ELC,"Entergy Louisiana, LLC Collateral Trust Mortgage Bonds, 4.875 % Series due September 1, 2066",stocks,us,XNYS,SP,True,usd,0001348952,,,2026-08-11T06:10:16.602650122Z
ELCV,Eventide High Dividend ETF,stocks,us,ARCX,ETF,True,usd,,BBG01Q35HBJ3,BBG01Q35HCJ1,2026-08-11T06:10:16.602650203Z
ELD,WisdomTree Emerging Markets Local Debt Fund,stocks,us,ARCX,ETF,True,usd,0001350487,BBG0014GXD84,BBG001SVS9X2,2026-08-11T06:10:16.602650293Z
ELDN,"Eledon Pharmaceuticals, Inc. Common Stock",stocks,us,XNAS,CS,True,usd,0001404281,BBG00241S542,BBG00241S579,2026-08-11T06:10:16.602650573Z
ELE,Elemental Royalty Corporation Common Stock,stocks,us,XNAS,CS,True,usd,0002086771,BBG00WDT6VH8,BBG001S9TK83,2026-08-11T06:10:16.602650764Z
ELF,"e.l.f. Beauty, Inc.",stocks,us,XNYS,CS,True,usd,0001600033,BBG00DQ6VYP3,BBG00DQ6VYQ2,2026-08-11T06:10:16.602650944Z
ELFY,ALPS Electrification Infrastructure ETF,stocks,us,XNAS,ETF,True,usd,0001414040,BBG01T6HZ3W1,BBG01T6HZ5W6,2026-08-11T06:10:16.602651024Z
ELIL,Direxion Shares ETF Trust Direxion Daily LLY Bull 2X ETF,stocks,us,XNAS,ETF,True,usd,,BBG01SPDBS98,BBG01SPDBT96,2026-08-11T06:10:16.602651104Z
ELLA,Ellington Credit Company 8.50% Notes due 2031,stocks,us,XNYS,SP,True,usd,0001560672,,,2026-08-11T06:10:16.602651184Z
ELLO,Ellomay Capital LTD,stocks,us,XASE,CS,True,usd,0000946394,,,2026-08-11T06:10:16.602651265Z
ELM,Elm Market Navigator ETF,stocks,us,ARCX,ETF,True,usd,,BBG01S7M8KM4,BBG01S7M8M31,2026-08-11T06:10:16.602651345Z
ELMD,"Electromed, Inc.",stocks,us,XASE,CS,True,usd,0001488917,BBG000QN5ZH9,BBG001T853R7,2026-08-11T06:10:16.602651425Z
ELME,Elme Communities,stocks,us,XNYS,CS,True,usd,0000104894,BBG000BWYX06,BBG001S5XJD3,2026-08-11T06:10:16.602651505Z
ELMT,The Elmet Group Co. Common Stock,stocks,us,XNAS,CS,True,usd,0002101698,BBG021C9CL39,BBG021C9CP94,2026-08-11T06:10:16.602651585Z
ELOG,Eastern International Ltd. Ordinary Shares,stocks,us,XNAS,CS,True,usd,0002013320,,,2026-08-11T06:10:16.602651655Z
ELOL,Leverage Shares 100% TSLA AND 100% SPCX Daily ETF,stocks,us,XNAS,ETF,True,usd,,BBG0240BTR58,BBG0240BTSR2,2026-08-11T06:10:16.602651735Z
ELOX,"Eloxx Pharmaceuticals, Inc. Common Stock",stocks,us,XNAS,CS,True,usd,0001035354,BBG000BGGWS3,BBG001S799Q4,2026-08-11T06:10:16.602651816Z
ELPC,Companhia Paranaense de Energia - COPEL American Depositary Shares (each representing four (4) Common Shares),stocks,us,XNYS,ADRC,True,usd,0001041792,BBG01KK16ZG8,BBG01KK170B9,2026-08-11T06:10:16.602651896Z
ELPW,Elong Power Holding Limited Class A Ordinary Shares,stocks,us,XNAS,CS,True,usd,0002015691,,,2026-08-11T06:10:16.602651976Z
ELS,"Equity Lifestyle Properties, Inc.",stocks,us,XNYS,CS,True,usd,0000895417,BBG000BB7SX7,BBG001S5T5G5,2026-08-11T06:10:16.602652176Z
ELTK,Eltek Ltd,stocks,us,XNAS,CS,True,usd,0001024672,,,2026-08-11T06:10:16.602652266Z
ELTX,"Elicio Therapeutics, Inc. Common Stock",stocks,us,XNAS,CS,True,usd,0001601485,BBG00444GM02,BBG00444GM11,2026-08-11T06:10:16.602652357Z
ELUT,Elutia Inc. Class A Common Stock,stocks,us,XNAS,CS,True,usd,0001708527,BBG00BRBB838,BBG00BRBB847,2026-08-11T06:10:16.602652437Z
ELV,"Elevance Health, Inc.",stocks,us,XNYS,CS,True,usd,0001156039,BBG000BCG930,BBG001S6KBQ8,2026-08-11T06:10:16.602652517Z
ELVA,Electrovaya Inc. Common Shares,stocks,us,XNAS,CS,True,usd,0001844450,BBG000DPKWC3,BBG001SGDN51,2026-08-11T06:10:16.602652597Z
ELVN,"Enliven Therapeutics, Inc. Common Stock",stocks,us,XNAS,CS,True,usd,0001672619,BBG00CP3BDD4,BBG00CP3BDF2,2026-08-11T06:10:16.602652677Z
ELVR,Elevra Lithium Limited American Depository Shares,stocks,us,XNAS,ADRC,True,usd,0001739016,BBG01X08CHB5,BBG01X08CJ67,2026-08-11T06:10:16.602652757Z
ELWT,"Elauwit Connection, Inc. Common Stock",stocks,us,XNAS,CS,True,usd,0002063863,BBG01X0HLC71,BBG01X0HLDS6,2026-08-11T06:10:16.602652828Z
EMA,Emera Incorporated,stocks,us,XNYS,CS,True,usd,0001127248,BBG000CX7YD7,BBG001S8TF95,2026-08-11T06:10:16.602652908Z
EMAT,Evolution Metals & Technologies Corp. Common Stock,stocks,us,XNAS,CS,True,usd,0001866226,BBG013XM3G08,BBG013XM3GV4,2026-08-11T06:10:16.602652988Z
EMAU,Corgi Emerging Markets Equities 15% Structured Buffer ETF - August Series,stocks,us,BATS,ETF,True,usd,,BBG023Y80M43,BBG023Y80NM1,2026-08-11T06:10:16.602653068Z
EMB,iShares J.P. Morgan USD Emerging Markets Bond ETF,stocks,us,XNAS,ETF,True,usd,0001100663,BBG000NXKWH0,BBG001SQS9Y2,2026-08-11T06:10:16.602653148Z
EMBC,Embecta Corp. Common Stock,stocks,us,XNAS,CS,True,usd,0001872789,BBG014L7D4G1,BBG014L7D4H0,2026-08-11T06:10:16.602653228Z
EMBD,Global X Emerging Markets Bond ETF,stocks,us,ARCX,ETF,True,usd,0001432353,BBG00V6QGVM7,BBG00V6QGWD5,2026-08-11T06:10:16.602653298Z
EMBJ,Embraer S.A. American Depositary Shares (Each representing Four Common Shares),stocks,us,XNYS,ADRC,True,usd,0001355444,BBG000BG3TV0,BBG001S63XQ9,2026-08-11T06:10:16.602653379Z
EMBX,VanEck Emerging Markets Bond ETF,stocks,us,ARCX,ETF,True,usd,0002095816,BBG01XNSM1N7,BBG01XNSM3C5,2026-08-11T06:10:16.602653619Z
EMC,Global X Emerging Markets Great Consumer ETF,stocks,us,ARCX,ETF,True,usd,,BBG01GJX6FP3,BBG01GJX6GJ8,2026-08-11T06:10:16.602653699Z
EMCB,WisdomTree Emerging Markets Corporate Bond Fund,stocks,us,XNAS,ETF,True,usd,0001350487,BBG002QBHCV3,BBG002QBHDL2,2026-08-11T06:10:16.602653809Z
EMCR,Xtrackers Emerging Markets Carbon Reduction and Climate Improvers ETF,stocks,us,ARCX,ETF,True,usd,0001503123,BBG00MQCZF86,BBG00MQCZG02,2026-08-11T06:10:16.60265389Z
EMCS,Xtrackers MSCI Emerging Markets Select ETF,stocks,us,ARCX,ETF,True,usd,0001503123,BBG00MQCZG93,BBG00MQCZH19,2026-08-11T06:10:16.60265397Z
EMD,"Western Asset Emerging Markets Debt Fund, Inc",stocks,us,XNYS,FUND,True,usd,0001227862,BBG000BVBPK8,BBG001SCCJM1,2026-08-11T06:10:16.60265406Z
EMDM,First Trust Bloomberg Emerging Market Democracies ETF,stocks,us,ARCX,ETF,True,usd,0001125816,BBG01FP6J8C3,BBG01FP6J977,2026-08-11T06:10:16.60265413Z
EMDV,ProShares MSCI Emerging Markets Dividend Growers ETF,stocks,us,BATS,ETF,True,usd,0001174610,BBG00C0B4YQ1,BBG00C0B4YR0,2026-08-11T06:10:16.60265421Z
EME,"EMCOR Group, Inc.",stocks,us,XNYS,CS,True,usd,0000105634,BBG000BBRPL4,BBG001S5QVG1,2026-08-11T06:10:16.60265431Z
EMEM,Sophus Capital Emerging Market ETF,stocks,us,XNAS,ETF,True,usd,,BBG022G5L6P0,BBG022G5L7R6,2026-08-11T06:10:16.602654391Z
EMEQ,Nomura ETF Trust Nomura Focused Emerging Markets Equity ETF,stocks,us,XNAS,ETF,True,usd,0001969995,BBG01PD4YXX4,BBG01PD4YYV4,2026-08-11T06:10:16.602654471Z
EMES,Harbor Emerging Markets Select ETF,stocks,us,ARCX,ETF,True,usd,0001860434,BBG01TXBDD29,BBG01TXBDFK4,2026-08-11T06:10:16.602654551Z
EMET,VanEck Copper and Electrification Metals ETF,stocks,us,ARCX,ETF,True,usd,,BBG013DQG7Q9,BBG013DQG8K3,2026-08-11T06:10:16.602654631Z
EMF,Templeton Emerging Markets Fund,stocks,us,XNYS,FUND,True,usd,0000809708,BBG000BHWFQ2,BBG001S5QVH0,2026-08-11T06:10:16.602654711Z
EMFI,Pictet Emerging Markets Debt ETF,stocks,us,ARCX,ETF,True,usd,0001969674,BBG021MHP5K2,BBG021MHP6N7,2026-08-11T06:10:16.602654791Z
EMGF,iShares Emerging Markets Equity Factor ETF,stocks,us,BATS,ETF,True,usd,0000930667,BBG00BM64QM1,BBG00BM64QL2,2026-08-11T06:10:16.602654872Z
EMHC,State Street SPDR Bloomberg Emerging Markets USD Bond ETF,stocks,us,ARCX,ETF,True,usd,0001081019,BBG00ZXP9PZ7,BBG00ZXP9R74,2026-08-11T06:10:16.602655072Z
EMHY,iShares J.P. Morgan EM High Yield Bond ETF,stocks,us,BATS,ETF,True,usd,0000930667,BBG002VCZQ17,BBG002VCZQS8,2026-08-11T06:10:16.602655152Z
EMIF,iShares Emerging Markets Infrastructure ETF,stocks,us,XNAS,ETF,True,usd,0001100663,BBG000G4XV35,BBG001T2TH75,2026-08-11T06:10:16.602655282Z
EMIS,Emmis Acquisition Corp. Class A Ordinary Shares,stocks,us,XNAS,CS,True,usd,0002075816,,,2026-08-11T06:10:16.602655352Z
EMISR,Emmis Acquisition Corp. Rights,stocks,us,XNAS,RIGHT,True,usd,0002075816,,,2026-08-11T06:10:16.602655433Z
EMJL,Corgi Emerging Markets Equities 15% Structured Buffer ETF - July Series,stocks,us,BATS,ETF,True,usd,,BBG023DDFMP6,BBG023DDFPC3,2026-08-11T06:10:16.602655523Z
EMJN,Corgi Emerging Markets Equities 15% Structured Buffer ETF - June Series,stocks,us,BATS,ETF,True,usd,,BBG022MHYK90,BBG022MHYL89,2026-08-11T06:10:16.602655593Z
EMKT,Lazard Emerging Markets Opportunities ETF,stocks,us,ARCX,ETF,True,usd,0000900475,BBG01Y2L25X5,BBG01Y2L26W4,2026-08-11T06:10:16.602655673Z
EML,Eastern Company,stocks,us,XNAS,CS,True,usd,0000031107,BBG000BHWVB3,BBG001S5QVP1,2026-08-11T06:10:16.602655753Z
EMLC,VanEck J. P. Morgan EM Local Currency Bond ETF,stocks,us,ARCX,ETF,True,usd,0001137360,BBG000BF8YP3,BBG001T9BPT7,2026-08-11T06:10:16.602655833Z
EMLP,First Trust North American Energy Infrastructure Fund,stocks,us,ARCX,ETF,True,usd,0001517936,BBG0034YTQY8,BBG0034YTRP6,2026-08-11T06:10:16.602655914Z
EMM,Global X Emerging Markets ex-China ETF,stocks,us,ARCX,ETF,True,usd,,BBG01GJX1749,BBG01GJX18Z3,2026-08-11T06:10:16.602655994Z
EMMF,WisdomTree Emerging Markets Multifactor Fund,stocks,us,ARCX,ETF,True,usd,0001350487,BBG00LNNW350,BBG00LNNW3X9,2026-08-11T06:10:16.602656074Z
EMMY,Corgi Emerging Markets Equities 15% Structured Buffer ETF - May Series,stocks,us,BATS,ETF,True,usd,,BBG0223FJ372,BBG0223FJ461,2026-08-11T06:10:16.602656154Z
EMN,Eastman Chemical Company,stocks,us,XNYS,CS,True,usd,0000915389,BBG000BLW530,BBG001S7JNP3,2026-08-11T06:10:16.602656234Z
EMNT,PIMCO Enhanced Short Maturity Active ESG ETF,stocks,us,ARCX,ETF,True,usd,0001450011,BBG00QQFDT39,BBG00QQFDTV8,2026-08-11T06:10:16.602656314Z
EMO,ClearBridge Energy Midstream Opportunity Fund Inc.,stocks,us,XNYS,FUND,True,usd,0001517518,BBG001M6WF64,BBG001V10LQ5,2026-08-11T06:10:16.602656515Z
EMOP,AB Emerging Markets Opportunities ETF,stocks,us,ARCX,ETF,True,usd,,BBG01V85RGF9,BBG01V85RH94,2026-08-11T06:10:16.602656605Z
EMOT,First Trust S&P 500 Economic Moat ETF,stocks,us,ARCX,ETF,True,usd,0001552740,BBG01NG4D178,BBG01NG4D221,2026-08-11T06:10:16.602656705Z
EMP,"Entergy Mississippi, LLC First Mortgage Bonds, 4.90% Series due October 1, 2066",stocks,us,XNYS,CS,True,usd,0000066901,,,2026-08-11T06:10:16.602656785Z
EMPB,Efficient Market Portfolio Plus ETF,stocks,us,ARCX,ETF,True,usd,,BBG01R7268R4,BBG01R7269Q3,2026-08-11T06:10:16.602656865Z
EMPD,Empery Digital Inc. Common stock,stocks,us,XNAS,CS,True,usd,0001829794,BBG012GNY0K6,BBG012GNY1D2,2026-08-11T06:10:16.602656945Z
EMQQ,EMQQ The Emerging Markets Internet ETF,stocks,us,ARCX,ETF,True,usd,0001452937,BBG007J2YCX9,BBG007J2YCW0,2026-08-11T06:10:16.602657026Z
EMR,Emerson Electric Co.,stocks,us,XNYS,CS,True,usd,0000032604,BBG000BHX7N2,BBG001S5QVT7,2026-08-11T06:10:16.602657106Z
EMSC,Sophus Capital Emerging Market Small Cap ETF,stocks,us,XNAS,ETF,True,usd,,BBG022DWSH82,BBG022DWSJD2,2026-08-11T06:10:16.602657186Z
EMSF,Matthews Emerging Markets Sustainable Future Active ETF,stocks,us,ARCX,ETF,True,usd,0001520118,BBG01JFJDX66,BBG01JFJDY37,2026-08-11T06:10:16.602657266Z
EMTY,ProShares Decline of the Retail Store ETF,stocks,us,ARCX,ETF,True,usd,0001174610,BBG00J7QR8C3,BBG00J7QR922,2026-08-11T06:10:16.602657346Z
EMXC,iShares MSCI Emerging Markets ex China ETF,stocks,us,XNAS,ETF,True,usd,0000930667,BBG00H5VLMJ6,BBG00H5VLN77,2026-08-11T06:10:16.602657426Z
EMXF,iShares ESG Advanced MSCI EM ETF,stocks,us,XNAS,ETF,True,usd,0001100663,BBG00XR16BC1,BBG00XR16C66,2026-08-11T06:10:16.602657507Z
EMXX,Corgi Emerging Markets 2x Daily ETF,stocks,us,BATS,ETF,True,usd,0002078265,BBG022KFCNP6,BBG022KFCPM4,2026-08-11T06:10:16.602657587Z
ENB,"Enbridge, Inc",stocks,us,XNYS,CS,True,usd,0000895728,BBG000K5M1S8,BBG001S6Q6D7,2026-08-11T06:10:16.602657657Z
ENDW,Cambria Endowment Style ETF,stocks,us,XNAS,ETF,True,usd,,BBG01TCGVRN7,BBG01TCGVSW5,2026-08-11T06:10:16.602657737Z
ENFR,Alerian Energy Infrastructure ETF,stocks,us,ARCX,ETF,True,usd,0001414040,BBG005HVCXT4,BBG005HVCXV1,2026-08-11T06:10:16.602658358Z
ENGN,enGene Therapeutics Inc. Common Stock,stocks,us,XNAS,CS,True,usd,0001980845,BBG01J1GCYW7,BBG01J1GCYX6,2026-08-11T06:10:16.602658438Z
ENGNW,enGene Therapeutics Inc. Warrants,stocks,us,XNAS,WARRANT,True,usd,0001980845,BBG01J3GCZQ9,,2026-08-11T06:10:16.602658589Z
ENGS,Energys Group Limited Ordinary Shares,stocks,us,XNAS,CS,True,usd,0001971828,,,2026-08-11T06:10:16.602658659Z
ENHA,Enhanced Group Inc.,stocks,us,XNYS,CS,True,usd,0001956439,BBG01V6DQSM1,BBG01V6DQTG6,2026-08-11T06:10:16.602658739Z
ENHI,iShares Enhanced International Active ETF,stocks,us,XNAS,ETF,True,usd,0001761055,BBG0206GRMR8,BBG0206GRR24,2026-08-11T06:10:16.602658819Z
ENHU,iShares Enhanced Large Cap Core Active ETF,stocks,us,XNAS,ETF,True,usd,0001761055,BBG01Y5RQXM4,BBG01Y5RQYX0,2026-08-11T06:10:16.602658899Z
ENIC,Enel Chile S.A. American Depositary Shares Representing Common Stock (Each representing 50 shares of Common Stock),stocks,us,XNYS,ADRC,True,usd,0001659939,BBG00CMP4ZT0,BBG00CMP50J7,2026-08-11T06:10:16.602658979Z
ENJ,"Entergy New Orleans, LLC First Mortgage Bonds, 5.0% Series due December 1, 2052",stocks,us,XNYS,SP,True,usd,0000071508,,,2026-08-11T06:10:16.60265906Z
ENLT,Enlight Renewable Energy Ltd. Ordinary Shares,stocks,us,XNAS,CS,True,usd,0001922641,,,2026-08-11T06:10:16.60265915Z
ENLV,Enlivex Ltd. Ordinary Shares,stocks,us,XNAS,CS,True,usd,0001596812,,,2026-08-11T06:10:16.60265922Z
ENO,"Entergy New Orleans, LLC First Mortgage Bonds, 5.50% Series due April 1, 2066",stocks,us,XNYS,SP,True,usd,0000071508,,,2026-08-11T06:10:16.6026593Z
ENOR,iShares MSCI Norway ETF,stocks,us,BATS,ETF,True,usd,0001006249,BBG002DMLTJ5,BBG002DMLV82,2026-08-11T06:10:16.60265939Z
ENOV,Enovis Corporation,stocks,us,XNYS,CS,True,usd,0001420800,BBG000C5Z443,BBG001SC04J1,2026-08-11T06:10:16.60265947Z
ENPH,"Enphase Energy, Inc.",stocks,us,XNAS,CS,True,usd,0001463101,BBG001R3MNY9,BBG001V28NC6,2026-08-11T06:10:16.602659541Z
ENR,"Energizer Holdings, Inc",stocks,us,XNYS,CS,True,usd,0001632790,BBG006FCB019,BBG006FCB028,2026-08-11T06:10:16.602659621Z
ENRD,Einride AB American Depositary Shares,stocks,us,XNAS,ADRC,True,usd,0002095096,BBG022WN4S10,BBG022WN4T81,2026-08-11T06:10:16.602659841Z
ENRDW,Einride AB Warrants,stocks,us,XNAS,WARRANT,True,usd,0002095096,BBG022WN7SW3,,2026-08-11T06:10:16.602659921Z
ENS,"EnerSys, Inc.",stocks,us,XNYS,CS,True,usd,0001289308,BBG000PWTD92,BBG001SLVXW8,2026-08-11T06:10:16.602660082Z
ENSC,"Ensysce Biosciences, Inc. Common Stock",stocks,us,XNAS,CS,True,usd,0001716947,BBG00JFF4174,BBG00JFF4183,2026-08-11T06:10:16.602660162Z
ENSG,"The Ensign Group, Inc.",stocks,us,XNAS,CS,True,usd,0001125376,BBG000K1T9L0,BBG001SPNL09,2026-08-11T06:10:16.602660232Z
ENTA,"Enanta Pharmaceuticals, Inc",stocks,us,XNAS,CS,True,usd,0001177648,BBG001V9NSB4,BBG001V9NSC3,2026-08-11T06:10:16.602660312Z
ENTG,Entegris Inc,stocks,us,XNAS,CS,True,usd,0001101302,BBG000CTV4N4,BBG001SF9YL6,2026-08-11T06:10:16.602660392Z
ENTL,Leverage Shares 2X Long ENTG Daily ETF,stocks,us,BATS,ETF,True,usd,,BBG0236XZCD3,BBG0236XZDD1,2026-08-11T06:10:16.602660472Z
ENTX,Entera Bio Ltd. Ordinary Shares,stocks,us,XNAS,CS,True,usd,0001638097,,,2026-08-11T06:10:16.602660552Z
ENVA,"Enova International, Inc.",stocks,us,XNYS,CS,True,usd,0001529864,BBG0022PSJ14,BBG0022PSJT4,2026-08-11T06:10:16.602660633Z
ENVB,"Enveric Biosciences, Inc. Common Stock",stocks,us,XNAS,CS,True,usd,0000890821,BBG000BBQ281,BBG001S5W660,2026-08-11T06:10:16.602660713Z
ENVX,Enovix Corporation Common Stock,stocks,us,XNAS,CS,True,usd,0001828318,BBG00YC53854,BBG00YC538B7,2026-08-11T06:10:16.602660793Z
ENZL,iShares Trust iShares MSCI New Zealand ETF,stocks,us,XNAS,ETF,True,usd,0000913414,BBG0015M9W30,BBG001TC2GR2,2026-08-11T06:10:16.602660873Z
EO,Corgi EOSE 2x Daily ETF,stocks,us,BATS,ETF,True,usd,,BBG0230KDKC4,BBG0230KDLB3,2026-08-11T06:10:16.602660953Z
EOCT,Innovator Emerging Markets Power Buffer ETF-October,stocks,us,ARCX,ETS,True,usd,0001482688,BBG012S333W2,BBG012S334Q7,2026-08-11T06:10:16.602661033Z
EOD,Allspring Global Dividend Opportunity Fund,stocks,us,XNYS,FUND,True,usd,0001386067,BBG000CRHXK3,BBG001SM51M6,2026-08-11T06:10:16.602661104Z
EOG,"EOG Resources, Inc.",stocks,us,XNYS,CS,True,usd,0000821189,BBG000BZ9223,BBG001S5ZB93,2026-08-11T06:10:16.602661334Z
EOI,Eaton Vance Enhanced Equity Income Fund,stocks,us,XNYS,FUND,True,usd,0001300391,BBG000BH97J4,BBG001S7ZLC3,2026-08-11T06:10:16.602661414Z
EOLS,"Evolus, Inc. Common Stock",stocks,us,XNAS,CS,True,usd,0001570562,BBG005CX4HK8,BBG005CX4HL7,2026-08-11T06:10:16.602661524Z
EONR,EON Resources Inc.,stocks,us,XASE,CS,True,usd,0001842556,BBG00Z83TWF9,BBG00Z83TWG8,2026-08-11T06:10:16.602661604Z
EONR.WS,"EON Resources Inc. Warrants, each whole warrant exercisable for three quarters of one share of Class A Common Stock at an exercise price of $11.50 per whole share",stocks,us,XASE,WARRANT,True,usd,0001842556,BBG01137RBB1,,2026-08-11T06:10:16.602661685Z
EOS,Eaton Vance Enhance Equity Income Fund II,stocks,us,XNYS,FUND,True,usd,0001308335,BBG000QR2TF9,BBG001SNGXL3,2026-08-11T06:10:16.602661765Z
EOSE,"Eos Energy Enterprises, Inc. Class A Common Stock",stocks,us,XNAS,CS,True,usd,0001805077,BBG00V1KJ6F5,BBG00V1KJ6G4,2026-08-11T06:10:16.602661845Z
EOSEW,"Eos Energy Enterprises, Inc. Warrant",stocks,us,XNAS,WARRANT,True,usd,0001805077,BBG024519JM6,,2026-08-11T06:10:16.602661915Z
EOSU,T-REX 2X Long EOSE Daily Target ETF,stocks,us,BATS,ETF,True,usd,,BBG01ZJ8T5X4,BBG01ZJ8T6T7,2026-08-11T06:10:16.602661995Z
EOT,EATON VANCE NATIONAL MUNICIPAL OPPORTUNITIES TRUST,stocks,us,XNYS,FUND,True,usd,0001454741,BBG000D5LLH5,BBG001T0RCC6,2026-08-11T06:10:16.602662075Z
EP,Empire Petroleum Corporation,stocks,us,XASE,CS,True,usd,0000887396,BBG000BBS3H7,BBG001S5QVS8,2026-08-11T06:10:16.602662156Z
EPAC,Enerpac Tool Group Corp.,stocks,us,XNYS,CS,True,usd,0000006955,BBG000B9WX45,BBG001S5NYQ7,2026-08-11T06:10:16.602662236Z
EPAI,Harbor AI Inflection Strategy ETF,stocks,us,ARCX,ETF,True,usd,0001860434,BBG01Z0WNY37,BBG01Z0WNZ07,2026-08-11T06:10:16.602662316Z
EPAM,"EPAM SYSTEMS, INC.",stocks,us,XNYS,CS,True,usd,0001352010,BBG000MHTV89,BBG001SKDJH8,2026-08-11T06:10:16.602662406Z
EPC,Edgewell Personal Care Company,stocks,us,XNYS,CS,True,usd,0001096752,BBG000BRW644,BBG001SF1XY2,2026-08-11T06:10:16.602662486Z
EPD,Enterprise Products Partners L.P.,stocks,us,XNYS,CS,True,usd,0001061219,BBG000BR3012,BBG001S9P0Z1,2026-08-11T06:10:16.602662727Z
EPEM,Harbor Emerging Markets Equity ETF,stocks,us,ARCX,ETF,True,usd,0001860434,BBG01TQRTHV4,BBG01TQRTJQ6,2026-08-11T06:10:16.602662917Z
EPHE,iShares MSCI Philippines ETF,stocks,us,ARCX,ETF,True,usd,0000930667,BBG0016RN6D8,BBG001TCKW33,2026-08-11T06:10:16.602662997Z
EPI,WisdomTree India Earnings Fund ETF,stocks,us,ARCX,ETF,True,usd,0001350487,BBG000VC1C55,BBG001T21LV9,2026-08-11T06:10:16.602663077Z
EPIN,Harbor International Equity ETF,stocks,us,ARCX,ETF,True,usd,0001860434,BBG01TQRZ4W5,BBG01TQRZ5S7,2026-08-11T06:10:16.602663157Z
EPM,Evolution Petroleum Corporation,stocks,us,XASE,CS,True,usd,0001006655,BBG000C15T59,BBG001S7PJP5,2026-08-11T06:10:16.602663238Z
EPMB,Harbor Mid Cap Core ETF,stocks,us,ARCX,ETF,True,usd,0001860434,BBG01TQRMTQ1,BBG01TQRMVN9,2026-08-11T06:10:16.602663318Z
EPMV,Harbor Mid Cap Value ETF,stocks,us,ARCX,ETF,True,usd,0001860434,BBG01TQRPXH9,BBG01TQRPYC2,2026-08-11T06:10:16.602663398Z
EPOL,iShares MSCI Poland ETF,stocks,us,ARCX,ETF,True,usd,0001100663,BBG000QYG6S5,BBG001S56L11,2026-08-11T06:10:16.602663478Z
EPOW,E-Power Inc. Class A Ordinary Shares,stocks,us,XNAS,CS,True,usd,0001780731,,,2026-08-11T06:10:16.602663548Z
EPP,iShares MSCI Pacific ex Japan ETF,stocks,us,ARCX,ETF,True,usd,0000930667,BBG000BJ1XP4,BBG001S89L03,2026-08-11T06:10:16.602663628Z
EPR,EPR Properties,stocks,us,XNYS,CS,True,usd,0001045450,BBG000BSZYR3,BBG001SB5QR0,2026-08-11T06:10:16.602663709Z
EPRF,Innovator S&P Investment Grade Preferred ETF,stocks,us,BATS,ETF,True,usd,0001415726,BBG00CXM70V6,BBG00CXM70W5,2026-08-11T06:10:16.602663789Z
EPRT,"Essential Properties Realty Trust, Inc.",stocks,us,XNYS,CS,True,usd,0001728951,BBG00L17LGJ7,BBG00L17LH87,2026-08-11T06:10:16.602664069Z
EPRX,Eupraxia Pharmaceuticals Inc. Common Stock,stocks,us,XNAS,CS,True,usd,0001581178,BBG011CHM224,BBG00Z83VS56,2026-08-11T06:10:16.602664149Z
EPRpC,EPR Properties 5.75% Series C Cumulative Convertible Preferred Shares,stocks,us,XNYS,PFD,True,usd,0001045450,,,2026-08-11T06:10:16.60266425Z
EPRpE,EPR Properties 9.00% Series E Cumulative Convertible Preferred Shares,stocks,us,XNYS,PFD,True,usd,0001045450,,,2026-08-11T06:10:16.60266434Z
EPRpG,EPR Properties 5.750% Series G Cumulative Redeemable Preferred Shares,stocks,us,XNYS,PFD,True,usd,0001045450,,,2026-08-11T06:10:16.60266442Z
EPS,WisdomTree U.S. LargeCap Fund,stocks,us,ARCX,ETF,True,usd,0001350487,BBG000R1PCX7,BBG001SSZB57,2026-08-11T06:10:16.6026645Z
EPSB,Harbor SMID Cap Core ETF,stocks,us,ARCX,ETF,True,usd,0001860434,BBG01TQRRQD6,BBG01TQRRR80,2026-08-11T06:10:16.60266458Z
EPSM,Epsium Enterprise Limited Class A Ordinary Shares,stocks,us,XNAS,CS,True,usd,0001883437,,,2026-08-11T06:10:16.60266466Z
EPSN,Epsilon Energy Ltd.,stocks,us,XNAS,CS,True,usd,0001726126,BBG000BHJM37,BBG001SBVQH2,2026-08-11T06:10:16.602664741Z
EPSV,Harbor SMID Cap Value ETF,stocks,us,ARCX,ETF,True,usd,0001860434,BBG01TQRXF43,BBG01TQRXG41,2026-08-11T06:10:16.602664811Z
EPU,iShares MSCI Peru and Global Exposure ETF,stocks,us,ARCX,ETF,True,usd,0000913414,BBG000MF3YP6,BBG001T4R2P6,2026-08-11T06:10:16.602664891Z
EPV,ProShares UltraShort FTSE Europe,stocks,us,ARCX,ETF,True,usd,0001576151,BBG000MKHDC0,BBG001T4SGB9,2026-08-11T06:10:16.602664971Z
EPpC,El Paso Energy Capital Trust I,stocks,us,XNYS,PFD,True,usd,0000887396,,,2026-08-11T06:10:16.602665051Z
EQ,"Equillium, Inc. Common Stock",stocks,us,XNAS,CS,True,usd,0001746466,BBG00LSL8C10,BBG00LSL8C29,2026-08-11T06:10:16.602665131Z
EQAL,Invesco Russell 1000 Equal Weight ETF,stocks,us,ARCX,ETF,True,usd,0001378872,BBG007RBRVZ4,BBG007RBRW19,2026-08-11T06:10:16.602665211Z
EQBK,"Equity Bancshares, Inc.",stocks,us,XNYS,CS,True,usd,0001227500,BBG000QKJS40,BBG001SN1XQ4,2026-08-11T06:10:16.602665322Z
EQH,"Equitable Holdings, Inc.",stocks,us,XNYS,CS,True,usd,0001333986,BBG00J7CBVW8,BBG00J7CBWL8,2026-08-11T06:10:16.602665402Z
EQHpA,"Equitable Holdings, Inc. Depositary Shares, each representing a 1/1000th interest in a share of Fixed Rate Noncumulative Perpetual Preferred Stock, Series A",stocks,us,XNYS,PFD,True,usd,0001333986,,,2026-08-11T06:10:16.602665482Z
EQHpC,"Equitable Holdings, Inc. Depositary Shares, each representing a 1/1, 000th interest in a share of Fixed Rate Noncumulative Perpetual Preferred Stock, Series C",stocks,us,XNYS,PFD,True,usd,0001333986,,,2026-08-11T06:10:16.602665552Z
EQIN,Columbia U.S. Equity Income ETF,stocks,us,ARCX,ETF,True,usd,0001551950,BBG00D2R0FX9,BBG00D2R0FY8,2026-08-11T06:10:16.602665632Z
EQIX,"Equinix, Inc. Common Stock REIT",stocks,us,XNAS,CS,True,usd,0001101239,BBG000MBDGM6,BBG001SKBNS9,2026-08-11T06:10:16.602665853Z
EQL,ALPS Equal Sector Weight ETF,stocks,us,ARCX,ETF,True,usd,0001414040,BBG000N8Y785,BBG001T53M75,2026-08-11T06:10:16.602666093Z
EQLT,iShares MSCI Emerging Markets Quality Factor ETF,stocks,us,BATS,ETF,True,usd,0001100663,BBG01PK3DGJ4,BBG01PK3DHW7,2026-08-11T06:10:16.602666163Z
EQNR,"Equinor ASA American Depositary Shares (Each Representing One Ordinary Share, nominal value NOK 2.50 per share)",stocks,us,XNYS,ADRC,True,usd,0001140625,BBG000NT0ZZ4,BBG001SJ3R93,2026-08-11T06:10:16.602666243Z
EQPT,EquipmentShare.com Inc Class A Common Stock,stocks,us,XNAS,CS,True,usd,0001693736,BBG00CZT1CC0,BBG00CZT1CD9,2026-08-11T06:10:16.602666324Z
EQQQ,ProShares Ultra QQQ Equal Weight,stocks,us,XNAS,ETF,True,usd,,BBG023WHZX61,BBG023WHZYQ7,2026-08-11T06:10:16.602666404Z
EQR,Equity Residential,stocks,us,XNYS,CS,True,usd,0000906107,BBG000BG8M31,BBG001S723L9,2026-08-11T06:10:16.602666484Z
EQRR,ProShares Equities for Rising Rates ETF,stocks,us,XNAS,ETF,True,usd,0001174610,BBG00H4371J1,BBG00H437272,2026-08-11T06:10:16.602666554Z
EQS,"Equus Total Return, Inc.",stocks,us,XNYS,CS,True,usd,0000878932,BBG000CWM7W0,BBG001S73WF1,2026-08-11T06:10:16.602666644Z
EQT,EQT CORP,stocks,us,XNYS,CS,True,usd,0000033213,BBG000BHZ5J9,BBG001S5QXJ4,2026-08-11T06:10:16.602666724Z
EQTY,Kovitz Core Equity ETF,stocks,us,ARCX,ETF,True,usd,,BBG01BX1KSN6,BBG01BX1KTH1,2026-08-11T06:10:16.602666815Z
EQWL,Invesco S&P 100 Equal Weight ETF,stocks,us,ARCX,ETF,True,usd,0001547580,BBG000QDSHZ6,BBG001SS30F5,2026-08-11T06:10:16.602666895Z
EQX,Equinox Gold Corp.,stocks,us,XASE,CS,True,usd,0001756607,BBG004XB7MN9,BBG001SSK0K0,2026-08-11T06:10:16.602666975Z
ERAS,"Erasca, Inc. Common Stock",stocks,us,XNAS,CS,True,usd,0001761918,BBG00MTSR883,BBG00MTSR892,2026-08-11T06:10:16.602667055Z
ERC,Allspring Multi-Sector Income Fund,stocks,us,XASE,FUND,True,usd,0001227073,BBG000PMWRY1,BBG001SLHRS2,2026-08-11T06:10:16.602667135Z
ERET,iShares Environmentally Aware Real Estate ETF,stocks,us,XNAS,ETF,True,usd,0001100663,BBG01BG3WMX0,BBG01BG3WNR5,2026-08-11T06:10:16.602667215Z
ERH,Allspring Utilities and High Income Fund,stocks,us,XASE,FUND,True,usd,0001279014,BBG000N6X575,BBG001SKNN24,2026-08-11T06:10:16.602667416Z
ERIC,Ericsson American Depositary Shares,stocks,us,XNAS,ADRC,True,usd,0000717826,BBG000BB0QF8,BBG001S5QXT3,2026-08-11T06:10:16.602667486Z
ERIE,Erie Indemnity Co,stocks,us,XNAS,CS,True,usd,0000922621,BBG000BBTJZ1,BBG001S5QXV0,2026-08-11T06:10:16.602667616Z
ERII,"Energy Recovery, Inc.",stocks,us,XNAS,CS,True,usd,0001421517,BBG000VFBBC1,BBG001T28M86,2026-08-11T06:10:16.602667736Z
ERNA,Ernexa Therapeutics Inc. Common Stock,stocks,us,XNAS,CS,True,usd,0000748592,BBG000CX5677,BBG001S74KP5,2026-08-11T06:10:16.602667816Z
ERNAW,Ernexa Therapeutics Inc. Warrants,stocks,us,XNAS,WARRANT,True,usd,0000748592,BBG0202BSWT8,,2026-08-11T06:10:16.602667897Z
ERO,Ero Copper Corp.,stocks,us,XNYS,CS,True,usd,0001853860,BBG00J09YMM8,BBG00HNV5D86,2026-08-11T06:10:16.602667977Z
EROC,"ERock, Inc.",stocks,us,XNYS,CS,True,usd,0002110029,BBG022FRS3L7,BBG022FRS4J8,2026-08-11T06:10:16.602668057Z
EROK,"EagleRock Land, LLC",stocks,us,XNYS,CS,True,usd,0002104882,BBG021QVJ089,BBG021QVJ329,2026-08-11T06:10:16.602668267Z
ERTH,Invesco MSCI Sustainable Future ETF,stocks,us,ARCX,ETF,True,usd,0001547580,BBG000Q4YTD7,BBG001SRRFG7,2026-08-11T06:10:16.602668347Z
ERX,Direxion Daily Energy Bull 2X ETF,stocks,us,ARCX,ETF,True,usd,0001424958,BBG000JLH8F0,BBG001T3NVC2,2026-08-11T06:10:16.602668418Z
ERY,Direxion Daily Energy Bear 2X ETF,stocks,us,ARCX,ETF,True,usd,0001424958,BBG000JLLQ38,BBG001T3NVG8,2026-08-11T06:10:16.602668498Z
ES,Eversource Energy,stocks,us,XNYS,CS,True,usd,0000072741,BBG000BQ87N0,BBG001S5TRL1,2026-08-11T06:10:16.602668578Z
ESAB,ESAB Corporation,stocks,us,XNYS,CS,True,usd,0001877322,BBG0028ZMP45,BBG0028ZMP54,2026-08-11T06:10:16.602668658Z
ESBA,"EMPIRE STATE REALTY OP, L.P.  SERIES ES",stocks,us,ARCX,UNIT,True,usd,0001553079,BBG004M284K3,BBG004M284L2,2026-08-11T06:10:16.602668738Z
ESBG,"First Trust Enhanced Stocks, Bonds & Gold ETF",stocks,us,ARCX,ETF,True,usd,0001561785,BBG01YLH7NS5,BBG01YLH7QD4,2026-08-11T06:10:16.602668818Z
ESCA,Escalade Inc,stocks,us,XNAS,CS,True,usd,0000033488,BBG000BJ0H70,BBG001S5QY11,2026-08-11T06:10:16.602669019Z
ESE,"ESCO Technologies, Inc.",stocks,us,XNYS,CS,True,usd,0000866706,BBG000C4S3P3,BBG001S6MFD1,2026-08-11T06:10:16.602669099Z
ESEA,Euroseas Ltd.(Marshall Islands),stocks,us,XNAS,CS,True,usd,0001341170,,,2026-08-11T06:10:16.602669229Z
ESG,FlexShares STOXX US ESG Select Index Fund,stocks,us,BATS,ETF,True,usd,0001491978,BBG00DB0LJG6,BBG00DB0LJF7,2026-08-11T06:10:16.602669309Z
ESGD,iShares Trust iShares ESG Aware MSCI EAFE ETF,stocks,us,XNAS,ETF,True,usd,0001100663,BBG00D7BBRR8,BBG00D7BBRS7,2026-08-11T06:10:16.602669389Z
ESGE,"iShares, Inc. iShares ESG Aware MSCI EM ETF",stocks,us,XNAS,ETF,True,usd,0001100663,BBG00D7BDH61,BBG00D7BDH70,2026-08-11T06:10:16.60266947Z
ESGG,FlexShares STOXX Global ESG Select Index Fund,stocks,us,BATS,ETF,True,usd,0001491978,BBG00D9WQB08,BBG00D9WQ9Z5,2026-08-11T06:10:16.60266955Z
ESGU,iShares Trust iShares ESG Aware MSCI USA ETF,stocks,us,XNAS,ETF,True,usd,0001100663,BBG00FFPFT13,BBG00FFPFTS4,2026-08-11T06:10:16.60266964Z
ESGV,Vanguard ESG U.S. Stock ETF,stocks,us,BATS,ETF,True,usd,,BBG00M0P2RX7,BBG00M0P2SP4,2026-08-11T06:10:16.60266972Z
ESI,Element Solutions Inc.,stocks,us,XNYS,CS,True,usd,0001590714,BBG005C4XHR3,BBG004KDL523,2026-08-11T06:10:16.6026698Z
ESIM,Eventide International ETF,stocks,us,ARCX,ETF,True,usd,,BBG01Z2NJ2M9,BBG01Z2NJ4B7,2026-08-11T06:10:16.60266988Z
ESLA,"Estrella Immunopharma, Inc. Common Stock",stocks,us,XNAS,CS,True,usd,0001844417,BBG00ZDR7G05,BBG00ZDR7G14,2026-08-11T06:10:16.602669961Z
ESLAW,"Estrella Immunopharma, Inc. Warrant",stocks,us,XNAS,WARRANT,True,usd,0001844417,BBG0115PNFQ8,,2026-08-11T06:10:16.602670041Z
ESLG,Eventide Large Cap Growth ETF,stocks,us,ARCX,ETF,True,usd,,BBG01XMMFKP5,BBG01XMMFLP3,2026-08-11T06:10:16.602670121Z
ESLT,Elbit Systems Ltd,stocks,us,XNAS,CS,True,usd,0001027664,,,2026-08-11T06:10:16.602670201Z
ESLV,Eventide Large Cap Value ETF,stocks,us,ARCX,ETF,True,usd,,BBG01XMMDBL1,BBG01XMMDCK0,2026-08-11T06:10:16.602670281Z
ESML,iShares ESG Aware MSCI USA Small-Cap ETF,stocks,us,BATS,ETF,True,usd,0001100663,BBG00KK876G7,BBG00KK87757,2026-08-11T06:10:16.602670512Z
ESMV,iShares Trust iShares ESG Optimized MSCI USA Min Vol Factor ETF,stocks,us,XNAS,ETF,True,usd,0001100663,BBG0136JB519,BBG0136JB5X4,2026-08-11T06:10:16.602670592Z
ESN,Essential 40 Stock ETF,stocks,us,XNAS,ETF,True,usd,,BBG01Q9KHKS4,BBG01Q9KHLM8,2026-08-11T06:10:16.602670832Z
ESNT,Essent Group LTD,stocks,us,XNYS,CS,True,usd,0001448893,,,2026-08-11T06:10:16.602670912Z
ESOA,Energy Services of America Corporation Common Stock,stocks,us,XNAS,CS,True,usd,0001357971,BBG000FSY520,BBG001SNQ748,2026-08-11T06:10:16.602670983Z
ESP,Espey Mfg. & Electronics Corp,stocks,us,XASE,CS,True,usd,0000033533,BBG000BJ2HP8,BBG001S5QYG5,2026-08-11T06:10:16.602671063Z
ESPO,VanEck Video Gaming and eSports ETF,stocks,us,XNAS,ETF,True,usd,0001137360,BBG00M8CX9N5,BBG00M8CXBV1,2026-08-11T06:10:16.602671143Z
ESQ,"Esquire Financial Holdings, Inc. Common Stock",stocks,us,XNAS,CS,True,usd,0001531031,BBG003BCFHX4,BBG003BCFHY3,2026-08-11T06:10:16.602671233Z
ESRT,"EMPIRE STATE REALTY TRUST, INC.",stocks,us,XNYS,CS,True,usd,0001541401,BBG002N8HMW0,BBG002N8HMX9,2026-08-11T06:10:16.602671313Z
ESS,"Essex Property Trust, Inc",stocks,us,XNYS,CS,True,usd,0000920522,BBG000CGJMB9,BBG001S81418,2026-08-11T06:10:16.602671393Z
ESSC,Eventide Small Cap ETF,stocks,us,ARCX,ETF,True,usd,,BBG01XMMFYP5,BBG01XMMFZV5,2026-08-11T06:10:16.602671473Z
ESTA,Establishment Labs Holdings Inc.,stocks,us,XNAS,CS,True,usd,0001688757,,,2026-08-11T06:10:16.602671554Z
ESTC,Elastic N.V.,stocks,us,XNYS,CS,True,usd,0001707753,,,2026-08-11T06:10:16.602671634Z
ESUM,Eventide US Market ETF,stocks,us,ARCX,ETF,True,usd,,BBG01R9KLG60,BBG01R9KLH59,2026-08-11T06:10:16.602671714Z
ET,Energy Transfer LP Common Units representing limited partner interests,stocks,us,XNYS,CS,True,usd,0001276187,BBG000BM2FL9,BBG001SDHNW4,2026-08-11T06:10:16.602671794Z
ETB,Eaton Vance Tax-Managed Buy-Write Income Fund,stocks,us,XNYS,FUND,True,usd,0001308927,BBG000BLQY16,BBG001SDC8B5,2026-08-11T06:10:16.602671864Z
ETCO,Grayscale Ethereum Covered Call ETF,stocks,us,ARCX,ETF,True,usd,,BBG01X01MXS6,BBG01X01MYN9,2026-08-11T06:10:16.602672115Z
ETD,Ethan Allen Interiors Inc,stocks,us,XNYS,CS,True,usd,0000896156,BBG000BBVDT8,BBG001S67JZ6,2026-08-11T06:10:16.602672325Z
ETEC,iShares Breakthrough Environmental Solutions ETF,stocks,us,XNAS,ETF,True,usd,0001100663,BBG01G09Q7Z1,BBG01G09Q8V3,2026-08-11T06:10:16.602672505Z
ETFT,Fundsmith Equity ETF,stocks,us,ARCX,ETF,True,usd,,BBG01YRJ77M6,BBG01YRJ78J8,2026-08-11T06:10:16.602672706Z
ETG,Eaton Vance Tax-Advantaged Global Dividend Income Fund,stocks,us,XNYS,FUND,True,usd,0001270523,BBG000JSBCL5,BBG001SJ9S68,2026-08-11T06:10:16.602672786Z
ETH,Grayscale Ethereum Staking Mini ETF Shares,stocks,us,ARCX,ETV,True,usd,0002020455,BBG01NR6CZK2,BBG01NR6D0D6,2026-08-11T06:10:16.602672916Z
ETHA,iShares Ethereum Trust ETF,stocks,us,XNAS,ETF,True,usd,0002000638,BBG01NXX8H49,BBG01NXX8HZ5,2026-08-11T06:10:16.602672996Z
ETHB,iShares Staked Ethereum Trust ETF Shares of Fractional Undivided Beneficial Interest,stocks,us,XNAS,ETF,True,usd,0002099103,BBG020W14BD6,BBG020W14CC5,2026-08-11T06:10:16.602673067Z
ETHD,ProShares UltraShort Ether ETF,stocks,us,ARCX,ETF,True,usd,,BBG01N6CT9B2,BBG01N6CTB54,2026-08-11T06:10:16.602673147Z
ETHE,Grayscale Ethereum Staking ETF Shares,stocks,us,ARCX,ETV,True,usd,0001725210,BBG00P5NVCR8,BBG00P5NVDH7,2026-08-11T06:10:16.602673237Z
ETHO,Amplify Etho Climate Leadership U.S. ETF,stocks,us,ARCX,ETF,True,usd,0001633061,BBG01L6XZHV3,BBG01L6XZJS3,2026-08-11T06:10:16.602673317Z
ETHT,ProShares Ultra Ether ETF,stocks,us,ARCX,ETF,True,usd,0001174610,BBG01N6CTBS9,BBG01N6CTCM3,2026-08-11T06:10:16.602673397Z
ETHU,2x Ether ETF,stocks,us,BATS,ETF,True,usd,,BBG01JLG80T8,BBG01JLG81N2,2026-08-11T06:10:16.602673467Z
ETHV,VanEck Ethereum ETF,stocks,us,BATS,ETF,True,usd,0001860788,BBG01NX8ZGV6,BBG01NX8ZHP1,2026-08-11T06:10:16.602673547Z
ETHW,Bitwise Ethereum ETF,stocks,us,ARCX,ETV,True,usd,0002013744,BBG01NWT9ZY5,BBG01NWTB0V2,2026-08-11T06:10:16.602673628Z
ETIp,"Entergy Texas, Inc. 5.375% Series A Preferred Stock",stocks,us,XNYS,PFD,True,usd,0001427437,,,2026-08-11T06:10:16.602674018Z
ETJ,Eaton Vance Risk - Managed Diversified Equity Income Fund,stocks,us,XNYS,FUND,True,usd,0001395325,BBG000RRLKJ2,BBG001SV50F6,2026-08-11T06:10:16.602674089Z
ETN,"Eaton Corporation, plc Ordinary Shares",stocks,us,XNYS,CS,True,usd,0001551182,,,2026-08-11T06:10:16.602674229Z
ETNG,Leverage Shares 2X Long ETN Daily ETF,stocks,us,BATS,ETF,True,usd,,BBG0227BFYV6,BBG0227BG0J3,2026-08-11T06:10:16.602674309Z
ETO,Eaton Vance Tax-Advantaged Global Div Oppor. Fund,stocks,us,XNYS,FUND,True,usd,0001281926,BBG000LYY7Z0,BBG001SK6L81,2026-08-11T06:10:16.602674389Z
ETON,"Eton Pharmaceutcials, Inc. Common Stock",stocks,us,XNAS,CS,True,usd,0001710340,BBG00H0KCMV1,BBG00H0KCMW0,2026-08-11T06:10:16.602674469Z
ETOR,eToro Group Ltd. Class A Common Shares,stocks,us,XNAS,CS,True,usd,0001493318,,,2026-08-11T06:10:16.602674539Z
ETR,Entergy Corporation,stocks,us,XNYS,CS,True,usd,0000065984,BBG000C1FQS9,BBG001S67KF5,2026-08-11T06:10:16.60267463Z
ETS,Elite Express Holding Inc. Class A Common Stock,stocks,us,XNAS,CS,True,usd,0002053641,BBG01TV7D2Q8,BBG01TV7D3Q6,2026-08-11T06:10:16.60267471Z
ETSS,Energy Transition Special Opportunities,stocks,us,XNYS,CS,True,usd,0002085932,,,2026-08-11T06:10:16.60267479Z
ETSS.U,"Energy Transition Special Opportunities Units, each consisting of one Class A ordinary share and one-half of one redeemable warrant",stocks,us,XNYS,UNIT,True,usd,0002085932,,,2026-08-11T06:10:16.60267487Z
ETSS.WS,"Energy Transition Special Opportunities Warrants, each whole warrant exercisable for one Class A ordinary share at an exercise price of $11.50",stocks,us,XNYS,WARRANT,True,usd,0002085932,,,2026-08-11T06:10:16.60267495Z
ETSY,"Etsy, Inc.",stocks,us,XNYS,CS,True,usd,0001370637,BBG000N7MXL8,BBG001T53625,2026-08-11T06:10:16.60267503Z
ETTY,Amplify Ethereum 3% Monthly Option Income ETF,stocks,us,BATS,ETF,True,usd,0001633061,BBG01XS902R2,BBG01XS903N4,2026-08-11T06:10:16.602675111Z
ETU,T-Rex 2X Long Ether Daily Target ETF,stocks,us,BATS,ETF,True,usd,,BBG01QG48KB0,BBG01QG48LS0,2026-08-11T06:10:16.602675191Z
ETV,Eaton Vance Tax-Managed Buy-Write Opportunities Fund,stocks,us,XNYS,FUND,True,usd,0001322436,BBG000CVVDD0,BBG001SM6Y34,2026-08-11T06:10:16.602675261Z
ETW,Eaton Vance Tax-Managed Global Buy-Write Opportunities Fund,stocks,us,XNYS,FUND,True,usd,0001322435,BBG000BQJ0Y1,BBG001SGGKG2,2026-08-11T06:10:16.602675461Z
ETX,EATON VANCE MUNICIPAL INCOME 2028 TERM TRUST,stocks,us,XNYS,FUND,True,usd,0001563696,BBG003PQCQ52,BBG003PQCQX1,2026-08-11T06:10:16.602675541Z
ETY,Eaton Vance Tax-Managed Diversified Equity Income Fund,stocks,us,XNYS,FUND,True,usd,0001340736,BBG000N8WJD5,BBG001SQK9P0,2026-08-11T06:10:16.602675642Z
ETpI,Energy Transfer LP Series I Fixed Rate Perpetual Preferred Units,stocks,us,XNYS,PFD,True,usd,0001276187,,,2026-08-11T06:10:16.602675712Z
EU,enCore Energy Corp.,stocks,us,XNAS,CS,True,usd,0001500881,BBG001CK1971,BBG001T8HNC6,2026-08-11T06:10:16.602675952Z
EUAD,Select STOXX Europe Aerospace & Defense ETF,stocks,us,BATS,ETF,True,usd,0001484018,BBG01Q6GGSH2,BBG01Q6GGV58,2026-08-11T06:10:16.602676022Z
EUDA,EUDA Health Holdings Limited Ordinary Shares,stocks,us,XNAS,CS,True,usd,0001847846,,,2026-08-11T06:10:16.602676102Z
EUDAW,EUDA Health Holdings Limited Warrant,stocks,us,XNAS,WARRANT,True,usd,0001847846,,,2026-08-11T06:10:16.602676183Z
EUDG,WisdomTree Europe Quality Dividend Growth Fund,stocks,us,ARCX,ETF,True,usd,0001350487,BBG006G0HQG5,BBG006G0HQH4,2026-08-11T06:10:16.602676263Z
EUDV,ProShares MSCI Europe Dividend Growers ETF,stocks,us,BATS,ETF,True,usd,0001174610,BBG009Z1BM26,BBG009Z1BM35,2026-08-11T06:10:16.602676383Z
EUFN,iShares MSCI Europe Financials ETF,stocks,us,XNAS,ETF,True,usd,0001100663,BBG000Q6VJG4,BBG001T6MGZ4,2026-08-11T06:10:16.602676463Z
EUHY,iShares Euro High Yield Corporate Bond USD Hedged ETF,stocks,us,BATS,ETF,True,usd,0000930667,BBG002VD3P03,BBG002VD3PR4,2026-08-11T06:10:16.602676533Z
EUIG,iShares Euro Investment Grade Corporate Bond USD Hedged ETF,stocks,us,BATS,ETF,True,usd,0001100663,BBG01YBKJ5M1,BBG01YBKJ6X7,2026-08-11T06:10:16.602676613Z
EUM,ProShares Trust Short MSCI Emerging Markets,stocks,us,ARCX,ETF,True,usd,0001174610,BBG000TSD7D2,BBG001T0H1G7,2026-08-11T06:10:16.602676694Z
EUO,ProShares UltraShort Euro,stocks,us,ARCX,ETV,True,usd,0001415311,BBG000CT5J69,BBG001S7Y600,2026-08-11T06:10:16.602676784Z
EURK,Eureka Acquisition Corp Class A Ordinary Share,stocks,us,XNAS,CS,True,usd,0002000410,,,2026-08-11T06:10:16.602676864Z
EURKR,Eureka Acquisition Corp Right,stocks,us,XNAS,RIGHT,True,usd,0002000410,,,2026-08-11T06:10:16.602676934Z
EURKU,Eureka Acquisition Corp Unit,stocks,us,XNAS,UNIT,True,usd,0002000410,,,2026-08-11T06:10:16.602677215Z
EURL,Direxion Daily FTSE Europe Bull 3x ETF,stocks,us,ARCX,ETF,True,usd,0001424958,BBG005VPQG31,BBG005VPQG40,2026-08-11T06:10:16.602677295Z
EUSA,iShares MSCI USA Equal Weighted ETF,stocks,us,ARCX,ETF,True,usd,0001100663,BBG000QVM891,BBG001T8MYT8,2026-08-11T06:10:16.602677425Z
EUSB,iShares ESG Advanced Universal USD Bond ETF,stocks,us,ARCX,ETF,True,usd,0001100663,BBG00VJ13G63,BBG00VJ13GZ1,2026-08-11T06:10:16.602677505Z
EUV,Corgi Lithography & Semiconductor Photonics ETF,stocks,us,BATS,ETF,True,usd,0002078265,BBG0223BC0X5,BBG0223BC2C4,2026-08-11T06:10:16.602677585Z
EUVX,Corgi Lithography & Semiconductor Photonics 2x Daily ETF,stocks,us,BATS,ETF,True,usd,0002078265,BBG022KD5YC9,BBG022KD5ZQ1,2026-08-11T06:10:16.602677665Z
EVAC,EQV Ventures Acquisition Corp. II,stocks,us,XNYS,CS,True,usd,0002042902,,,2026-08-11T06:10:16.602677736Z
EVAC.U,"EQV Ventures Acquisition Corp. II Units, each unit consists of one Class A ordinary share and one-third of one redeemable warrant",stocks,us,XNYS,UNIT,True,usd,0002042902,,,2026-08-11T06:10:16.602677816Z
EVAC.WS,"EQV Ventures Acquisition Corp. II Redeemable Warrants, each whole warrant exercisable for one Class A ordinary share at an exercise price of $11.50 per share",stocks,us,XNYS,WARRANT,True,usd,0002042902,,,2026-08-11T06:10:16.602677896Z
EVAX,Evaxion A/S American Depositary Share,stocks,us,XNAS,ADRC,True,usd,0001828253,BBG00YTSS733,BBG00YTSS7Z8,2026-08-11T06:10:16.602677976Z
EVC,Entravision Communication,stocks,us,XNYS,CS,True,usd,0001109116,BBG000BTNV54,BBG001SF6Z72,2026-08-11T06:10:16.602678056Z
EVCM,EverCommerce Inc. Common Stock,stocks,us,XNAS,CS,True,usd,0001853145,BBG0118LMWY9,BBG0118LMXS4,2026-08-11T06:10:16.602678136Z
EVER,"EverQuote, Inc. Class A Common Stock",stocks,us,XNAS,CS,True,usd,0001640428,BBG00F17NDH7,BBG00F17NDJ5,2026-08-11T06:10:16.602678206Z
EVEX,"Eve Holding, Inc.",stocks,us,XNYS,CS,True,usd,0001823652,BBG00XZQN336,BBG00XZQN3Y2,2026-08-11T06:10:16.602678287Z
EVEX.WS,"Eve Holding, Inc. Warrants, each exercisable for one share of Common Stock at an exercise price of $11.50 per share",stocks,us,XNYS,WARRANT,True,usd,0001823652,BBG00YRWJS03,,2026-08-11T06:10:16.602678367Z
EVF,Eaton Vance Senior Income Trust,stocks,us,XNYS,FUND,True,usd,0001070732,BBG000CFFPP3,BBG001SC5YX4,2026-08-11T06:10:16.602678457Z
EVG,Eaton Vance Short Duration Diversified Income Fund,stocks,us,XNYS,FUND,True,usd,0001287498,BBG000C6CNJ8,BBG001SF3JF2,2026-08-11T06:10:16.602678677Z
EVGN,EVOGENE LTD.,stocks,us,XNAS,CS,True,usd,0001574565,,,2026-08-11T06:10:16.602678758Z
EVGO,EVgo Inc. Class A Common Stock,stocks,us,XNAS,CS,True,usd,0001821159,BBG00XP21PQ0,BBG00XP21PS8,2026-08-11T06:10:16.602678848Z
EVH,"Evolent Health, Inc Class A Common Stock",stocks,us,XNYS,CS,True,usd,0001628908,BBG005CHLM96,BBG005CHLMB3,2026-08-11T06:10:16.602678928Z
EVHY,Eaton Vance High Yield ETF,stocks,us,ARCX,ETF,True,usd,0001676326,BBG01JPNZ2F0,BBG01JPNZ395,2026-08-11T06:10:16.602679008Z
EVI,"EVI Industries, Inc.",stocks,us,XASE,CS,True,usd,0000065312,BBG000H3TTM5,BBG001SDGWV6,2026-08-11T06:10:16.602679088Z
EVIM,Eaton Vance Intermediate Municipal Income ETF,stocks,us,ARCX,ETF,True,usd,0001676326,BBG01JPP6XL2,BBG01JPP6YF7,2026-08-11T06:10:16.602679168Z
EVLN,Eaton Vance Floating-Rate ETF,stocks,us,ARCX,ETF,True,usd,0001676326,BBG01L85B9N5,BBG01L85BBH7,2026-08-11T06:10:16.602679238Z
EVLU,iShares MSCI Emerging Markets Value Factor ETF,stocks,us,BATS,ETF,True,usd,0001100663,BBG01PK3K7X0,BBG01PK3K966,2026-08-11T06:10:16.602679319Z
EVLV,"Evolv Technologies Holdings, Inc. Class A Common Stock",stocks,us,XNAS,CS,True,usd,0001805385,BBG00W1PPKX4,BBG00W1PPKY3,2026-08-11T06:10:16.602679399Z
EVMN,"Evommune, Inc.",stocks,us,XNYS,CS,True,usd,0002044725,BBG00Y79N887,BBG00Y79N8B3,2026-08-11T06:10:16.602679479Z
EVMO,Eaton Vance Mortgage Opportunities ETF,stocks,us,ARCX,ETF,True,usd,0001973553,BBG01W3THHM1,BBG01W3THJR2,2026-08-11T06:10:16.602679559Z
EVMT,Invesco Electric Vehicle Metals Commodity Strategy No K-1 ETF,stocks,us,XNAS,ETF,True,usd,0001595386,BBG016VD3BP7,BBG016VD3CN7,2026-08-11T06:10:16.602679639Z
EVMU,DIREXION DAILY ETHER BULL 2X ETF,stocks,us,ARCX,ETF,True,usd,,BBG022DRV3M4,BBG022DRV4T5,2026-08-11T06:10:16.602679719Z
EVN,Eaton Vance Municipal Income Trust,stocks,us,XNYS,FUND,True,usd,0001074540,BBG000CQQTP9,BBG001SCBSL3,2026-08-11T06:10:16.6026798Z
EVNT,AltShares Event-Driven ETF,stocks,us,ARCX,ETF,True,usd,0001779306,BBG012GMRR90,BBG012GMRS43,2026-08-11T06:10:16.60267988Z
EVO,Evotec SE American Depositary Shares,stocks,us,XNAS,ADRC,True,usd,0001412558,BBG000LFTJ81,BBG001T2N0N0,2026-08-11T06:10:16.60268007Z
EVOX,Evolution Global Acquisition Corp Class A Ordinary Shares,stocks,us,XNAS,CS,True,usd,0002077954,,,2026-08-11T06:10:16.60268018Z
EVOXU,Evolution Global Acquisition Corp Units,stocks,us,XNAS,UNIT,True,usd,0002077954,,,2026-08-11T06:10:16.60268027Z
EVOXW,Evolution Global Acquisition Corp Warrants,stocks,us,XNAS,WARRANT,True,usd,0002077954,,,2026-08-11T06:10:16.602680341Z
EVPF,Eaton Vance Preferred Securities and Income ETF,stocks,us,XNAS,ETF,True,usd,0001676326,BBG020D6NMG8,BBG020D6NNC0,2026-08-11T06:10:16.602680421Z
EVR,Evercore Inc.,stocks,us,XNYS,CS,True,usd,0001360901,BBG000BP30Y0,BBG001SC3S41,2026-08-11T06:10:16.602680501Z
EVRG,"Evergy, Inc.",stocks,us,XNAS,CS,True,usd,0001711269,BBG00H433CR2,BBG00H433CS1,2026-08-11T06:10:16.602680581Z
EVSB,Eaton Vance Ultra-Short Income ETF,stocks,us,ARCX,ETF,True,usd,0001676326,BBG01JPRST42,BBG01JPRSTZ8,2026-08-11T06:10:16.602680661Z
EVSD,Eaton Vance Short Duration Income ETF,stocks,us,XNAS,ETF,True,usd,0001861853,BBG01N52CZ25,BBG01N52CZX1,2026-08-11T06:10:16.602680741Z
EVSM,Eaton Vance Short Duration Municipal Income ETF,stocks,us,ARCX,ETF,True,usd,0001676326,BBG01LTGT076,BBG01LTGT129,2026-08-11T06:10:16.602680832Z
EVT,Eaton Vance Tax-Advantaged Dividend Income Fund,stocks,us,XNYS,FUND,True,usd,0001253327,BBG000BV2LX3,BBG001SBKCG6,2026-08-11T06:10:16.602680912Z
EVTC,"EVERTEC, INC.",stocks,us,XNYS,CS,True,usd,0001559865,BBG000J187K0,BBG001SX2XR0,2026-08-11T06:10:16.602680992Z
EVTL,Vertical Aerospace Ltd.,stocks,us,XNYS,CS,True,usd,0001867102,,,2026-08-11T06:10:16.602681072Z
EVTR,Eaton Vance Total Return Bond ETF,stocks,us,XNYS,ETF,True,usd,0001676326,BBG01LTGRNY8,BBG01LTGRPS0,2026-08-11T06:10:16.602681152Z
EVUS,iShares ESG Aware MSCI USA Value ETF,stocks,us,BATS,ETF,True,usd,0001100663,BBG01DJPZTK0,BBG01DJPZVG0,2026-08-11T06:10:16.602681232Z
EVV,Eaton Vance Limited Duration Income Fund,stocks,us,XASE,FUND,True,usd,0001222922,BBG000BLYM40,BBG001S9B8R8,2026-08-11T06:10:16.602681312Z
EVX,VanEck Environmental Services ETF,stocks,us,ARCX,ETF,True,usd,0001137360,BBG000Q55682,BBG001SRRWS7,2026-08-11T06:10:16.602681833Z
EVYM,Eaton Vance High Income Municipal ETF,stocks,us,XNAS,ETF,True,usd,0001676326,BBG01S4JGB63,BBG01S4JGC16,2026-08-11T06:10:16.602681914Z
EW,Edwards Lifesciences Corp,stocks,us,XNYS,CS,True,usd,0001099800,BBG000BRXP69,BBG001SF2288,2026-08-11T06:10:16.602682024Z
EWA,iShares MSCI Australia ETF,stocks,us,ARCX,ETF,True,usd,0000930667,BBG000BDNJ29,BBG001S6ZW40,2026-08-11T06:10:16.602682114Z
EWAVU,East West Ave Acquisition Corp. Units,stocks,us,XNAS,UNIT,True,usd,0002100704,BBG021TSZJW7,BBG021TSZKW4,2026-08-11T06:10:16.602682184Z
EWBC,East-West Bancorp Inc,stocks,us,XNAS,CS,True,usd,0001069157,BBG000CR20B1,BBG001SCC7R2,2026-08-11T06:10:16.602682264Z
EWC,iShares MSCI Canada ETF,stocks,us,ARCX,ETF,True,usd,0001100663,BBG000BJSXB0,BBG001S8R7V0,2026-08-11T06:10:16.602682344Z
EWD,iShares MSCI Sweden ETF,stocks,us,ARCX,ETF,True,usd,0000930667,BBG000BK5LR1,BBG001S8SYV0,2026-08-11T06:10:16.602682435Z
EWG,iShares MSCI Germany ETF,stocks,us,ARCX,ETF,True,usd,0000930667,BBG000BJZKN7,BBG001S8SJC4,2026-08-11T06:10:16.602682515Z
EWH,iShares MSCI Hong Kong ETF,stocks,us,ARCX,ETF,True,usd,0000930667,BBG000BBDXW0,BBG001S5VWX4,2026-08-11T06:10:16.602682595Z
EWI,iShares MSCI Italy ETF,stocks,us,ARCX,ETF,True,usd,0000930667,BBG000BK2V65,BBG001S8SYM0,2026-08-11T06:10:16.602682675Z
EWJ,iShares MSCI Japan ETF,stocks,us,ARCX,ETF,True,usd,0000930667,BBG000BK38F5,BBG001S8SYN9,2026-08-11T06:10:16.602682755Z
EWJV,iShares MSCI Japan Value ETF,stocks,us,XNAS,ETF,True,usd,0001100663,BBG00NJ3YB55,BBG00NJ3YBX4,2026-08-11T06:10:16.602682835Z
EWK,iShares MSCI Belgium ETF,stocks,us,ARCX,ETF,True,usd,0000930667,BBG000BDMNG6,BBG001S6ZMW1,2026-08-11T06:10:16.602682916Z
EWL,iShares MSCI Switzerland ETF,stocks,us,ARCX,ETF,True,usd,0000930667,BBG000BK5Z27,BBG001S8SYW9,2026-08-11T06:10:16.602682996Z
EWM,iShares MSCI Malaysia ETF,stocks,us,ARCX,ETF,True,usd,0000930667,BBG000BK3L48,BBG001S8SYP7,2026-08-11T06:10:16.602683076Z
EWN,iShares MSCI Netherlands ETF,stocks,us,ARCX,ETF,True,usd,0000930667,BBG000BK4FC1,BBG001S8SYR5,2026-08-11T06:10:16.602683276Z
EWO,iShares MSCI Austria ETF,stocks,us,ARCX,ETF,True,usd,0000930667,BBG000BF6M62,BBG001S78R03,2026-08-11T06:10:16.602683356Z
EWP,iShares MSCI Spain ETF,stocks,us,ARCX,ETF,True,usd,0000930667,BBG000BK58Q1,BBG001S8SYT3,2026-08-11T06:10:16.602683487Z
EWQ,iShares MSCI France ETF,stocks,us,ARCX,ETF,True,usd,0000930667,BBG000BJX6S5,BBG001S8S2R5,2026-08-11T06:10:16.602683577Z
EWS,iShares MSCI Singapore ETF,stocks,us,ARCX,ETF,True,usd,0000930667,BBG000BK4VM5,BBG001S8SYS4,2026-08-11T06:10:16.602683667Z
EWT,iShares MSCI Taiwan ETF,stocks,us,ARCX,ETF,True,usd,0000930667,BBG000CJLQ12,BBG001SFGL81,2026-08-11T06:10:16.602683747Z
EWTX,"Edgewise Therapeutics, Inc. Common Stock",stocks,us,XNAS,CS,True,usd,0001710072,BBG00K4Y2H24,BBG00K4Y2H33,2026-08-11T06:10:16.602683827Z
EWU,iShares MSCI United Kingdom ETF,stocks,us,ARCX,ETF,True,usd,0001100663,BBG000BK6997,BBG001S8SYX8,2026-08-11T06:10:16.602683907Z
EWUS,iShares MSCI United Kingdom Small-Cap ETF,stocks,us,BATS,ETF,True,usd,0001006249,BBG002DMMNJ7,BBG002DMMP84,2026-08-11T06:10:16.602683988Z
EWV,ProShares Trust UltraShort MSCI Japan,stocks,us,ARCX,ETF,True,usd,0001576151,BBG000TVXRN8,BBG001T0LD58,2026-08-11T06:10:16.602684068Z
EWW,iShares MSCI Mexico ETF,stocks,us,ARCX,ETF,True,usd,0000930667,BBG000BK42M9,BBG001S8SYQ6,2026-08-11T06:10:16.602684138Z
EWX,State Street SPDR S&P Emerging Markets Small Cap ETF,stocks,us,ARCX,ETF,True,usd,0001168164,BBG000FT16M0,BBG001T2PHC3,2026-08-11T06:10:16.602684218Z
EWY,iShares MSCI South Korea ETF,stocks,us,ARCX,ETF,True,usd,0001100663,BBG000CDKWX8,BBG001SF9FC7,2026-08-11T06:10:16.602684298Z
EWZ,iShares MSCI Brazil ETF,stocks,us,ARCX,ETF,True,usd,0000930667,BBG000CPLR52,BBG001SFN5N1,2026-08-11T06:10:16.602684378Z
EWZS,iShares MSCI Brazil Small-Cap ETF,stocks,us,XNAS,ETF,True,usd,0000913414,BBG0016RKFL2,BBG001S56JK5,2026-08-11T06:10:16.602684489Z
EXC,Exelon Corporation,stocks,us,XNAS,CS,True,usd,0001109357,BBG000J6XT05,BBG001SBJMT2,2026-08-11T06:10:16.602684609Z
EXE,Expand Energy Corporation Common Stock,stocks,us,XNAS,CS,True,usd,0000895126,BBG00Z6DX554,BBG00Z6DX607,2026-08-11T06:10:16.602684859Z
EXEL,Exelixis Inc,stocks,us,XNAS,CS,True,usd,0000939767,BBG000BQ4WF8,BBG001SD42W4,2026-08-11T06:10:16.602684929Z
EXEQ,Wedbush ReturnOnLeadership U.S. Large-Cap ETF,stocks,us,ARCX,ETF,True,usd,,BBG020929TG3,BBG020929VW0,2026-08-11T06:10:16.60268506Z
EXFY,"Expensify, Inc. Class A Common Stock",stocks,us,XNAS,CS,True,usd,0001476840,BBG009PWV0L4,BBG009PWV0M3,2026-08-11T06:10:16.60268515Z
EXG,Eaton Vance Tax-Managed Global Diversified Equity Income Fund,stocks,us,XNYS,FUND,True,usd,0001379438,BBG000L0FRV5,BBG001SPXHX1,2026-08-11T06:10:16.60268523Z
EXI,iShares Global Industrials ETF,stocks,us,ARCX,ETF,True,usd,0001100663,BBG000G7XHL9,BBG001SNVXC6,2026-08-11T06:10:16.60268531Z
EXK,Endeavour Silver Corp.,stocks,us,XNYS,CS,True,usd,0001277866,BBG000K2HB18,BBG001S5ZH63,2026-08-11T06:10:16.6026854Z
EXLS,"ExlService Holdings, Inc.",stocks,us,XNAS,CS,True,usd,0001297989,BBG000NS3P30,BBG001SKWX40,2026-08-11T06:10:16.602685531Z
EXOD,"Exodus Movement, Inc.",stocks,us,XASE,CS,True,usd,0001821534,BBG010T8MWT3,BBG010T8MXP5,2026-08-11T06:10:16.602685631Z
EXOZ,eXoZymes Inc. Common Stock,stocks,us,XNAS,CS,True,usd,0002010788,BBG01LFVT4P0,BBG01LFVT5J4,2026-08-11T06:10:16.602685761Z
EXP,"Eagle Materials, Inc.",stocks,us,XNYS,CS,True,usd,0000918646,BBG000BJW241,BBG001S7VG92,2026-08-11T06:10:16.602685841Z
EXPD,"Expeditors International of Washington, Inc.",stocks,us,XNYS,CS,True,usd,0000746515,BBG000BJ5GK2,BBG001S5QZZ1,2026-08-11T06:10:16.602685921Z
EXPE,"Expedia Group, Inc. Common Stock",stocks,us,XNAS,CS,True,usd,0001324424,BBG000QY3XZ2,BBG001SP8VM0,2026-08-11T06:10:16.602686022Z
EXPO,Exponent Inc,stocks,us,XNAS,CS,True,usd,0000851520,BBG000F31Z34,BBG001S9CG99,2026-08-11T06:10:16.602686102Z
EXR,"Extra Space Storage, Inc.",stocks,us,XNYS,CS,True,usd,0001289490,BBG000PV27K3,BBG001SLSXK5,2026-08-11T06:10:16.602686182Z
EXTR,Extreme Networks,stocks,us,XNAS,CS,True,usd,0001078271,BBG000BFR0T2,BBG001S6ZV24,2026-08-11T06:10:16.602686262Z
EXUS,Nomura ETF Trust Nomura Focused International Core ETF,stocks,us,XNAS,ETF,True,usd,0001969995,BBG01VCHRR19,BBG01VCHRSR9,2026-08-11T06:10:16.602686462Z
EXYN,"Exyn Technologies, Inc. Common Stock",stocks,us,XNAS,CS,True,usd,0001960355,BBG00PPPXC17,BBG00PPPXC26,2026-08-11T06:10:16.602686543Z
EXYNW,"Exyn Technologies, Inc. Warrant",stocks,us,XNAS,WARRANT,True,usd,0001960355,BBG021WNP1J9,,2026-08-11T06:10:16.602686663Z
EYE,"National Vision Holdings, Inc. Common Stock",stocks,us,XNAS,CS,True,usd,0001710155,BBG00HVQF9K2,BBG00HVQF9L1,2026-08-11T06:10:16.602686743Z
EYEG,AB Corporate Bond ETF,stocks,us,XNAS,ETF,True,usd,0001372514,BBG01KG4SMJ9,BBG01KG4SNC4,2026-08-11T06:10:16.602686823Z
EYES,Corgi Data & Surveillance ETF,stocks,us,BATS,ETF,True,usd,0001266806,BBG0223CRDV1,BBG0223CRFX4,2026-08-11T06:10:16.602686893Z
EYLD,Cambria Emerging Shareholder Yield ETF,stocks,us,BATS,ETF,True,usd,0001529390,BBG00CC09FF0,BBG00CC09FG9,2026-08-11T06:10:16.602686973Z
EYPT,"EyePoint, Inc. Common Stock",stocks,us,XNAS,CS,True,usd,0001314102,BBG000F90JX5,BBG001SNLCD2,2026-08-11T06:10:16.602687054Z
EZA,iShares MSCI South Africa ETF,stocks,us,ARCX,ETF,True,usd,0000930667,BBG000PNJ9F5,BBG001SLJR19,2026-08-11T06:10:16.602687164Z
EZBC,Franklin Bitcoin ETF,stocks,us,BATS,ETF,True,usd,0001992870,BBG01KY1LQT2,BBG01KY1LRP4,2026-08-11T06:10:16.602687244Z
EZET,Franklin Ethereum ETF,stocks,us,BATS,ETF,True,usd,0002011535,BBG01NX8R7C6,BBG01NX8R861,2026-08-11T06:10:16.602687324Z
EZGO,EZGO Technologies Ltd. Ordinary Shares,stocks,us,XNAS,CS,True,usd,0001806904,,,2026-08-11T06:10:16.602687404Z
EZJ,ProShares Ultra MSCI Japan,stocks,us,ARCX,ETF,True,usd,0001174610,BBG000JYWB40,BBG001T3T7X6,2026-08-11T06:10:16.602687474Z
EZM,WisdomTree U.S. MidCap Fund,stocks,us,ARCX,ETF,True,usd,0001350487,BBG000R1PNP2,BBG001SSZB66,2026-08-11T06:10:16.602687554Z
EZMO,AlphaDroid Broad Markets Momentum ETF,stocks,us,XNAS,ETF,True,usd,,BBG01XWMPCD4,BBG01XWMPDN1,2026-08-11T06:10:16.602687635Z
EZPW,Ezcorp Inc,stocks,us,XNAS,CS,True,usd,0000876523,BBG000C93HM1,BBG001S6RN67,2026-08-11T06:10:16.602687715Z
EZPZ,Franklin Crypto Index ETF,stocks,us,BATS,ETF,True,usd,0002033807,BBG01SCXVSW0,BBG01SCXVTT2,2026-08-11T06:10:16.602688075Z
EZRA,"Reliance Global Group, Inc. Common Stock",stocks,us,XNAS,CS,True,usd,0001812727,BBG0063J9Y61,BBG0063J9Y70,2026-08-11T06:10:16.602688166Z
EZRO,AlphaDroid Defensive Sector Rotation ETF,stocks,us,XNAS,ETF,True,usd,,BBG01XWMM0K5,BBG01XWMM1K3,2026-08-11T06:10:16.602688276Z
EZU,iShare MSCI Eurozone ETF of ISHARES INC.,stocks,us,BATS,ETF,True,usd,0001100663,BBG000CS4KW0,BBG001SFQPM5,2026-08-11T06:10:16.602688416Z
F,Ford Motor Company,stocks,us,XNYS,CS,True,usd,0000037996,BBG000BQPC32,BBG001S5TZ33,2026-08-11T06:10:16.602688546Z
FA,First Advantage Corporation Common Stock,stocks,us,XNAS,CS,True,usd,0001210677,BBG011J0CV21,BBG011J0CVZ5,2026-08-11T06:10:16.602688617Z
FAAA,Fidelity AAA CLO ETF,stocks,us,XNAS,ETF,True,usd,0001562565,BBG01ZZ4MF42,BBG01ZZ4MGH6,2026-08-11T06:10:16.602688817Z
FAAR,First Trust Alternative Absolute Return Strategy ETF,stocks,us,XNAS,ETF,True,usd,0001561785,BBG00CW1P7N7,BBG00CW1P7P5,2026-08-11T06:10:16.602688897Z
FAB,First Trust Multi Cap Value AlphaDEX Fund,stocks,us,XNAS,ETF,True,usd,0001383496,BBG000R6F241,BBG001ST6934,2026-08-11T06:10:16.602689027Z
FABC,"Fabric.AI, Inc. Common Stock",stocks,us,XNAS,CS,True,usd,0001086745,BBG000F4HP82,BBG001SKMRS8,2026-08-11T06:10:16.602689107Z
FAC,Factorial Energy Inc. Class A Common Stock,stocks,us,XNAS,CS,True,usd,0002049662,BBG01SQC0LF9,BBG01SQC0LG8,2026-08-11T06:10:16.602689178Z
FACT,FACT II Acquisition Corp. Class A Ordinary Shares,stocks,us,XNAS,CS,True,usd,0002028935,,,2026-08-11T06:10:16.602689268Z
FACTU,FACT II Acquisition Corp. Unit,stocks,us,XNAS,UNIT,True,usd,0002028935,,,2026-08-11T06:10:16.602689338Z
FACTW,FACT II Acquisition Corp. Warrant,stocks,us,XNAS,WARRANT,True,usd,0002028935,,,2026-08-11T06:10:16.602689799Z
FACWW,Factorial Energy Inc. Warrant,stocks,us,XNAS,WARRANT,True,usd,0002049662,BBG01SQCVS24,,2026-08-11T06:10:16.602689879Z
FAD,First Trust Multi Cap Growth AlphaDEX Fund,stocks,us,XNAS,ETF,True,usd,0001383496,BBG000R6FJ99,BBG001ST6952,2026-08-11T06:10:16.602689989Z
FAF,First American Financial Corporation,stocks,us,XNYS,CS,True,usd,0001472787,BBG000V78V75,BBG001T1LV65,2026-08-11T06:10:16.602690069Z
FAI,First Trust Bloomberg Artificial Intelligence ETF,stocks,us,ARCX,ETF,True,usd,0001125816,BBG01QJ8G7S0,BBG01QJ8G951,2026-08-11T06:10:16.602690149Z
FALN,iShares Fallen Angels USD Bond ETF,stocks,us,XNAS,ETF,True,usd,0001100663,BBG00D332C75,BBG00D332C84,2026-08-11T06:10:16.60269023Z
FAMI,"Farmmi, Inc. Class A Ordinary Shares",stocks,us,XNAS,CS,True,usd,0001701261,,,2026-08-11T06:10:16.60269031Z
FAN,First Trust Global Wind Energy ETF,stocks,us,ARCX,ETF,True,usd,,BBG000GJLS87,BBG001T2Y423,2026-08-11T06:10:16.60269045Z
FANG,"Diamondback Energy, Inc.",stocks,us,XNAS,CS,True,usd,0001539838,BBG002PHSYX9,BBG002PHSZN7,2026-08-11T06:10:16.60269053Z
FAPR,FT Vest U.S. Equity Buffer ETF - April,stocks,us,BATS,ETF,True,usd,0001667919,BBG0101Q5YW4,BBG0101Q5ZQ8,2026-08-11T06:10:16.602690681Z
FARX,Frontier Asset Absolute Return ETF,stocks,us,ARCX,ETF,True,usd,,BBG01RB9RY30,BBG01RB9RZG3,2026-08-11T06:10:16.602690761Z
FAS,Direxion Daily Financial Bull 3x ETF,stocks,us,ARCX,ETF,True,usd,0001424958,BBG000JLJV85,BBG001T32293,2026-08-11T06:10:16.602690841Z
FAST,Fastenal Co,stocks,us,XNAS,CS,True,usd,0000815556,BBG000BJ8YN7,BBG001S5R1F7,2026-08-11T06:10:16.602690921Z
FATE,"Fate Therapeutics, Inc.",stocks,us,XNAS,CS,True,usd,0001434316,BBG000QP35H2,BBG001T888S2,2026-08-11T06:10:16.602690991Z
FATN,"FatPipe, Inc. Common Stock",stocks,us,XNAS,CS,True,usd,0001993400,BBG01NXTL2X4,BBG01NXTL460,2026-08-11T06:10:16.602691071Z
FAUG,FT Vest U.S. Equity Buffer ETF - August,stocks,us,BATS,ETF,True,usd,0001667919,BBG00QQFDMF1,BBG00QQFDN69,2026-08-11T06:10:16.602691151Z
FAX,"abrdn Asia-Pacific Income Fund, Inc",stocks,us,XASE,FUND,True,usd,0000790500,BBG000BB3MF4,BBG001S5R1L0,2026-08-11T06:10:16.602691372Z
FAZ,Direxion Daily Financial Bear 3x ETF,stocks,us,ARCX,ETF,True,usd,0001424958,BBG000JLM3X5,BBG001T3NVH7,2026-08-11T06:10:16.602691442Z
FB,ProShares S&P 500 Dynamic Buffer ETF,stocks,us,BATS,ETF,True,usd,0001174610,BBG01VRMNFB1,BBG01VRMNGC8,2026-08-11T06:10:16.602691582Z
FBCG,Fidelity Blue Chip Growth ETF,stocks,us,BATS,ETF,True,usd,0000945908,BBG00V6QFSP2,BBG00V6QFTJ7,2026-08-11T06:10:16.602691692Z
FBCV,Fidelity Blue Chip Value ETF,stocks,us,BATS,ETF,True,usd,0000945908,BBG00V6QFXV4,BBG00V6QFYM2,2026-08-11T06:10:16.602691773Z
FBDC,FT Confluence BDC & Specialty Finance Income ETF,stocks,us,ARCX,ETF,True,usd,0001667919,BBG01VS642D3,BBG01VS643T4,2026-08-11T06:10:16.602691853Z
FBGL,FBS Global Limited Ordinary Shares,stocks,us,XNAS,CS,True,usd,0001938534,,,2026-08-11T06:10:16.602691923Z
FBIN,"Fortune Brands Innovations, Inc.",stocks,us,XNYS,CS,True,usd,0001519751,BBG001B4BV87,BBG001THLZ70,2026-08-11T06:10:16.602692003Z
FBIO,"Fortress Biotech, Inc.",stocks,us,XNAS,CS,True,usd,0001429260,BBG001J2MFH6,BBG001V0GB64,2026-08-11T06:10:16.602692093Z
FBIOP,"Fortress Biotech, Inc. 9.375% Series A Cumulative Redeemable Perpetual Preferred Stock",stocks,us,XNAS,PFD,True,usd,0001429260,,,2026-08-11T06:10:16.602692223Z
FBIZ,"First Business Financial Services, Inc.",stocks,us,XNAS,CS,True,usd,0001521951,BBG000QK39V9,BBG001SN11Y5,2026-08-11T06:10:16.602692304Z
FBK,FB Financial Corporation,stocks,us,XNYS,CS,True,usd,0001649749,BBG00DM434G9,BBG00DM434H8,2026-08-11T06:10:16.602692544Z
FBL,GraniteShares ETF Trust GraniteShares 2x Long META Daily ETF,stocks,us,XNAS,ETF,True,usd,0001689873,BBG01BWDHS46,BBG01BWDHVV9,2026-08-11T06:10:16.602692624Z
FBLA,"FB Bancorp, Inc. Common Stock",stocks,us,XNAS,CS,True,usd,0002013639,BBG01MG5QRX7,BBG01MG5QSR2,2026-08-11T06:10:16.602692694Z
FBLG,"FibroBiologics, Inc. Common Stock",stocks,us,XNAS,CS,True,usd,0001958777,BBG01K4MB400,BBG01K4MB4V6,2026-08-11T06:10:16.602692775Z
FBNC,First Bancorp/NC,stocks,us,XNAS,CS,True,usd,0000811589,BBG000BJ9RS6,BBG001S5R1Z5,2026-08-11T06:10:16.602692855Z
FBND,Fidelity Total Bond ETF,stocks,us,ARCX,ETF,True,usd,0001562565,BBG0078X19K0,BBG0078X1341,2026-08-11T06:10:16.602693075Z
FBOT,Fidelity Disruptive Automation ETF,stocks,us,XNAS,ETF,True,usd,0000945908,BBG01GXL8GQ8,BBG01GXL8HM0,2026-08-11T06:10:16.602693155Z
FBP,First BanCorp.,stocks,us,XNYS,CS,True,usd,0001057706,BBG000CYKKX8,BBG001S76PN4,2026-08-11T06:10:16.602693265Z
FBRT,"Franklin BSP Realty Trust, Inc.",stocks,us,XNYS,CS,True,usd,0001562528,BBG0131739J2,BBG013173BC4,2026-08-11T06:10:16.602693346Z
FBRTpE,"Franklin BSP Realty Trust, Inc. 7.50% Series E Cumulative Redeemable Preferred Stock",stocks,us,XNYS,PFD,True,usd,0001562528,,,2026-08-11T06:10:16.602693466Z
FBRX,"Forte Biosciences, Inc. Common Stock",stocks,us,XNAS,CS,True,usd,0001419041,BBG001J2N4H0,BBG001V0GC53,2026-08-11T06:10:16.602693546Z
FBT,First Trust NYSE Arca Biotechnology Index Fund,stocks,us,ARCX,ETF,True,usd,0001329377,BBG000LGNRH7,BBG001SQ1891,2026-08-11T06:10:16.602693626Z
FBTC,Fidelity Wise Origin Bitcoin Fund,stocks,us,BATS,ETF,True,usd,0001852317,BBG01KY66PW6,BBG01KY66QQ1,2026-08-11T06:10:16.602693706Z
FBUF,Fidelity Dynamic Buffered Equity ETF,stocks,us,BATS,ETF,True,usd,0001898391,BBG01M5HJKR3,BBG01M5HJLR1,2026-08-11T06:10:16.602693867Z
FBX,Corgi META 2x Daily ETF,stocks,us,BATS,ETF,True,usd,,BBG0230C0QX0,BBG0230C0SS2,2026-08-11T06:10:16.602693947Z
FBY,YieldMax META Option Income Strategy ETF,stocks,us,ARCX,ETS,True,usd,,BBG01HP1P343,BBG01HP1P405,2026-08-11T06:10:16.602694017Z
FBYD,"Falcon's Beyond Global, Inc. Class A Common Stock",stocks,us,XNAS,CS,True,usd,0001937987,BBG019953JT2,BBG019953JW8,2026-08-11T06:10:16.602694097Z
FBYDP,"Falcon's Beyond Global, Inc. 11% Series B Cumulative Convertible Preferred Stock",stocks,us,XNAS,PFD,True,usd,0001937987,,,2026-08-11T06:10:16.602694177Z
FBYDW,"Falcon's Beyond Global, Inc. Warrants",stocks,us,XNAS,WARRANT,True,usd,0001937987,BBG019WPZMJ1,,2026-08-11T06:10:16.602694257Z
FBYY,GraniteShares YieldBOOST META ETF,stocks,us,XNAS,ETF,True,usd,0001689873,BBG01XWMXN69,BBG01XWMXPH2,2026-08-11T06:10:16.602694338Z
FC,Franklin Covey Company,stocks,us,XNYS,CS,True,usd,0000886206,BBG000FCZM90,BBG001SB0L96,2026-08-11T06:10:16.602694418Z
FCA,First Trust China AlphaDEX Fund,stocks,us,XNAS,ETF,True,usd,0001510337,BBG001MKPW19,BBG001V11WR9,2026-08-11T06:10:16.602694618Z
FCAL,First Trust California Municipal High income ETF,stocks,us,XNAS,ETF,True,usd,0001424212,BBG00GY1H0R6,BBG00GY1H1G6,2026-08-11T06:10:16.602694698Z
FCAP,First Capital Inc,stocks,us,XNAS,CS,True,usd,0001070296,BBG000BB6568,BBG001S5R2C8,2026-08-11T06:10:16.602694869Z
FCBC,"First Community Bankshares, Inc. (VA)",stocks,us,XNAS,CS,True,usd,0000859070,BBG000BNCR58,BBG001S9V627,2026-08-11T06:10:16.602694949Z
FCBD,Frontier Asset Core Bond ETF,stocks,us,ARCX,ETF,True,usd,,BBG01RBBCYL1,BBG01RBBCZF5,2026-08-11T06:10:16.602695029Z
FCBM,"First Carolina Financial Services, Inc.",stocks,us,XNYS,CS,True,usd,0001531193,BBG00BMFY6D2,BBG00BMFY795,2026-08-11T06:10:16.602695109Z
FCCO,First Community Corp,stocks,us,XNAS,CS,True,usd,0000932781,BBG000BRD351,BBG001S9S0F0,2026-08-11T06:10:16.602695189Z
FCEF,First Trust Exchange-Traded Fund VIII First Trust Income Opportunities ETF,stocks,us,XNAS,ETF,True,usd,0001667919,BBG00DX33754,BBG00DX33763,2026-08-11T06:10:16.602695269Z
FCEL,FuelCell Energy Inc  NEW (DE),stocks,us,XNAS,CS,True,usd,0000886128,BBG000HQ1LB3,BBG001SDZHP5,2026-08-11T06:10:16.60269535Z
FCF,First Commonwealth Financial Corporation,stocks,us,XNYS,CS,True,usd,0000712537,BBG000CND7W0,BBG001S70475,2026-08-11T06:10:16.60269543Z
FCFS,"FirstCash Holdings, Inc. Common Stock",stocks,us,XNAS,CS,True,usd,0000840489,BBG0145KL747,BBG0145KL756,2026-08-11T06:10:16.60269551Z
FCFY,First Trust S&P 500 Diversified Free Cash Flow ETF,stocks,us,ARCX,ETF,True,usd,0001329377,BBG01HX8H6N0,BBG01HX8H7H5,2026-08-11T06:10:16.60269559Z
FCG,First Trust Natural Gas ETF,stocks,us,ARCX,ETF,True,usd,0001329377,BBG000QJPZH6,BBG001SS80F0,2026-08-11T06:10:16.60269567Z
FCHL,Fitness Champs Holdings Limited Common Stock,stocks,us,XNAS,CS,True,usd,0002023796,,,2026-08-11T06:10:16.60269578Z
FCLD,Fidelity Cloud Computing ETF,stocks,us,BATS,ETF,True,usd,0000945908,BBG012V20MH8,BBG012V20NF8,2026-08-11T06:10:16.60269586Z
FCLO,Fidelity CLO ETF,stocks,us,XNAS,ETF,True,usd,0000945908,BBG01ZZ7F8C0,BBG01ZZ7F983,2026-08-11T06:10:16.602695941Z
FCN,"FTI Consulting, Inc.",stocks,us,XNYS,CS,True,usd,0000887936,BBG000K88H58,BBG001SCJVR2,2026-08-11T06:10:16.602696141Z
FCNCA,First Citizens BancShares Inc,stocks,us,XNAS,CS,True,usd,0000798941,BBG000BJCDS3,BBG001S5R2V7,2026-08-11T06:10:16.602696221Z
FCNCN,"First Citizens BancShares, Inc. Depositary Shares, each representing a 1/40th interest in a share of 6.625% Non-Cumulative Perpetual Preferred Stock, Series E",stocks,us,XNAS,CS,True,usd,,,,2026-08-11T06:10:16.602696341Z
FCNCO,"First Citizens BancShares, Inc. 5.625% Non-Cumulative Perpetual Preferred Stock, Series C",stocks,us,XNAS,PFD,True,usd,,,,2026-08-11T06:10:16.602696422Z
FCNCP,"First Citizens BancShares, Inc. Depositary Shares Each Representing a 1/40th Interest in a Share of 5.375% Non-Cumulative Perpetual Preferred Stock, Series A",stocks,us,XNAS,PFD,True,usd,,,,2026-08-11T06:10:16.602696502Z
FCOM,Fidelity MSCI Communication Services Index ETF,stocks,us,ARCX,ETF,True,usd,0000945908,BBG005FHWFF9,BBG005FHWFG8,2026-08-11T06:10:16.602696582Z
FCOR,Fidelity Corporate Bond ETF,stocks,us,ARCX,ETF,True,usd,0001562565,BBG0078WXLP5,BBG0078WXLN7,2026-08-11T06:10:16.602696702Z
FCPI,Fidelity Stocks for Inflation ETF,stocks,us,BATS,ETF,True,usd,0000945908,BBG00QQ88DK7,BBG00QQ88F95,2026-08-11T06:10:16.602696792Z
FCPT,"Four Corners Property Trust, Inc.",stocks,us,XNYS,CS,True,usd,0001650132,BBG009H33QM0,BBG009H33QN9,2026-08-11T06:10:16.602696923Z
FCRS,FutureCrest Acquisition Corp.,stocks,us,XNYS,CS,True,usd,0002074697,,,2026-08-11T06:10:16.602697003Z
FCRS.U,"FutureCrest Acquisition Corp. Units, each consisting of one Class A ordinary share and one-quarter of one redeemable warrant",stocks,us,XNYS,UNIT,True,usd,0002074697,,,2026-08-11T06:10:16.602697383Z
FCRS.WS,"FutureCrest Acquisition Corp. Redeemable warrants, each whole warrant exercisable for one Class A ordinary share at an exercise price of $11.50",stocks,us,XNYS,WARRANT,True,usd,0002074697,,,2026-08-11T06:10:16.602697464Z
FCSH,Federated Hermes Short Duration Corporate ETF,stocks,us,ARCX,ETF,True,usd,0001849998,BBG013BTHNB5,BBG013BTHP57,2026-08-11T06:10:16.602697544Z
FCTE,SMI 3Fourteen Full-Cycle Trend ETF,stocks,us,XNAS,ETF,True,usd,0001771146,BBG01NKCT953,BBG01NKCTB21,2026-08-11T06:10:16.602697985Z
FCTR,First Trust Lunt U.S. Factor Rotation ETF,stocks,us,BATS,ETF,True,usd,0001329377,BBG00LGR5QR4,BBG00LGR5RH3,2026-08-11T06:10:16.602698055Z
FCUS,Pinnacle Focused Opportunities ETF,stocks,us,ARCX,ETF,True,usd,,BBG01C5GRBL4,BBG01C5GRCF9,2026-08-11T06:10:16.602698155Z
FCUV,Focus Universal Inc. Common Stock,stocks,us,XNAS,CS,True,usd,0001590418,BBG005S5X7Z6,BBG005S5X802,2026-08-11T06:10:16.602698365Z
FCVT,First Trust SSI Strategic Convertible Securities ETF,stocks,us,XNAS,ETF,True,usd,0001517936,BBG00BC8DBF9,BBG00BC8DBG8,2026-08-11T06:10:16.602698445Z
FCX,Freeport-McMoran Inc.,stocks,us,XNYS,CS,True,usd,0000831259,BBG000BJDB15,BBG001S5R3F3,2026-08-11T06:10:16.602698716Z
FCXG,Leverage Shares 2x Long FCX Daily ETF,stocks,us,XNAS,ETF,True,usd,,BBG020D4LWZ2,BBG020D4LXW3,2026-08-11T06:10:16.602698796Z
FDAT,Tactical Advantage ETF,stocks,us,ARCX,ETF,True,usd,0001924868,BBG01G6XDGC1,BBG01G6XDH66,2026-08-11T06:10:16.602698876Z
FDBC,"Fidelity D & D Bancorp, Inc. Common Stock",stocks,us,XNAS,CS,True,usd,0001098151,BBG000M814N2,BBG001SFN3T0,2026-08-11T06:10:16.602698956Z
FDCF,Fidelity Disruptive Communications ETF,stocks,us,XNAS,ETF,True,usd,0000945908,BBG01GXLY5L8,BBG01GXLY6F3,2026-08-11T06:10:16.602699037Z
FDD,First Trust STOXX European Select Dividend Income Fund,stocks,us,ARCX,ETF,True,usd,0001364608,BBG000SQ99D8,BBG001SXT9D9,2026-08-11T06:10:16.602699157Z
FDEC,FT Vest U.S. Equity Buffer ETF - December,stocks,us,BATS,ETF,True,usd,0001667919,BBG00YGC7TG3,BBG00YGC7V96,2026-08-11T06:10:16.602699267Z
FDEM,Fidelity Emerging Markets Multifactor ETF,stocks,us,BATS,ETF,True,usd,0000945908,BBG00NFRH7V5,BBG00NFRH8L4,2026-08-11T06:10:16.602699357Z
FDEV,Fidelity International Multifactor ETF,stocks,us,BATS,ETF,True,usd,0000945908,BBG00NFRLXW2,BBG00NFRLYM1,2026-08-11T06:10:16.602699427Z
FDFF,Fidelity Disruptive Finance ETF,stocks,us,XNAS,ETF,True,usd,0000945908,BBG01GXLXZ42,BBG01GXLY002,2026-08-11T06:10:16.602699508Z
FDG,American Century Focused Dynamic Growth ETF,stocks,us,ARCX,ETF,True,usd,0001710607,BBG00RJVSCR5,BBG00RJVSDH4,2026-08-11T06:10:16.602699588Z
FDHY,Fidelity Enhanced High Yield ETF,stocks,us,ARCX,ETF,True,usd,0000945908,BBG00L4J9DD5,BBG00L4J9F40,2026-08-11T06:10:16.602699668Z
FDIF,Fidelity Disruptors ETF,stocks,us,XNAS,ETF,True,usd,0000945908,BBG01GXLYDN9,BBG01GXLYFJ9,2026-08-11T06:10:16.602699748Z
FDIG,Fidelity Crypto Industry and Digital Payments ETF,stocks,us,XNAS,ETF,True,usd,0000945908,BBG016VCFK12,BBG016VCFL83,2026-08-11T06:10:16.602699848Z
FDIQ,Invesco Exchange-Traded Fund Trust II Invesco Bloomberg Financial Data Providers ETF,stocks,us,XNAS,ETF,True,usd,0001378872,BBG0027F1VF8,BBG0027F1W57,2026-08-11T06:10:16.602700049Z
FDIS,Fidelity MSCI Consumer Discretionary Index ETF,stocks,us,ARCX,ETF,True,usd,0000945908,BBG005FHVPT3,BBG005FHVPV0,2026-08-11T06:10:16.602700129Z
FDIV,MarketDesk Focused U.S. Dividend ETF,stocks,us,XNAS,ETF,True,usd,,BBG01JDHKCL3,BBG01JDHKDH6,2026-08-11T06:10:16.602700249Z
FDL,First Trust Morningstar Dividend Leaders Index Fund,stocks,us,ARCX,ETF,True,usd,,BBG000HFZ1Z8,BBG001SP68G0,2026-08-11T06:10:16.602700329Z
FDLO,Fidelity Low Volatility Factor ETF,stocks,us,ARCX,ETF,True,usd,0000945908,BBG00DRFDQV2,BBG00DRFDQX0,2026-08-11T06:10:16.602700409Z
FDLS,Inspire Fidelis Multi Factor ETF,stocks,us,ARCX,ETF,True,usd,0001733356,BBG018Y8BPH0,BBG018Y8BQB4,2026-08-11T06:10:16.602700489Z
FDM,First Trust Dow Jones Select MicroCap Index Fund,stocks,us,ARCX,ETF,True,usd,0001329377,BBG000JGZYM6,BBG001SPGVC2,2026-08-11T06:10:16.60270056Z
FDMM,Freedom Metals Acquisition Corp. Class A Ordinary Shares,stocks,us,XNAS,CS,True,usd,0002129659,,,2026-08-11T06:10:16.60270064Z
FDMMU,Freedom Metals Acquisition Corp. Units,stocks,us,XNAS,UNIT,True,usd,0002129659,,,2026-08-11T06:10:16.60270072Z
FDMMW,Freedom Metals Acquisition Corp. Warrants,stocks,us,XNAS,WARRANT,True,usd,0002129659,,,2026-08-11T06:10:16.60270085Z
FDMO,Fidelity Momentum Factor ETF,stocks,us,ARCX,ETF,True,usd,0000945908,BBG00DRGLGS7,BBG00DRGLGV3,2026-08-11T06:10:16.60270093Z
FDMT,"4D Molecular Therapeutics, Inc. Common Stock",stocks,us,XNAS,CS,True,usd,0001650648,BBG00QG40R88,BBG00QG40S04,2026-08-11T06:10:16.60270101Z
FDN,First Trust Dow Jones Internet Index Fund ETF,stocks,us,ARCX,ETF,True,usd,0001329377,BBG000F0YTN6,BBG001SN9872,2026-08-11T06:10:16.602701091Z
FDND,FT Vest Dow Jones Internet & Target Income ETF,stocks,us,BATS,ETF,True,usd,0001517936,BBG01LYMLGJ7,BBG01LYMLHD1,2026-08-11T06:10:16.602701171Z
FDNI,First Trust Dow Jones International Internet ETF,stocks,us,XNAS,ETF,True,usd,0001125816,BBG00MGTPJW6,BBG00MGTPKM4,2026-08-11T06:10:16.602701241Z
FDRR,Fidelity Dividend ETF for Rising Rates,stocks,us,ARCX,ETF,True,usd,0000945908,BBG00DR7RKW7,BBG00DR7RKX6,2026-08-11T06:10:16.602701321Z
FDRS,Founder-Led ETF,stocks,us,XNAS,ETF,True,usd,0002078265,BBG01YLK8CN6,BBG01YLK8DL6,2026-08-11T06:10:16.602701672Z
FDRV,Fidelity Electric Vehicles and Future Transportation ETF,stocks,us,BATS,ETF,True,usd,0000945908,BBG012V21C61,BBG012V21D14,2026-08-11T06:10:16.602701762Z
FDRX,Founder-Led 2X Daily ETF,stocks,us,XNAS,ETF,True,usd,0002078265,BBG01YLK7S25,BBG01YLK7T14,2026-08-11T06:10:16.602701872Z
FDS,Factset Research Systems,stocks,us,XNYS,CS,True,usd,0001013237,BBG000BDJL83,BBG001S5XRL6,2026-08-11T06:10:16.602701952Z
FDSB,"Fifth District Bancorp, Inc. Common Stock",stocks,us,XNAS,CS,True,usd,0002012726,BBG01P1ZYS41,BBG01P1ZYT03,2026-08-11T06:10:16.602702032Z
FDT,First Trust Developed Markets ex-US AlphaDEX Fund,stocks,us,XNAS,ETF,True,usd,0001510337,BBG001MKQJK6,BBG001V11YW9,2026-08-11T06:10:16.602702113Z
FDTS,First Trust Developed Markets ex-US Small Cap AlphaDEX Fund,stocks,us,XNAS,ETF,True,usd,0001510337,BBG002NCPVF1,BBG002NCPW50,2026-08-11T06:10:16.602702193Z
FDTX,Fidelity Disruptive Technology ETF,stocks,us,XNAS,ETF,True,usd,0000945908,BBG01GXLY9S3,BBG01GXLYBM4,2026-08-11T06:10:16.602702273Z
FDUS,Fidus Investment Corp.,stocks,us,XNAS,CS,True,usd,0001513363,BBG001K9JH07,BBG001V0MG11,2026-08-11T06:10:16.602702363Z
FDV,Federated Hermes U.S. Strategic Dividend ETF,stocks,us,ARCX,ETF,True,usd,0001849998,BBG01BHYXVS6,BBG01BHYXWN9,2026-08-11T06:10:16.602702443Z
FDVV,Fidelity High Dividend ETF,stocks,us,ARCX,ETF,True,usd,0000945908,BBG00DR7RGC8,BBG00DR7RGF5,2026-08-11T06:10:16.602702523Z
FDX,FedEx Corporation,stocks,us,XNYS,CS,True,usd,0001048911,BBG000BJF1Z8,BBG001S5R3M5,2026-08-11T06:10:16.602702644Z
FDXF,"FedEx Freight Holding Company, Inc.",stocks,us,XNYS,CS,True,usd,0002082247,BBG01ZPB91C4,BBG01ZPB92B3,2026-08-11T06:10:16.602702724Z
FE,FirstEnergy Corp.,stocks,us,XNYS,CS,True,usd,0001031296,BBG000BB6M98,BBG001S5R3N4,2026-08-11T06:10:16.602702814Z
FEAC,Fidelity Enhanced U.S. All-Cap Equity ETF,stocks,us,ARCX,ETF,True,usd,0000945908,BBG01QWJQM25,BBG01QWJQNG8,2026-08-11T06:10:16.602702894Z
FEAM,"5E Advanced Materials, Inc. Common Stock",stocks,us,XNAS,CS,True,usd,0001888654,BBG013P11F43,BBG013P11F61,2026-08-11T06:10:16.602702974Z
FEBM,FT Vest U.S. Equity Max Buffer ETF - February,stocks,us,BATS,ETF,True,usd,0001667919,BBG01SCJVH19,BBG01SCJVJ06,2026-08-11T06:10:16.602703315Z
FEBO,Fenbo Holdings Limited Class A Ordinary Shares,stocks,us,XNAS,CS,True,usd,0001957001,,,2026-08-11T06:10:16.602703385Z
FEBP,PGIM S&P 500 Buffer 12 ETF - February,stocks,us,BATS,ETF,True,usd,,BBG01L5NJGH2,BBG01L5NJHC5,2026-08-11T06:10:16.602703545Z
FEBT,AllianzIM U.S. Equity Buffer10 Feb ETF,stocks,us,BATS,ETF,True,usd,0001797318,BBG01DC8X9J3,BBG01DC8XBD4,2026-08-11T06:10:16.602703635Z
FEBU,AllianzIM U.S. Equity Buffer15 Uncapped Feb ETF,stocks,us,BATS,ETF,True,usd,0001797318,BBG01RXTJLM8,BBG01RXTJMK8,2026-08-11T06:10:16.602703746Z
FEBW,AllianzIM U.S. Equity Buffer20 Feb ETF,stocks,us,BATS,ETF,True,usd,0001797318,BBG01DCCD5M0,BBG01DCCD6G5,2026-08-11T06:10:16.602703826Z
FEBZ,TrueShares Structured Outcome (February) ETF,stocks,us,BATS,ETF,True,usd,0001776878,BBG01WJZKSF0,BBG01WJZKTH6,2026-08-11T06:10:16.602703906Z
FECM,First Eagle Core Municipal ETF,stocks,us,ARCX,ETF,True,usd,,BBG023C7MK21,BBG023C7ML56,2026-08-11T06:10:16.602704377Z
FEDM,FlexShares ESG & Climate Developed Markets ex-US Core Index Fund,stocks,us,ARCX,ETF,True,usd,0001491978,BBG012N0R9T8,BBG012N0RBN9,2026-08-11T06:10:16.602704477Z
FEDU,"Four Seasons Education (Cayman) Inc. American depositary shares, each representing ten (10) Ordinary Shares",stocks,us,XNYS,ADRC,True,usd,0001709819,BBG00HZ6NWR5,BBG00HZ6NWS4,2026-08-11T06:10:16.602704567Z
FEED,"ENvue Medical, Inc. Common Stock",stocks,us,XNAS,CS,True,usd,0001326706,BBG008LFXN26,BBG008LFXNV4,2026-08-11T06:10:16.602704838Z
FEGE,First Eagle Global Equity ETF,stocks,us,XNYS,ETF,True,usd,,BBG01R35L769,BBG01R35L858,2026-08-11T06:10:16.602704918Z
FEIG,FlexShares ESG & Climate Investment Grade Corporate Core Index Fund,stocks,us,ARCX,ETF,True,usd,0001491978,BBG012N0QH39,BBG012N0QJ08,2026-08-11T06:10:16.602704998Z
FEIM,"Frequency Electronics, Inc.",stocks,us,XNAS,CS,True,usd,0000039020,BBG000BJG3B9,BBG001S5R3V5,2026-08-11T06:10:16.602705108Z
FELC,Fidelity Enhanced Large Cap Core ETF,stocks,us,ARCX,ETF,True,usd,0000945908,BBG01K4JD1F5,BBG01K4JD281,2026-08-11T06:10:16.602705198Z
FELE,Franklin Electric Co Inc,stocks,us,XNAS,CS,True,usd,0000038725,BBG000BJGGV8,BBG001S5R3W4,2026-08-11T06:10:16.602705279Z
FELG,Fidelity Enhanced Large Cap Growth ETF,stocks,us,ARCX,ETF,True,usd,0000945908,BBG01K4K7ZF4,BBG01K4K80N1,2026-08-11T06:10:16.602705619Z
FELV,Fidelity Enhanced Large Cap Value ETF,stocks,us,ARCX,ETF,True,usd,0000945908,BBG01K786HR6,BBG01K786JL8,2026-08-11T06:10:16.602705699Z
FEM,First Trust Emerging Markets AlphaDEX Fund,stocks,us,XNAS,ETF,True,usd,0001510337,BBG001MKMZJ6,BBG001V11W80,2026-08-11T06:10:16.60270582Z
FEMB,First Trust Emerging Markets Local Currency Bond ETF,stocks,us,XNAS,ETF,True,usd,0001424212,BBG007GFNNZ9,BBG007GFNP02,2026-08-11T06:10:16.6027059Z
FEMD,First Eagle Mid Cap Equity ETF,stocks,us,ARCX,ETF,True,usd,,BBG01ZRF60X5,BBG01ZRF63C2,2026-08-11T06:10:16.60270598Z
FEMG,Fidelity Enhanced Mid Cap Growth ETF,stocks,us,ARCX,ETF,True,usd,0000945908,BBG021Y5YSF1,BBG021Y5YVJ0,2026-08-11T06:10:16.60270606Z
FEMR,Fidelity Enhanced Emerging Markets ETF,stocks,us,ARCX,ETF,True,usd,0000945908,BBG01QWJS5T1,BBG01QWJS753,2026-08-11T06:10:16.60270616Z
FEMS,First Trust Emerging Markets Small Cap AlphaDEX Fund,stocks,us,XNAS,ETF,True,usd,0001364608,BBG002NCPY10,BBG002NCPYS1,2026-08-11T06:10:16.602706301Z
FEMV,Fidelity Enhanced Mid Cap Value ETF,stocks,us,ARCX,ETF,True,usd,0000945908,BBG021Y8NB00,BBG021Y8NC17,2026-08-11T06:10:16.602706381Z
FEMY,Femasys Inc. Common Stock,stocks,us,XNAS,CS,True,usd,0001339005,BBG004M23R63,BBG004M23R72,2026-08-11T06:10:16.602706461Z
FENC,Fennec Pharmaceuticals Inc. Common Stock,stocks,us,XNAS,CS,True,usd,0001211583,BBG000DTH814,BBG001S69M23,2026-08-11T06:10:16.602706541Z
FENG,Phoenix New Media Limited American Depositary Shares (each representing forty-eight (48) Class A Ordinary Shares),stocks,us,XNYS,ADRC,True,usd,0001509646,BBG001NKNH59,BBG001V14PZ2,2026-08-11T06:10:16.602706611Z
FENI,Fidelity Enhanced International ETF,stocks,us,ARCX,ETF,True,usd,0000945908,BBG01K4JLYL7,BBG01K4JLZG0,2026-08-11T06:10:16.602706691Z
FENY,Fidelity MSCI Energy Index ETF,stocks,us,ARCX,ETF,True,usd,0000945908,BBG005FHW2W9,BBG005FHW2X8,2026-08-11T06:10:16.602706782Z
FEOE,First Eagle Overseas Equity ETF,stocks,us,XNYS,ETF,True,usd,,BBG01R35FFF8,BBG01R35FG93,2026-08-11T06:10:16.602706862Z
FEP,First Trust Europe AlphaDEX Fund,stocks,us,XNAS,ETF,True,usd,0001510337,BBG001MKQKC2,BBG001V11YX8,2026-08-11T06:10:16.602707172Z
FEPI,REX FANG & Innovation Equity Premium Income ETF,stocks,us,XNAS,ETF,True,usd,0000726516,BBG01JNC0V42,BBG01JNC0VZ8,2026-08-11T06:10:16.602707543Z
FER,Ferrovial N.V. Ordinary Shares,stocks,us,XNAS,CS,True,usd,0001468522,,,2026-08-11T06:10:16.602707623Z
FERA,Fifth Era Acquisition Corp I Class A Ordinary Shares,stocks,us,XNAS,CS,True,usd,0002025401,,,2026-08-11T06:10:16.602707753Z
FERAR,Fifth Era Acquisition Corp I Rights,stocks,us,XNAS,RIGHT,True,usd,0002025401,,,2026-08-11T06:10:16.602707824Z
FERAU,Fifth Era Acquisition Corp I Units,stocks,us,XNAS,UNIT,True,usd,0002025401,,,2026-08-11T06:10:16.602707904Z
FERG,Ferguson Enterprises Inc.,stocks,us,XNYS,CS,True,usd,0002011641,BBG01NMRD768,BBG01NMRD786,2026-08-11T06:10:16.602707984Z
FESC,First Eagle Small Cap Equity ETF,stocks,us,ARCX,ETF,True,usd,,BBG023CC3N34,BBG023CC3P20,2026-08-11T06:10:16.602708064Z
FESM,Fidelity Enhanced Small Cap Core ETF,stocks,us,ARCX,ETF,True,usd,0000945908,BBG01K786LQ8,BBG01K786ML1,2026-08-11T06:10:16.602708154Z
FET,"Forum Energy Technologies, Inc.",stocks,us,XNYS,CS,True,usd,0001401257,BBG000PDVKL1,BBG001SR1425,2026-08-11T06:10:16.602708234Z
FETH,Fidelity Ethereum Fund,stocks,us,BATS,ETF,True,usd,0002000046,BBG01NWVKPS6,BBG01NWVKQP7,2026-08-11T06:10:16.602708355Z
FEUS,FlexShares ESG & Climate US Large Cap Core Index Fund,stocks,us,ARCX,ETF,True,usd,0001491978,BBG012N0PLQ6,BBG012N0PML9,2026-08-11T06:10:16.602708435Z
FEUZ,First Trust Eurozone AlphaDEX,stocks,us,XNAS,ETF,True,usd,0001510337,BBG007D9BXL2,BBG007D9BXM1,2026-08-11T06:10:16.602708515Z
FEX,First Trust Large Cap Core AlphaDEX Fund,stocks,us,XNAS,ETF,True,usd,,BBG000R6D2Y0,BBG001ST68X3,2026-08-11T06:10:16.602708595Z
FEZ,State Street SPDR EURO STOXX 50 ETF,stocks,us,ARCX,ETF,True,usd,0001168164,BBG000PG8230,BBG001SLBK12,2026-08-11T06:10:16.602708665Z
FF,Future Fuel Corporation,stocks,us,XNYS,CS,True,usd,0001337298,BBG000GDSKT7,BBG001SNX0W4,2026-08-11T06:10:16.602708745Z
FFA,First Trust Enhanced Equity Income Fund.,stocks,us,XNYS,FUND,True,usd,0001291334,BBG000PZFW98,BBG001SLZBJ7,2026-08-11T06:10:16.602708825Z
FFAI,Faraday Future Intelligent Electric Inc. Common Stock,stocks,us,XNAS,CS,True,usd,0001805521,BBG00W4M4KW2,BBG00W4M4LN0,2026-08-11T06:10:16.602709066Z
FFBC,First Financial Bancorp,stocks,us,XNAS,CS,True,usd,0000708955,BBG000BJGW43,BBG001S5R4C4,2026-08-11T06:10:16.602709156Z
FFC,Flaherty & Crumrine Preferred and Income Securities Fund Incorporated,stocks,us,XNYS,FUND,True,usd,0001174164,BBG000K0ML78,BBG001SJF1Q8,2026-08-11T06:10:16.602709286Z
FFDI,Fidelity Fundamental Developed International ETF,stocks,us,BATS,ETF,True,usd,0000945908,BBG01QWK4GX5,BBG01QWK4J96,2026-08-11T06:10:16.602709367Z
FFEB,FT Vest U.S. Equity Buffer ETF - February,stocks,us,BATS,ETF,True,usd,0001667919,BBG00RPK2MH9,BBG00RPK2N78,2026-08-11T06:10:16.602709447Z
FFEM,Fidelity Fundamental Emerging Markets ETF,stocks,us,BATS,ETF,True,usd,0000945908,BBG01QVWMR75,BBG01QVWMS46,2026-08-11T06:10:16.602709517Z
FFF,Founders 100 ETF,stocks,us,BATS,ETF,True,usd,,BBG01YVQ5X22,BBG01YVQ5Y02,2026-08-11T06:10:16.602709597Z
FFGX,Fidelity Fundamental Global ex-U.S. ETF,stocks,us,BATS,ETF,True,usd,0000945908,BBG01QWK8FZ1,BBG01QWK8H23,2026-08-11T06:10:16.602709677Z
FFIN,First Financial Bankshares Inc,stocks,us,XNAS,CS,True,usd,0000036029,BBG000BL8476,BBG001S7HCY9,2026-08-11T06:10:16.602709757Z
FFIU,UVA Unconstrained Medium-Term Fixed Income ETF,stocks,us,ARCX,ETF,True,usd,0001484018,BBG00HG93369,BBG00HG933X9,2026-08-11T06:10:16.602709847Z
FFIV,"F5, Inc. Common Stock",stocks,us,XNAS,CS,True,usd,0001048695,BBG000CXYSZ6,BBG001SCP8D1,2026-08-11T06:10:16.602709948Z
FFLC,Fidelity Fundamental Large Cap Core ETF,stocks,us,BATS,ETF,True,usd,0000945908,BBG00V6QF9V7,BBG00V6QFBM2,2026-08-11T06:10:16.602710038Z
FFLG,Fidelity Fundamental Large Cap Growth ETF,stocks,us,BATS,ETF,True,usd,0000945908,BBG00Z4JFLJ3,BBG00Z4JFMC8,2026-08-11T06:10:16.602710118Z
FFLS,The Future Fund Long/Short ETF,stocks,us,ARCX,ETF,True,usd,,BBG01H3PF9N1,BBG01H3PFBH3,2026-08-11T06:10:16.602710188Z
FFLV,Fidelity Fundamental Large Cap Value ETF,stocks,us,BATS,ETF,True,usd,0000945908,BBG01LH0M9N4,BBG01LH0MBJ4,2026-08-11T06:10:16.602710268Z
FFLX,First Trust Flexible Income ETF,stocks,us,ARCX,ETF,True,usd,,BBG0245MKGG0,BBG0245MKM68,2026-08-11T06:10:16.602710348Z
FFND,One Global ETF,stocks,us,ARCX,ETF,True,usd,,BBG01292NBL7,BBG01292NCG1,2026-08-11T06:10:16.602710719Z
FFOG,Franklin Focused Dynamic Growth ETF,stocks,us,BATS,ETF,True,usd,0001655589,BBG01JZGNP93,BBG01JZGNQ64,2026-08-11T06:10:16.602710799Z
FFOX,FundX Future Fund Opportunities ETF,stocks,us,ARCX,ETF,True,usd,,BBG01VG8NHG5,BBG01VG8NKH7,2026-08-11T06:10:16.60271092Z
FFSM,Fidelity Fundamental Small-Mid Cap ETF,stocks,us,BATS,ETF,True,usd,0000945908,BBG00Z4JGTT4,BBG00Z4JGVP3,2026-08-11T06:10:16.602711Z
FFTY,CapForce IBD 50 ETF,stocks,us,ARCX,ETF,True,usd,0001482688,BBG021WPF1Y8,BBG021WPF3M7,2026-08-11T06:10:16.60271113Z
FFUT,Fidelity Managed Futures ETF,stocks,us,XNAS,ETF,True,usd,0001898391,BBG01VBP2H66,BBG01VBP2J35,2026-08-11T06:10:16.60271121Z
FG,"F&G Annuities & Life, Inc.",stocks,us,XNYS,CS,True,usd,0001934850,BBG01BGVGG87,BBG01BGVGH85,2026-08-11T06:10:16.60271131Z
FGBI,FIRST GUARANTY BANCSHARES INC,stocks,us,XNAS,CS,True,usd,0001408534,BBG000BRLPF2,BBG001SCGLY9,2026-08-11T06:10:16.60271138Z
FGBIP,"First Guaranty Bancshares, Inc. 6.75% Series A Fixed-Rate Non-Cumulative Perpetual Preferred Stock",stocks,us,XNAS,PFD,True,usd,0001408534,,,2026-08-11T06:10:16.602711481Z
FGD,First Trust Dow Jones Global Select Dividend Index Fund,stocks,us,ARCX,ETF,True,usd,0001364608,BBG000TYHFH3,BBG001T0S727,2026-08-11T06:10:16.602711561Z
FGDL,Franklin Responsibly Sourced Gold ETF,stocks,us,ARCX,ETV,True,usd,0001858258,BBG018KX3Q23,BBG018KX3R21,2026-08-11T06:10:16.602711641Z
FGI,FGI Industries Ltd. Ordinary Shares,stocks,us,XNAS,CS,True,usd,0001864943,,,2026-08-11T06:10:16.602711721Z
FGII,FG Imperii Acquisition Corp. Class A Ordinary Shares,stocks,us,XNAS,CS,True,usd,0002090452,,,2026-08-11T06:10:16.602711811Z
FGIIU,FG Imperii Acquisition Corp. Units,stocks,us,XNAS,UNIT,True,usd,0002090452,,,2026-08-11T06:10:16.602711891Z
FGIIW,FG Imperii Acquisition Corp. Warrants,stocks,us,XNAS,WARRANT,True,usd,0002090452,,,2026-08-11T06:10:16.602711972Z
FGIWW,FGI Industries Ltd. Warrant,stocks,us,XNAS,WARRANT,True,usd,0001864943,,,2026-08-11T06:10:16.602712052Z
FGL,Founder Group Limited Class A Ordinary Shares,stocks,us,XNAS,CS,True,usd,0001989930,,,2026-08-11T06:10:16.602712272Z
FGM,First Trust Germany AlphaDEX Fund,stocks,us,XNAS,ETF,True,usd,0001510337,BBG002N8WN24,BBG002N8WNT5,2026-08-11T06:10:16.602712362Z
FGN,"F&G Annuities & Life, Inc. 7.950% Senior Notes due 2053",stocks,us,XNYS,SP,True,usd,0001934850,,,2026-08-11T06:10:16.602712483Z
FGNX,FG Nexus Inc. Common Stock,stocks,us,XNAS,CS,True,usd,0001591890,BBG01BY3XPZ0,BBG01BY3XQ06,2026-08-11T06:10:16.602712563Z
FGNXP,FG Nexus Inc. 8.00% Cumulative Preferred Stock,stocks,us,XNAS,PFD,True,usd,0001591890,,,2026-08-11T06:10:16.602712643Z
FGRU,T-REX 2X Long FIGR Daily Target ETF,stocks,us,BATS,ETF,True,usd,,BBG0209464W9,BBG0209467D3,2026-08-11T06:10:16.602713024Z
FGSI,FT Vest Growth Strength & Target Income ETF,stocks,us,XNAS,ETF,True,usd,0001517936,BBG01VR0JJ35,BBG01VR0JK14,2026-08-11T06:10:16.602713104Z
FGSM,Frontier Asset Global Small Cap Equity ETF,stocks,us,ARCX,ETF,True,usd,,BBG01RB8T7B0,BBG01RB8T873,2026-08-11T06:10:16.602713174Z
FGSN,"F&G Annuities & Life, Inc. 7.300% Junior Subordinated Notes due 2065",stocks,us,XNYS,SP,True,usd,0001934850,,,2026-08-11T06:10:16.602713264Z
FHB,"First Hawaiian, Inc. Common Stock",stocks,us,XNAS,CS,True,usd,0000036377,BBG0046LJYT2,BBG0046LJYX7,2026-08-11T06:10:16.602713344Z
FHDG,FT Vest U.S. Equity Quarterly Dynamic Buffer ETF,stocks,us,BATS,ETF,True,usd,0001667919,BBG01QQXJ303,BBG01QQXJ3V9,2026-08-11T06:10:16.602713424Z
FHEQ,Fidelity Hedged Equity ETF,stocks,us,BATS,ETF,True,usd,0001898391,BBG01M5HQNM4,BBG01M5HQQ01,2026-08-11T06:10:16.602713504Z
FHI,"Federated Hermes, Inc.",stocks,us,XNYS,CS,True,usd,0001056288,BBG000BP0929,BBG001S6TGK4,2026-08-11T06:10:16.602713585Z
FHIL,Federated Hermes International Leaders ETF,stocks,us,BATS,ETF,True,usd,0001849998,BBG0222Q6NX0,BBG0222Q6QY2,2026-08-11T06:10:16.602713675Z
FHLC,Fidelity MSCI Health Care Index ETF,stocks,us,ARCX,ETF,True,usd,0000945908,BBG005FHVV47,BBG005FHVV56,2026-08-11T06:10:16.602713775Z
FHN,First Horizon Corporation,stocks,us,XNYS,CS,True,usd,0000036966,BBG000GHZSZ6,BBG001SCW8R8,2026-08-11T06:10:16.602713885Z
FHNpE,"First Horizon Corporation Depositary Shares, Each Representing a 1/ 4000th Interest in a Share of Non-cumulative Perpetual Series E Preferred Stock",stocks,us,XNYS,PFD,True,usd,0000036966,,,2026-08-11T06:10:16.602714246Z
FHNpF,"First Horizon Corporation Depositary Shares, each representing 1/4000th Interest in a Share of Non-Cumulative Perpetual Preferred Stock, Series F",stocks,us,XNYS,PFD,True,usd,0000036966,,,2026-08-11T06:10:16.602714316Z
FHNpH,"First Horizon Corporation Depositary Shares each representing a 1/4,000th interest in a share of Non-Cumulative Perpetual Preferred Stock, Series H",stocks,us,XNYS,PFD,True,usd,0000036966,,,2026-08-11T06:10:16.602714436Z
FHTX,Foghorn Therapeutics Inc. Common Stock,stocks,us,XNAS,CS,True,usd,0001822462,BBG00HFZPB88,BBG00HFZPB97,2026-08-11T06:10:16.602714516Z
FHYS,Federated Hermes Short Duration High Yield ETF,stocks,us,ARCX,ETF,True,usd,0001849998,BBG013BTDBC4,BBG013BTDC87,2026-08-11T06:10:16.602714597Z
FIAT,YieldMax Short COIN Option Income Strategy ETF,stocks,us,ARCX,ETS,True,usd,0001924868,BBG01NP80C42,BBG01NP80D31,2026-08-11T06:10:16.602714677Z
FIAX,Nicholas Fixed Income Alternative ETF,stocks,us,ARCX,ETF,True,usd,,BBG01BTRTQK2,BBG01BTRTRF6,2026-08-11T06:10:16.602714757Z
FIBK,"First Interstate BancSystem, Inc. Common Stock (DE)",stocks,us,XNAS,CS,True,usd,0000860413,BBG000BMSC38,BBG001S9F1B6,2026-08-11T06:10:16.602714837Z
FICO,Fair Isaac Corporation,stocks,us,XNYS,CS,True,usd,0000814547,BBG000DW76Y6,BBG001S8ZT61,2026-08-11T06:10:16.602714907Z
FICS,First Trust International Developed Capital Strength ETF,stocks,us,XNAS,ETF,True,usd,0001552740,BBG00YGCBLZ4,BBG00YGCBMV6,2026-08-11T06:10:16.602714987Z
FID,First Trust Exchange-Traded Fund VI First Trust S&P International Dividend Aristocrats ETF,stocks,us,XNAS,ETF,True,usd,0001552740,BBG0055FL7F4,BBG0055FL7G3,2026-08-11T06:10:16.602715068Z
FIDI,Fidelity International High Dividend ETF,stocks,us,ARCX,ETF,True,usd,0000945908,BBG00JRH22Y7,BBG00JRH23N7,2026-08-11T06:10:16.602715158Z
FIDU,Fidelity MSCI Industrials Index ETF,stocks,us,ARCX,ETF,True,usd,0000945908,BBG005FHVVY4,BBG005FHVVZ3,2026-08-11T06:10:16.602715238Z
FIEE,"FiEE, Inc Common Stock",stocks,us,XNAS,CS,True,usd,0001467761,BBG000LDSKW7,BBG001T495P9,2026-08-11T06:10:16.602715318Z
FIG,"Figma, Inc.",stocks,us,XNYS,CS,True,usd,0001579878,BBG00BLZ2CD1,BBG00BLZ2CF9,2026-08-11T06:10:16.602715398Z
FIGB,Fidelity Investment Grade Bond ETF,stocks,us,ARCX,ETF,True,usd,0001562565,BBG00ZGX8833,BBG00ZGX8904,2026-08-11T06:10:16.602715488Z
FIGG,Leverage Shares 2x Long FIG Daily ETF,stocks,us,XNAS,ETF,True,usd,,BBG01XV8VB69,BBG01XV8VC30,2026-08-11T06:10:16.602715929Z
FIGR,"Figure Technology Solutions, Inc. Class A Common Stock",stocks,us,XNAS,CS,True,usd,0002064124,BBG01NGH78G1,BBG01NGH78K6,2026-08-11T06:10:16.602716009Z
FIGS,"FIGS, Inc.",stocks,us,XNYS,CS,True,usd,0001846576,BBG004SK5VL9,BBG004SK5VM8,2026-08-11T06:10:16.60271613Z
FIGX,FIGX Capital Acquisition Corp. Class A Ordinary Share,stocks,us,XNAS,CS,True,usd,0002059033,,,2026-08-11T06:10:16.60271621Z
FIGXU,FIGX Capital Acquisition Corp. Units,stocks,us,XNAS,UNIT,True,usd,0002059033,,,2026-08-11T06:10:16.60271629Z
FIGXW,FIGX Capital Acquisition Corp. Warrant,stocks,us,XNAS,WARRANT,True,usd,0002059033,,,2026-08-11T06:10:16.60271637Z
FIIG,First Trust Intermediate Duration Investment Grade Corporate ETF,stocks,us,ARCX,ETF,True,usd,0001517936,BBG01HPQFCW8,BBG01HPQFDQ3,2026-08-11T06:10:16.60271644Z
FIMU,Fidelity Intermediate Municipal Income ETF,stocks,us,XNAS,ETF,True,usd,,BBG022NQWP09,BBG022NQWQ34,2026-08-11T06:10:16.60271652Z
FINA,Fidelity MSCI North American Subset Index ETF,stocks,us,ARCX,ETF,True,usd,0000945908,BBG023GDXCX6,BBG023GDXDW5,2026-08-11T06:10:16.602716721Z
FINS,Angel Oak Financial Strategies Income Term Trust,stocks,us,XNYS,FUND,True,usd,0001745059,BBG00P48H7P1,BBG00P48H8F0,2026-08-11T06:10:16.602716811Z
FINT,Frontier Asset Total International Equity ETF,stocks,us,ARCX,ETF,True,usd,,BBG01RBB3ZR2,BBG01RBB4132,2026-08-11T06:10:16.602716941Z
FINV,"FinVolution Group American depositary shares, each representing five Class A ordinary shares",stocks,us,XNYS,ADRC,True,usd,0001691445,BBG00HZ6P0P5,BBG00HZ6P0Q4,2026-08-11T06:10:16.602717021Z
FINW,FinWise Bancorp Common,stocks,us,XNAS,CS,True,usd,0001856365,BBG011VF9YT3,BBG011VF9ZN6,2026-08-11T06:10:16.602717101Z
FINX,Global X Funds Global X FinTech ETF,stocks,us,XNAS,ETF,True,usd,0001432353,BBG00DSB46W3,BBG00DSB46V4,2026-08-11T06:10:16.602717172Z
FINY,GraniteShares YieldBOOST Financials ETF,stocks,us,XNAS,ETF,True,usd,,BBG021ZCC1S4,BBG021ZCC587,2026-08-11T06:10:16.602717252Z
FIP,FTAI Infrastructure Inc. Common Stock,stocks,us,XNAS,CS,True,usd,0001899883,BBG0174VKJ51,BBG0174VKJB4,2026-08-11T06:10:16.602717332Z
FIRY,Firy Inc.,stocks,us,XNYS,CS,True,usd,0001801661,BBG00RQ732B6,BBG00RQ732C5,2026-08-11T06:10:16.602717532Z
FIS,"Fidelity National Information Services, Inc.",stocks,us,XNYS,CS,True,usd,0001136893,BBG000BK2F42,BBG001S8SWQ0,2026-08-11T06:10:16.602717622Z
FISI,Financial Institutions Inc,stocks,us,XNAS,CS,True,usd,0000862831,BBG000BY1L13,BBG001SCY2P1,2026-08-11T06:10:16.602717823Z
FISK,"Empire State Realty OP, L.P. Series 250",stocks,us,ARCX,UNIT,True,usd,0001553079,BBG005CL7974,BBG005CL79Z3,2026-08-11T06:10:16.602717943Z
FISN,"Deep Fission, Inc. Common Stock",stocks,us,XNAS,CS,True,usd,0001918102,BBG01PG735H7,BBG01PG73D08,2026-08-11T06:10:16.602718023Z
FISR,State Street Fixed Income Sector Rotation ETF,stocks,us,ARCX,ETF,True,usd,0001516212,BBG00NS9WGV4,BBG00NS9WHL3,2026-08-11T06:10:16.602718103Z
FISV,"Fiserv, Inc. Common Stock",stocks,us,XNAS,CS,True,usd,0000798354,BBG000BJKPG0,BBG001S5R6Q4,2026-08-11T06:10:16.602718184Z
FITB,Fifth Third Bancorp,stocks,us,XNYS,CS,True,usd,0000035527,BBG000BJL3N0,BBG001S5R6S2,2026-08-11T06:10:16.602718264Z
FITBpA,"Fifth Third Bancorp Depositary Shares Representing a 1/40th Ownership Interest in a Share of 6.00% Non-Cumulative Perpetual Class B Preferred Stock, Series A",stocks,us,XNYS,PFD,True,usd,0000035527,,,2026-08-11T06:10:16.602718344Z
FITBpI,"Fifth Third Bancorp Depositary Shares Representing a 1/1000th Ownership Interest in a Share of 6.625% Fixed-to-Floating Rate Non-Cumulative Perpetual Preferred Stock, Series I",stocks,us,XNYS,PFD,True,usd,0000035527,,,2026-08-11T06:10:16.602718414Z
FITBpK,"Fifth Third Bancorp Depositary Shares Representing a 1/1000th Ownership Interest in a Share of 4.95% Non-Cumulative Perpetual Preferred Stock, Series K",stocks,us,XNYS,PFD,True,usd,0000035527,,,2026-08-11T06:10:16.602718494Z
FITBpM,"Fifth Third Bancorp Depositary Shares Representing a 1/40th Ownership Interest in a Share of 6.875% Fixed-Rate Reset Non-Cumulative Perpetual Preferred Stock, Series M",stocks,us,XNYS,PFD,True,usd,0000035527,,,2026-08-11T06:10:16.602718644Z
FITE,State Street SPDR S&P Kensho Future Security ETF,stocks,us,ARCX,ETF,True,usd,0001081019,BBG00JHP6203,BBG00JHP62Q5,2026-08-11T06:10:16.602718775Z
FITZ,Fitz-Gerald Must Have Portfolio ETF,stocks,us,ARCX,ETF,True,usd,,BBG022DSMFP2,BBG022DSMJ65,2026-08-11T06:10:16.602718845Z
FIVA,Fidelity International Value Factor ETF,stocks,us,ARCX,ETF,True,usd,0000945908,BBG00JRRWL07,BBG00JRRWLQ9,2026-08-11T06:10:16.602718925Z
FIVE,"Five Below, Inc. Common Stock",stocks,us,XNAS,CS,True,usd,0001177609,BBG001636CR2,BBG001TCDMY9,2026-08-11T06:10:16.602719005Z
FIVN,"FIVE9, INC.",stocks,us,XNAS,CS,True,usd,0001288847,BBG001KHJM17,BBG001V0P7K7,2026-08-11T06:10:16.602719356Z
FIW,First Trust Water ETF,stocks,us,ARCX,ETF,True,usd,,BBG000QJSZL8,BBG001SS8248,2026-08-11T06:10:16.602719436Z
FIX,"Comfort Systems USA, Inc.",stocks,us,XNYS,CS,True,usd,0001035983,BBG000BWN2Y9,BBG001SB1GG8,2026-08-11T06:10:16.602719556Z
FIXD,First Trust Exchange-Traded Fund VIII First Trust Smith Opportunistic Fixed Income ETF,stocks,us,XNAS,ETF,True,usd,0001667919,BBG00FZ4KFH5,BBG00FZ4KG74,2026-08-11T06:10:16.602719757Z
FIXP,FolioBeyond Enhanced Fixed Income Premium ETF,stocks,us,ARCX,ETF,True,usd,0001387131,BBG01RXV73W5,BBG01RXV7587,2026-08-11T06:10:16.602719837Z
FIXT,TCW Core Plus Bond ETF,stocks,us,XNYS,ETF,True,usd,,BBG01THY0YQ9,BBG01THY0ZM0,2026-08-11T06:10:16.602719947Z
FIYY,GraniteShares YieldBOOST 20Y Treasuries ETF,stocks,us,XNAS,ETF,True,usd,0000312070,BBG021ZCKDK7,BBG021ZCKFH6,2026-08-11T06:10:16.602720027Z
FIZY,Fitz-Gerald Must Have Portfolio and Options Overlay ETF,stocks,us,ARCX,ETF,True,usd,,BBG023ZBGFH9,BBG023ZBGGG8,2026-08-11T06:10:16.602720107Z
FIZZ,National Beverage Corp.,stocks,us,XNAS,CS,True,usd,0000069891,BBG000BF8CB6,BBG001S5PM18,2026-08-11T06:10:16.602720177Z
FJAN,FT Vest U.S. Equity Buffer ETF - January,stocks,us,BATS,ETF,True,usd,0001667919,BBG00YXMPKQ0,BBG00YXMPLL3,2026-08-11T06:10:16.602720258Z
FJDIU,ARC Group Securities Acquisition I Units,stocks,us,XNAS,UNIT,True,usd,,,,2026-08-11T06:10:16.602720338Z
FJET,"Starfighters Space, Inc.",stocks,us,XASE,CS,True,usd,0001947016,BBG01Z2DH993,BBG01Z2DHB70,2026-08-11T06:10:16.602720418Z
FJP,First Trust Japan AlphaDEX Fund,stocks,us,XNAS,ETF,True,usd,0001510337,BBG001MKPY33,BBG001V11WW3,2026-08-11T06:10:16.602720498Z
FJUL,FT Vest U.S. Equity Buffer ETF - July,stocks,us,BATS,ETF,True,usd,0001667919,BBG00VZR6JH7,BBG00VZR6K84,2026-08-11T06:10:16.602720869Z
FJUN,FT Vest U.S. Equity Buffer ETF - June,stocks,us,BATS,ETF,True,usd,0001667919,BBG00VC9S427,BBG00VC9S4V5,2026-08-11T06:10:16.602720999Z
FKU,First Trust United Kingdom AlphaDEX Fund,stocks,us,XNAS,ETF,True,usd,0001510337,BBG002N8TF98,BBG002N8TG14,2026-08-11T06:10:16.602721079Z
FKWL,Franklin Wireless Corp. Common Stock,stocks,us,XNAS,CS,True,usd,0000722572,BBG000FS15V4,BBG001SBVBM9,2026-08-11T06:10:16.6027213Z
FLAG,Global X S&P 500 U.S. Market Leaders Top 50 ETF,stocks,us,ARCX,ETF,True,usd,,BBG01THDN636,BBG01THDN6Z1,2026-08-11T06:10:16.6027214Z
FLAO,AllianzIM U.S. Equity 6 Month Floor5 Apr/Oct ETF,stocks,us,BATS,ETF,True,usd,0001797318,BBG01M34BY74,BBG01M34BZB6,2026-08-11T06:10:16.60272149Z
FLAU,Franklin FTSE Australia ETF,stocks,us,ARCX,ETF,True,usd,0001655589,BBG00J3M8WZ9,BBG00J3M8XP8,2026-08-11T06:10:16.60272157Z
FLAX,Franklin FTSE Asia ex Japan ETF,stocks,us,ARCX,ETF,True,usd,0001655589,BBG00JYXTH81,BBG00JYXTHZ1,2026-08-11T06:10:16.60272165Z
FLBL,Franklin Senior Loan ETF,stocks,us,BATS,ETF,True,usd,0001655589,BBG00L2CKS28,BBG00L2CKST9,2026-08-11T06:10:16.60272174Z
FLBR,Franklin FTSE Brazil ETF,stocks,us,ARCX,ETF,True,usd,0001655589,BBG00J3M9VQ0,BBG00J3M9WL3,2026-08-11T06:10:16.602721861Z
FLC,Flaherty & Crumrine Total Return Fund Incorporated,stocks,us,XNYS,FUND,True,usd,0001245648,BBG000PN2918,BBG001SLJ198,2026-08-11T06:10:16.602721981Z
FLCA,Franklin FTSE Canada ETF,stocks,us,ARCX,ETF,True,usd,0001655589,BBG00J3N6M72,BBG00J3N6MY2,2026-08-11T06:10:16.602722061Z
FLCB,Franklin U.S. Core Bond ETF,stocks,us,ARCX,ETF,True,usd,0001655589,BBG00Q6LNHW1,BBG00Q6LNJQ4,2026-08-11T06:10:16.602722141Z
FLCC,Federated Hermes MDT Large Cap Core ETF,stocks,us,ARCX,ETF,True,usd,0001849998,BBG01NK927B6,BBG01NK92888,2026-08-11T06:10:16.602722221Z
FLCE,Frontier Asset U.S. Large Cap Equity ETF,stocks,us,ARCX,ETF,True,usd,,BBG01RB9SY84,BBG01RB9SZ72,2026-08-11T06:10:16.602722301Z
FLCG,Federated Hermes MDT Large Cap Growth ETF,stocks,us,ARCX,ETF,True,usd,0001849998,BBG01NKB1C49,BBG01NKB1D38,2026-08-11T06:10:16.602722382Z
FLCH,Franklin FTSE China ETF,stocks,us,ARCX,ETF,True,usd,0001655589,BBG00J3MD154,BBG00J3MD1W4,2026-08-11T06:10:16.602722462Z
FLCO,Franklin Investment Grade Corporate ETF,stocks,us,ARCX,ETF,True,usd,0001655589,BBG00DVZWNP6,BBG00DVZWNQ5,2026-08-11T06:10:16.602722792Z
FLCV,Federated Hermes MDT Large Cap Value ETF,stocks,us,ARCX,ETF,True,usd,0001849998,BBG01NK8CP18,BBG01NK8CPX3,2026-08-11T06:10:16.602722873Z
FLD,"Fold Holdings, Inc. Class A Common Stock",stocks,us,XNAS,CS,True,usd,0001889123,BBG0142PTRC8,BBG0142PTS63,2026-08-11T06:10:16.602723163Z
FLDB,Fidelity Low Duration Bond ETF,stocks,us,XNAS,ETF,True,usd,0001562565,BBG01LH0LYH7,BBG01LH0LZB0,2026-08-11T06:10:16.602723253Z
FLDDW,"Fold Holdings, Inc. Warrant",stocks,us,XNAS,WARRANT,True,usd,0001889123,BBG0154LPFW0,,2026-08-11T06:10:16.602723384Z
FLDR,Fidelity Low Duration Bond Factor ETF,stocks,us,BATS,ETF,True,usd,0001562565,BBG00L4J99Z0,BBG00L4J9BR4,2026-08-11T06:10:16.602723454Z
FLDZ,TrueShares Patriot Defense ETF,stocks,us,BATS,ETF,True,usd,0001776878,BBG01VJKDP41,BBG01VJKDQ76,2026-08-11T06:10:16.602723534Z
FLEE,Franklin FTSE Europe ETF,stocks,us,ARCX,ETF,True,usd,0001655589,BBG00J3PR1S7,BBG00J3PR2H7,2026-08-11T06:10:16.602723614Z
FLEU,Franklin FTSE Eurozone ETF,stocks,us,ARCX,ETF,True,usd,0001655589,BBG00J3PR6Q8,BBG00J3PR7F8,2026-08-11T06:10:16.602723704Z
FLEX,Flex Ltd. Ordinary Shares,stocks,us,XNAS,CS,True,usd,0000866374,,,2026-08-11T06:10:16.602723874Z
FLG,"Flagstar Bank, National Association",stocks,us,XNYS,CS,True,usd,0000910073,BBG000BVXPZ8,BBG001SD32Z2,2026-08-11T06:10:16.602723955Z
FLGB,Franklin FTSE United Kingdom ETF,stocks,us,ARCX,ETF,True,usd,0001655589,BBG00J3PQYB4,BBG00J3PQZ12,2026-08-11T06:10:16.602724075Z
FLGR,Franklin FTSE Germany ETF,stocks,us,ARCX,ETF,True,usd,0001655589,BBG00J3MNNR1,BBG00J3MNPG8,2026-08-11T06:10:16.602724205Z
FLGT,"Fulgent Genetics, Inc. Common Stock",stocks,us,XNAS,CS,True,usd,0001674930,BBG00DR7LTG2,BBG00DW0QQM5,2026-08-11T06:10:16.602724285Z
FLGV,Franklin U.S. Treasury Bond ETF,stocks,us,ARCX,ETF,True,usd,0001655589,BBG00V7V3M12,BBG00V7V3MT2,2026-08-11T06:10:16.602724506Z
FLGpA,"Flagstar Bank, National Association Depositary shares, each representing a 1/40th interest in a share of Fixed-to-Floating Rate Series A Noncumulative Perpetual Preferred Stock",stocks,us,XNYS,PFD,True,usd,0000910073,,,2026-08-11T06:10:16.602724686Z
FLGpU,"Flagstar Bank, National Association Bifurcated Option Note Unit SecuritiES",stocks,us,XNYS,SP,True,usd,0000910073,,,2026-08-11T06:10:16.602724766Z
FLHY,Franklin High Yield Corporate ETF,stocks,us,BATS,ETF,True,usd,0001655589,BBG00L2CL634,BBG00L2CL6V3,2026-08-11T06:10:16.602724846Z
FLIA,Franklin International Aggregate Bond ETF,stocks,us,BATS,ETF,True,usd,0001655589,BBG00L2CLBL3,BBG00L2CLCB2,2026-08-11T06:10:16.602725197Z
FLIN,Franklin FTSE India ETF,stocks,us,ARCX,ETF,True,usd,0001655589,BBG00JYWBHT9,BBG00JYWBLK9,2026-08-11T06:10:16.602725277Z
FLJH,Franklin FTSE Japan Hedged ETF,stocks,us,ARCX,ETF,True,usd,0001655589,BBG00J3MMYR8,BBG00J3MMZG7,2026-08-11T06:10:16.602725448Z
FLJJ,AllianzIM U.S. Equity 6 Month Floor5 Jan/Jul ETF,stocks,us,BATS,ETF,True,usd,0001797318,BBG01L88DQ13,BBG01L88DQW9,2026-08-11T06:10:16.602725528Z
FLJP,Franklin FTSE Japan ETF,stocks,us,ARCX,ETF,True,usd,0001655589,BBG00J3MDY16,BBG00J3MDYR8,2026-08-11T06:10:16.602725608Z
FLKR,Franklin FTSE South Korea ETF,stocks,us,ARCX,ETF,True,usd,0001655589,BBG00J3N5BB2,BBG00J3N5C11,2026-08-11T06:10:16.602725688Z
FLL,"Full House Resorts, Inc.",stocks,us,XNAS,CS,True,usd,0000891482,BBG000BHSGF7,BBG001S7D9G0,2026-08-11T06:10:16.602725768Z
FLLA,Franklin FTSE Latin America,stocks,us,ARCX,ETF,True,usd,0001655589,BBG00M6PPS91,BBG00M6PPT17,2026-08-11T06:10:16.602725848Z
FLMB,Franklin Municipal Green Bond ETF,stocks,us,ARCX,ETF,True,usd,0001655589,BBG00HLJ9XK3,BBG00HLJ9Y85,2026-08-11T06:10:16.602725918Z
FLMI,Franklin Dynamic Municipal Bond ETF,stocks,us,ARCX,ETF,True,usd,0001655589,BBG00HLJ4L24,BBG00HLJ4LS6,2026-08-11T06:10:16.602726109Z
FLMX,Franklin FTSE Mexico ETF,stocks,us,ARCX,ETF,True,usd,0001655589,BBG00J3MSMP0,BBG00J3MSND1,2026-08-11T06:10:16.602726189Z
FLN,First Trust Latin America AlphaDEX Fund,stocks,us,XNAS,ETF,True,usd,0001510337,BBG001MKNCN1,BBG001V11WB6,2026-08-11T06:10:16.602726299Z
FLNA,"Filana Therapeutics, Inc. Common Stock",stocks,us,XNAS,CS,True,usd,0001069530,BBG000BK9YW3,BBG001SCKXX9,2026-08-11T06:10:16.602726379Z
FLNC,"Fluence Energy, Inc. Class A Common Stock",stocks,us,XNAS,CS,True,usd,0001868941,BBG012QSDSK6,BBG012QSDTD2,2026-08-11T06:10:16.602726459Z
FLNG,FLEX LNG Ltd. Ordinary Shares,stocks,us,XNYS,CS,True,usd,0001772253,,,2026-08-11T06:10:16.60272654Z
FLNT,"Fluent, Inc. Common Stock",stocks,us,XNAS,CS,True,usd,0001460329,BBG000TWSVB6,BBG001T0NKV1,2026-08-11T06:10:16.60272661Z
FLO,"Flowers Foods, Inc.",stocks,us,XNYS,CS,True,usd,0001128928,BBG000BB4D72,BBG001S5R7L7,2026-08-11T06:10:16.60272697Z
FLOC,Flowco Holdings Inc.,stocks,us,XNYS,CS,True,usd,0002035149,BBG01R6F2N88,BBG01R6F2P38,2026-08-11T06:10:16.602727051Z
FLOT,iShares Floating Rate Bond ETF,stocks,us,BATS,ETF,True,usd,0001100663,BBG001QWVB81,BBG001V1QYX1,2026-08-11T06:10:16.602727161Z
FLOW,Global X U.S. Cash Flow Kings 100 ETF,stocks,us,ARCX,ETF,True,usd,,BBG01H7RNK95,BBG01H7RNL57,2026-08-11T06:10:16.602727241Z
FLQL,Franklin U.S. Large Cap Multifactor Index ETF,stocks,us,BATS,ETF,True,usd,0001655589,BBG00GKQZDZ9,BBG00GKQZFP5,2026-08-11T06:10:16.602727321Z
FLQM,Franklin U.S. Mid Cap Multifactor Index ETF,stocks,us,BATS,ETF,True,usd,0001655589,BBG00GKQZHB6,BBG00GKQZJ13,2026-08-11T06:10:16.602727391Z
FLQS,Franklin U.S. Small Cap Multifactor Index ETF,stocks,us,BATS,ETF,True,usd,0001655589,BBG00GKQZLJ9,BBG00GKQZM70,2026-08-11T06:10:16.602727471Z
FLR,Fluor Corporation,stocks,us,XNYS,CS,True,usd,0001124198,BBG000BB1TH9,BBG001S5Q738,2026-08-11T06:10:16.602727552Z
FLRG,Fidelity U.S. Multifactor ETF,stocks,us,ARCX,ETF,True,usd,0000945908,BBG00XCCSCY3,BBG00XCCSDS8,2026-08-11T06:10:16.602727632Z
FLRN,State Street SPDR Bloomberg Investment Grade Floating Rate ETF,stocks,us,ARCX,ETF,True,usd,0001064642,BBG0029J2H86,BBG0029J2J00,2026-08-11T06:10:16.602727712Z
FLRT,Pacer Aristotle Pacific Floating Rate High Income ETF,stocks,us,ARCX,ETF,True,usd,0001616668,BBG01357YF73,BBG01357YF82,2026-08-11T06:10:16.602727792Z
FLS,Flowserve Corporation,stocks,us,XNYS,CS,True,usd,0000030625,BBG000FFH4P5,BBG001SB3F87,2026-08-11T06:10:16.602727872Z
FLSA,Franklin FTSE Saudi Arabia ETF,stocks,us,ARCX,ETF,True,usd,0001655589,BBG00M6PPK25,BBG00M6PPKT6,2026-08-11T06:10:16.602727952Z
FLSP,Franklin Systematic Style Premia ETF,stocks,us,ARCX,ETF,True,usd,0001655589,BBG00R2LVKF6,BBG00R2LVL55,2026-08-11T06:10:16.602728022Z
FLSW,Franklin FTSE Switzerland ETF,stocks,us,ARCX,ETF,True,usd,0001655589,BBG00JYXTYC9,BBG00JYXTZ27,2026-08-11T06:10:16.602728103Z
FLTB,Fidelity Limited Term Bond ETF,stocks,us,ARCX,ETF,True,usd,0001562565,BBG0078XLZ84,BBG0078XLZ93,2026-08-11T06:10:16.602728183Z
FLTR,VanEck IG Floating Rate ETF,stocks,us,ARCX,ETF,True,usd,0001137360,BBG001NKQWL5,BBG001V14Q53,2026-08-11T06:10:16.602728674Z
FLTW,Franklin FTSE Taiwan ETF,stocks,us,ARCX,ETF,True,usd,0001655589,BBG00J3PQ956,BBG00J3PQ9W6,2026-08-11T06:10:16.602728754Z
FLUD,Franklin Ultra Short Bond ETF,stocks,us,ARCX,ETF,True,usd,0001655589,BBG00W28C0D1,BBG00W28C158,2026-08-11T06:10:16.602728874Z
FLUT,Flutter Entertainment plc,stocks,us,XNYS,CS,True,usd,0001635327,,,2026-08-11T06:10:16.602728954Z
FLUX,"Flux Power Holdings, Inc. Common Stock",stocks,us,XNAS,CS,True,usd,0001083743,BBG000CKGHF0,BBG001SF5MW4,2026-08-11T06:10:16.602729034Z
FLV,American Century Focused Large Cap Value ETF,stocks,us,ARCX,ETF,True,usd,0001710607,BBG00RJWH3L1,BBG00RJWH4B0,2026-08-11T06:10:16.602729165Z
FLWS,1-800-FLOWERS.COM Inc,stocks,us,XNAS,CS,True,usd,0001084869,BBG000BBR9P6,BBG001S60YV4,2026-08-11T06:10:16.602729275Z
FLX,BingEx Limited American Depositary Shares,stocks,us,XNAS,ADRC,True,usd,0001858724,BBG01PR6H0V7,BBG01PR6H1P2,2026-08-11T06:10:16.602729365Z
FLXI,Invesco Flexible Income ETF,stocks,us,BATS,ETF,True,usd,,BBG020925BM9,BBG020925DL6,2026-08-11T06:10:16.602729445Z
FLXN,Horizon Flexible Income ETF,stocks,us,BATS,ETF,True,usd,,BBG01VRMV9C5,BBG01VRMVBC0,2026-08-11T06:10:16.602729515Z
FLXR,TCW Flexible Income ETF,stocks,us,XNYS,ETF,True,usd,0001831313,BBG01NCF0GV1,BBG01NCF0HQ5,2026-08-11T06:10:16.602729616Z
FLXS,Flexsteel Industries,stocks,us,XNAS,CS,True,usd,0000037472,BBG000BJNBB3,BBG001S5R835,2026-08-11T06:10:16.602729696Z
FLY,Firefly Aerospace Inc. Common Stock,stocks,us,XNAS,CS,True,usd,0001860160,BBG00NGNL3X5,BBG00NGNL3Y4,2026-08-11T06:10:16.602729776Z
FLYD,MicroSectors Travel -3x Inverse Leveraged ETN,stocks,us,ARCX,ETN,True,usd,0000927971,BBG013KKRB29,BBG013KKRBY4,2026-08-11T06:10:16.602729856Z
FLYE,"Fly-E Group, Inc. Common Stock",stocks,us,XNAS,CS,True,usd,0001975940,BBG01LBH4R35,BBG01LBH4RY1,2026-08-11T06:10:16.602729936Z
FLYT,Tradr 2X Long FLY Daily ETF,stocks,us,BATS,ETF,True,usd,,BBG01Y1XV407,BBG01Y1XV504,2026-08-11T06:10:16.602730016Z
FLYU,MicroSectors Travel 3x Leveraged ETN,stocks,us,ARCX,ETN,True,usd,0000927971,BBG013KKMM39,BBG013KKMN55,2026-08-11T06:10:16.602730367Z
FLYW,Flywire Corporation Voting Common Stock,stocks,us,XNAS,CS,True,usd,0001580560,BBG002030NC4,BBG002030ND3,2026-08-11T06:10:16.602730447Z
FLYX,"flyExclusive, Inc.",stocks,us,XASE,CS,True,usd,0001843973,BBG00ZXXLTZ8,BBG00ZXXLVV7,2026-08-11T06:10:16.602730577Z
FLYX.WS,"flyExclusive, Inc. Redeemable warrants, each whole warrant exercisable for one Class A common stock at an exercise price of $11.50 per share",stocks,us,XASE,WARRANT,True,usd,0001843973,BBG00ZXY2JV3,,2026-08-11T06:10:16.602730668Z
FLZH,"Flash Sports & Media Holdings, Inc. Common Stock",stocks,us,XNAS,CS,True,usd,0001706524,BBG00KY0HW17,BBG00KY0HW26,2026-08-11T06:10:16.602730748Z
FMAC,Future Money Acquisition Corporation Ordinary Shares,stocks,us,XNAS,CS,True,usd,0002099232,,,2026-08-11T06:10:16.602730828Z
FMACR,Future Money Acquisition Corporation Rights,stocks,us,XNAS,RIGHT,True,usd,0002099232,,,2026-08-11T06:10:16.602731018Z
FMACU,Future Money Acquisition Corporation Units,stocks,us,XNAS,UNIT,True,usd,0002099232,,,2026-08-11T06:10:16.602731098Z
FMAG,Fidelity Magellan ETF,stocks,us,BATS,ETF,True,usd,0000945908,BBG00Z4JDQL1,BBG00Z4JDRF6,2026-08-11T06:10:16.602731179Z
FMAO,"Farmers & Merchants Bancorp, Inc.",stocks,us,XNAS,CS,True,usd,0000792966,BBG000BLPL88,BBG001S8HL40,2026-08-11T06:10:16.602731289Z
FMAR,FT Vest U.S. Equity Buffer ETF - March,stocks,us,BATS,ETF,True,usd,0001667919,BBG00ZR06728,BBG00ZR067X4,2026-08-11T06:10:16.602731359Z
FMAT,Fidelity MSCI Materials Index ETF,stocks,us,ARCX,ETF,True,usd,0000945908,BBG005FHWDH2,BBG005FHWDJ0,2026-08-11T06:10:16.602731439Z
FMAY,FT Vest U.S. Equity Buffer ETF - May,stocks,us,BATS,ETF,True,usd,0001667919,BBG00TSG25H8,BBG00TSG2686,2026-08-11T06:10:16.602731519Z
FMB,First Trust Managed Municipal ETF,stocks,us,XNAS,ETF,True,usd,,BBG006H1W517,BBG006H1W526,2026-08-11T06:10:16.602731599Z
FMBH,"First Mid Bancshares, Inc. Common Stock",stocks,us,XNAS,CS,True,usd,0000700565,BBG000BD8VT0,BBG001S704Q4,2026-08-11T06:10:16.60273168Z
FMC,FMC Corporation,stocks,us,XNYS,CS,True,usd,0000037785,BBG000BJP882,BBG001S5R880,2026-08-11T06:10:16.60273188Z
FMCE,FM Compounders Equity ETF,stocks,us,ARCX,ETF,True,usd,,BBG01QMWMTV4,BBG01QMWMVW8,2026-08-11T06:10:16.60273211Z
FMCX,FM Focus Equity ETF,stocks,us,ARCX,ETF,True,usd,0001733356,BBG016Y0X448,BBG016Y0X4Z4,2026-08-11T06:10:16.60273219Z
FMDE,Fidelity Enhanced Mid Cap Core ETF,stocks,us,ARCX,ETF,True,usd,0000945908,BBG01K785Q33,BBG01K785QY9,2026-08-11T06:10:16.602732291Z
FMED,Fidelity Disruptive Medicine ETF,stocks,us,XNAS,ETF,True,usd,0000945908,BBG01GXLXWJ3,BBG01GXLXXD7,2026-08-11T06:10:16.602732381Z
FMET,Fidelity Metaverse ETF,stocks,us,XNAS,ETF,True,usd,0000945908,BBG016VBYBR5,BBG016VBYCL9,2026-08-11T06:10:16.602732461Z
FMF,First Trust Managed Futures Strategy Fund,stocks,us,ARCX,ETF,True,usd,0001549548,BBG004XDZ7N7,BBG004XDZ7P5,2026-08-11T06:10:16.602732541Z
FMFC,Kandal M Venture Limited Class A Ordinary Shares,stocks,us,XNAS,CS,True,usd,0002024656,,,2026-08-11T06:10:16.602732621Z
FMHI,First Trust Municipal High Income ETF,stocks,us,XNAS,ETF,True,usd,0001424212,BBG00J3TCPQ4,BBG00J3TCQF4,2026-08-11T06:10:16.602732701Z
FMKT,The Free Markets ETF,stocks,us,ARCX,ETF,True,usd,0001387131,BBG01VFQP6V1,BBG01VFQP8L8,2026-08-11T06:10:16.602732872Z
FMN,Federated Hermes Premier Municipal Income Fund,stocks,us,XNYS,FUND,True,usd,0001199004,BBG000CTZS48,BBG001SFSHM1,2026-08-11T06:10:16.602732952Z
FMNB,Farmers National Banc Corp,stocks,us,XNAS,CS,True,usd,0000709337,BBG000D9HD17,BBG001S7S1W3,2026-08-11T06:10:16.602733032Z
FMNY,First Trust New York Municipal High Income ETF,stocks,us,ARCX,ETF,True,usd,0001424212,BBG010WQLK25,BBG010WQLL32,2026-08-11T06:10:16.602733142Z
FMQQ,FMQQ The Next Frontier Internet ETF,stocks,us,ARCX,ETF,True,usd,0001452937,BBG012G1S575,BBG012G1S646,2026-08-11T06:10:16.602733222Z
FMS,Fresenius Medical Care AG,stocks,us,XNYS,ADRC,True,usd,0001333141,BBG000HDMR99,BBG001S97ZY5,2026-08-11T06:10:16.602733303Z
FMST,Foremost Clean Energy Ltd. Common stock,stocks,us,XNAS,CS,True,usd,0001935418,BBG00FH39R93,BBG001ZVN969,2026-08-11T06:10:16.602733383Z
FMSTW,Foremost Clean Energy Ltd. Warrant,stocks,us,XNAS,WARRANT,True,usd,0001935418,BBG01J1G1X42,,2026-08-11T06:10:16.602733463Z
FMTL,First Trust Indxx Critical Metals ETF,stocks,us,ARCX,ETF,True,usd,0001364608,BBG01Y9VP9D5,BBG01Y9VPBC1,2026-08-11T06:10:16.602733663Z
FMTM,MarketDesk Focused U.S. Momentum ETF,stocks,us,XNAS,ETF,True,usd,,BBG01SRPKC67,BBG01SRPKDV7,2026-08-11T06:10:16.602734044Z
FMUB,Fidelity Municipal Bond Opportunities ETF,stocks,us,XNAS,ETF,True,usd,0001562565,BBG01T8LLBJ2,BBG01T8LLD08,2026-08-11T06:10:16.602734505Z
FMUN,Fidelity Systematic Municipal Bond Index ETF,stocks,us,XNAS,ETF,True,usd,0001562565,BBG01T7KQSH5,BBG01T7KQTL8,2026-08-11T06:10:16.602734695Z
FMX,"FOMENTO ECONOMICO MEXICANO, S.A.B. DE C.V.",stocks,us,XNYS,ADRC,True,usd,0001061736,BBG000BD33X2,BBG001S5W9K8,2026-08-11T06:10:16.602734906Z
FMY,FIRST TRUST MORTGAGE INCOME FUND,stocks,us,XNYS,FUND,True,usd,0001319183,BBG000CLL1G6,BBG001SM1J50,2026-08-11T06:10:16.602734986Z
FN,Fabrinet,stocks,us,XNYS,CS,True,usd,0001408710,,,2026-08-11T06:10:16.602735156Z
FNB,F.N.B. Corp,stocks,us,XNYS,CS,True,usd,0000037808,BBG000BJ9B29,BBG001S5R1Q5,2026-08-11T06:10:16.602735236Z
FNCL,Fidelity MSCI Financials Index ETF,stocks,us,ARCX,ETF,True,usd,0000945908,BBG005FHWXV2,BBG005FHWXW1,2026-08-11T06:10:16.602735317Z
FND,"Floor & Decor Holdings, Inc.",stocks,us,XNYS,CS,True,usd,0001507079,BBG007GJ2F81,BBG007GJ2F90,2026-08-11T06:10:16.602735387Z
FNDA,Schwab Fundamental U.S. Small Company ETF,stocks,us,ARCX,ETF,True,usd,0001454889,BBG0051NXNP2,BBG0051NXNX3,2026-08-11T06:10:16.602735567Z
FNDB,Schwab Fundamental U.S. Broad Market ETF,stocks,us,ARCX,ETF,True,usd,0001454889,BBG0051GPYK7,BBG0051GPYJ9,2026-08-11T06:10:16.602735657Z
FNDC,Schwab Fundamental International Small Equity ETF,stocks,us,ARCX,ETF,True,usd,0001454889,BBG0051QD585,BBG0051QD594,2026-08-11T06:10:16.602735767Z
FNDE,Schwab Fundamental Emerging Markets Equity ETF,stocks,us,ARCX,ETF,True,usd,0001454889,BBG0051QPC78,BBG0051QPC87,2026-08-11T06:10:16.602735838Z
FNDF,Schwab Fundamental International Equity ETF,stocks,us,ARCX,ETF,True,usd,0001454889,BBG0051K49H0,BBG0051K49J8,2026-08-11T06:10:16.602735918Z
FNDX,Schwab Fundamental U.S. Large Company ETF,stocks,us,ARCX,ETF,True,usd,0001454889,BBG0051J0PH1,BBG0051J0PJ9,2026-08-11T06:10:16.602735998Z
FNF,"Fidelity National Financial, Inc.",stocks,us,XNYS,CS,True,usd,0001331875,BBG006N7S6K9,BBG006N7S6J1,2026-08-11T06:10:16.602736208Z
FNG,Leverage Shares 2X Long FN Daily ETF,stocks,us,BATS,ETF,True,usd,,BBG022ZV0GC7,BBG022ZV0H99,2026-08-11T06:10:16.602736288Z
FNGD,"MicroSectors FANG+ Index -3X Inverse Leveraged ETNs due January 8, 2038",stocks,us,ARCX,ETN,True,usd,0000927971,BBG00JSLPJL9,BBG00JSLPK90,2026-08-11T06:10:16.602736399Z
FNGG,Direxion Daily NYSE FANG+ Bull 2X ETF,stocks,us,ARCX,ETF,True,usd,,BBG012NLKK50,BBG012NLKL12,2026-08-11T06:10:16.602736579Z
FNGO,"MicroSectors FANG+ Index 2X Leveraged ETNs due January 8, 2038",stocks,us,ARCX,ETN,True,usd,0000927971,BBG00LLY1GD4,BBG00LLY1H42,2026-08-11T06:10:16.602736659Z
FNGR,"FingerMotion, Inc. Common Stock",stocks,us,XNAS,CS,True,usd,0001602409,BBG006LF1D81,BBG006LF1D90,2026-08-11T06:10:16.602736739Z
FNGS,"MicroSectors FANG+ ETNs due January 8, 2038",stocks,us,ARCX,ETN,True,usd,0000927971,BBG00QTPSDZ8,BBG00QTPSFQ3,2026-08-11T06:10:16.602736819Z
FNGU,"MicroSectors FANG+ 3x Leveraged ETNs due February 17, 2045",stocks,us,ARCX,ETN,True,usd,0000927971,BBG01RXG0C73,BBG01RXG0D71,2026-08-11T06:10:16.6027369Z
FNK,First Trust Mid Cap Value AlphaDEX Fund,stocks,us,XNAS,ETF,True,usd,0001383496,BBG001MKMBK7,BBG001V11W53,2026-08-11T06:10:16.60273698Z
FNKO,"Funko, Inc. Class A Common Stock",stocks,us,XNAS,CS,True,usd,0001704711,BBG00HXSHDQ9,BBG00HXSHDR8,2026-08-11T06:10:16.60273706Z
FNLC,"First Bancorp, Inc. (ME)",stocks,us,XNAS,CS,True,usd,0000765207,BBG000KN6TT5,BBG001SD0659,2026-08-11T06:10:16.60273713Z
FNOV,FT Vest U.S. Equity Buffer ETF - November,stocks,us,BATS,ETF,True,usd,0001667919,BBG00QQFKFR5,BBG00QQFKGH4,2026-08-11T06:10:16.60273721Z
FNRN,First Northern Community Bancorp Common stock,stocks,us,XNAS,CS,True,usd,0001114927,BBG000M1CN53,BBG001SFBDR3,2026-08-11T06:10:16.602737451Z
FNUC,Frontier Nuclear and Minerals Inc. Common Shares,stocks,us,XNAS,CS,True,usd,0001769697,BBG00YB8QPZ3,BBG00YB8QQ18,2026-08-11T06:10:16.602737531Z
FNV,Franco-Nevada Corporation,stocks,us,XNYS,CS,True,usd,0001456346,BBG000RD3CL8,BBG001STGSR5,2026-08-11T06:10:16.602737651Z
FNWB,First Northwest Bancorp Common Stock,stocks,us,XNAS,CS,True,usd,0001556727,BBG0080Q5RR0,BBG0080Q5RS9,2026-08-11T06:10:16.602737741Z
FNWD,Finward Bancorp Common Stock,stocks,us,XNAS,CS,True,usd,0000919864,BBG000BRR418,BBG001S9SXD0,2026-08-11T06:10:16.602737982Z
FNX,First Trust Mid Cap Core AlphaDEX Fund,stocks,us,XNAS,ETF,True,usd,0001383496,BBG000R6F9Q2,BBG001ST6943,2026-08-11T06:10:16.602738062Z
FNY,First Trust Mid Cap Growth AlphaDEX Fund,stocks,us,XNAS,ETF,True,usd,0001383496,BBG001MKMK63,BBG001V11W62,2026-08-11T06:10:16.602738192Z
FOA,Finance of America Companies Inc.,stocks,us,XNYS,CS,True,usd,0001828937,BBG00ZVN6MB0,BBG00ZVN6MD8,2026-08-11T06:10:16.602738272Z
FOCL,EDAP TMS S.A. American Depositary Shares,stocks,us,XNAS,ADRC,True,usd,0001041934,BBG000C2CL29,BBG001SB3ML7,2026-08-11T06:10:16.602738372Z
FOCT,FT Vest U.S. Equity Buffer ETF - October,stocks,us,BATS,ETF,True,usd,0001667919,BBG00XS5NB05,BBG00XS5NBW0,2026-08-11T06:10:16.602738573Z
FOF,Cohen & Steers Closed End Opportunity Fund,stocks,us,XNYS,FUND,True,usd,0001375340,BBG000D3NTK7,BBG001SMCWX8,2026-08-11T06:10:16.602738653Z
FOFO,"Hang Feng Technology Innovation Co., Ltd. Ordinary Shares",stocks,us,XNAS,CS,True,usd,0002060083,,,2026-08-11T06:10:16.602738793Z
FOMG,Leverage Shares 2X Long FORM Daily ETF,stocks,us,BATS,ETF,True,usd,,BBG0236XZM50,BBG0236XZN30,2026-08-11T06:10:16.602738873Z
FOPC,Frontier Asset Opportunistic Credit ETF,stocks,us,ARCX,ETF,True,usd,,BBG01RBB1FF1,BBG01RBB1GZ7,2026-08-11T06:10:16.602738954Z
FOR,Forestar Group Inc.,stocks,us,XNYS,CS,True,usd,0001406587,BBG000BB1YV2,BBG001S5R9G9,2026-08-11T06:10:16.602739054Z
FORH,Formidable ETF,stocks,us,BATS,ETF,True,usd,0001771146,BBG010L8SW88,BBG010L8SX31,2026-08-11T06:10:16.602739144Z
FORM,FormFactor Inc.,stocks,us,XNAS,CS,True,usd,0001039399,BBG000D1Y3P1,BBG001SFT2R8,2026-08-11T06:10:16.602739214Z
FORR,Forrester Research Inc,stocks,us,XNAS,CS,True,usd,0001023313,BBG000HGNYG8,BBG001S98HN6,2026-08-11T06:10:16.602739294Z
FORTY,Formula Systems 1985 Ltd,stocks,us,XNAS,ADRC,True,usd,0001045986,BBG000JLM9R9,BBG001SBB376,2026-08-11T06:10:16.602739374Z
FOSL,"Fossil Group, Inc.",stocks,us,XNAS,CS,True,usd,0000883569,BBG000C37332,BBG001S6FP74,2026-08-11T06:10:16.602739525Z
FOTO,Tuttle Capital Pure Play Photonics ETF,stocks,us,BATS,ETF,True,usd,,BBG022G68058,BBG022G68165,2026-08-11T06:10:16.602739745Z
FOUR,"Shift4 Payments, Inc.",stocks,us,XNYS,CS,True,usd,0001794669,BBG00TX393L4,BBG00TX393M3,2026-08-11T06:10:16.602739825Z
FOURpA,"Shift4 Payments, Inc. 6.00% Series A Mandatory Convertible Preferred Stock",stocks,us,XNYS,SP,True,usd,0001794669,,,2026-08-11T06:10:16.602739965Z
FOWF,Pacer Solactive Whitney Future of Warfare ETF,stocks,us,BATS,ETF,True,usd,0001616668,BBG01R9KTVL2,BBG01R9KTWL0,2026-08-11T06:10:16.602740046Z
FOX,Fox Corporation Class B Common Stock,stocks,us,XNAS,CS,True,usd,0001754301,BBG00JHNKJY8,BBG00JHNKKR3,2026-08-11T06:10:16.602740126Z
FOXA,Fox Corporation Class A Common Stock,stocks,us,XNAS,CS,True,usd,0001754301,BBG00JHNJW99,BBG00JHNJX06,2026-08-11T06:10:16.602740206Z
FOXF,Fox Factory Holding Corp. Common Stock,stocks,us,XNAS,CS,True,usd,0001424929,BBG004T7VS53,BBG004T7VS71,2026-08-11T06:10:16.602740286Z
FOXX,Foxx Development Holdings Inc. Common Stock,stocks,us,XNAS,CS,True,usd,0002013807,BBG01Q1W39Q8,BBG01Q1W39T5,2026-08-11T06:10:16.602740436Z
FOXXW,Foxx Development Holdings Inc. Warrant expiring 9/26/2029,stocks,us,XNAS,WARRANT,True,usd,0002013807,BBG01Q1X3B09,,2026-08-11T06:10:16.602740517Z
FOXY,Simplify Currency Strategy ETF,stocks,us,ARCX,ETF,True,usd,0001810747,BBG01S1BBVJ0,BBG01S1BBWD4,2026-08-11T06:10:16.602740597Z
FPA,First Trust Asia Pacific ex-Japan AlphaDEX Fund,stocks,us,XNAS,ETF,True,usd,0001364608,BBG001MKQLD9,BBG001V11YZ6,2026-08-11T06:10:16.602740677Z
FPAA,FPA Global Allocation ETF,stocks,us,BATS,ETF,True,usd,,BBG022VY8HF2,BBG022VY8JC1,2026-08-11T06:10:16.602740867Z
FPAG,FPA Global Equity ETF,stocks,us,BATS,ETF,True,usd,,BBG01MNCH8M8,BBG01MNCH9Z2,2026-08-11T06:10:16.602740947Z
FPAS,FPA Short Duration Government ETF,stocks,us,BATS,ETF,True,usd,,BBG01QLGVD09,BBG01QLGVDZ1,2026-08-11T06:10:16.602741028Z
FPE,First Trust Preferred Securities and Income ETF,stocks,us,ARCX,ETF,True,usd,,BBG0043NRZ00,BBG0043NRZR1,2026-08-11T06:10:16.602741108Z
FPEI,First Trust Institutional Preferred Securities and Income ETF,stocks,us,ARCX,ETF,True,usd,0001424212,BBG00HJHQ0B3,BBG00HJHQ112,2026-08-11T06:10:16.602741188Z
FPF,FIRST TRUST INTERMEDIATE DURATION PREFERRED & INCOME FUND,stocks,us,XNYS,FUND,True,usd,0001567569,BBG0043KQ5K1,BBG0043KQ5L0,2026-08-11T06:10:16.602741408Z
FPFD,Fidelity Preferred Securities & Income ETF,stocks,us,BATS,ETF,True,usd,0000945908,BBG011FJX092,BBG011FJX154,2026-08-11T06:10:16.602741488Z
FPH,"Five Point Holdings, LLC Class A Common Shares",stocks,us,XNYS,CS,True,usd,0001574197,BBG00BK2WQF9,BBG00BK2WQG8,2026-08-11T06:10:16.602741629Z
FPI,Farmland Partners Inc.,stocks,us,XNYS,CS,True,usd,0001591670,BBG005TNS0Q7,BBG005TNS0R6,2026-08-11T06:10:16.602741739Z
FPRO,Fidelity Real Estate Investment ETF,stocks,us,BATS,ETF,True,usd,0000945908,BBG00Z4JG0Y1,BBG00Z4JG1V2,2026-08-11T06:10:16.602741819Z
FPS,"Forgent Power Solutions, Inc.",stocks,us,XNYS,CS,True,usd,0002080126,BBG01ZJ9DR98,BBG01ZJ9DSC2,2026-08-11T06:10:16.602741899Z
FPSX,Leverage Shares 2X Long FPS Daily ETF,stocks,us,BATS,ETF,True,usd,,BBG0236XZB63,BBG0236XZC43,2026-08-11T06:10:16.602741979Z
FPWR,First Trust EIP Power Solutions ETF,stocks,us,ARCX,ETF,True,usd,0001517936,BBG00PZ234D5,BBG00PZ23542,2026-08-11T06:10:16.602742049Z
FPX,First Trust US Equity Opportunities ETF,stocks,us,ARCX,ETF,True,usd,,BBG000BCSCP6,BBG001S7FCJ8,2026-08-11T06:10:16.60274213Z
FPXE,First Trust IPOX Europe Equity Opportunities ETF,stocks,us,XNAS,ETF,True,usd,0001125816,BBG00M55XYJ3,BBG00M55XZ82,2026-08-11T06:10:16.60274225Z
FPXI,First Trust Exchange-Traded Fund II First Trust International Equity Opportunities ETF,stocks,us,XNAS,ETF,True,usd,0001125816,BBG007DJGS54,BBG007DJGS45,2026-08-11T06:10:16.60274241Z
FQAL,Fidelity Quality Factor ETF,stocks,us,ARCX,ETF,True,usd,0000945908,BBG00DRGLM68,BBG00DRGLM86,2026-08-11T06:10:16.60274251Z
FR,"First Industrial Realty Trust, Inc.",stocks,us,XNYS,CS,True,usd,0000921825,BBG000CKGDS5,BBG001S81Z00,2026-08-11T06:10:16.602742591Z
FRA,"Blackrock Floating Rate Income Strategies Fund, Inc.",stocks,us,XNYS,FUND,True,usd,0001259708,BBG000BR8JF1,BBG001SBM043,2026-08-11T06:10:16.602742671Z
FRAF,Franklin Financial Services Corporation Common Stock,stocks,us,XNAS,CS,True,usd,0000723646,BBG000BS5205,BBG001S6Z4V2,2026-08-11T06:10:16.602742751Z
FRBA,First Bank,stocks,us,XNAS,CS,True,usd,,BBG000Q92C66,BBG001SRY1B5,2026-08-11T06:10:16.602742831Z
FRBT,"Forbright, Inc. Class A Common Stock",stocks,us,XNAS,CS,True,usd,0001925062,BBG022FNPS25,BBG022FNPT23,2026-08-11T06:10:16.602743051Z
FRD,Friedman Industries Inc. Common Stock,stocks,us,XNAS,CS,True,usd,0000039092,BBG000BJTD50,BBG001S5RBJ1,2026-08-11T06:10:16.602743132Z
FRDM,Freedom 100 Emerging Markets ETF,stocks,us,BATS,ETF,True,usd,,BBG00P7KKM01,BBG00P7KKMR2,2026-08-11T06:10:16.602743282Z
FREI,Fidelity Real Estate Income ETF,stocks,us,XNAS,ETF,True,usd,,BBG022NQLZW4,BBG022NQM0W0,2026-08-11T06:10:16.602743362Z
FREL,Fidelity MSCI Real Estate Index ETF,stocks,us,ARCX,ETF,True,usd,0000945908,BBG008229880,BBG008229899,2026-08-11T06:10:16.602743442Z
FRGN,Horizon International Equity ETF,stocks,us,ARCX,ETF,True,usd,,BBG01YRZBT47,BBG01YRZBV15,2026-08-11T06:10:16.602743512Z
FRGT,"Freight Technologies, Inc. Ordinary Shares",stocks,us,XNAS,CS,True,usd,0001687542,,,2026-08-11T06:10:16.602743592Z
FRHC,Freedom Holding Corp.,stocks,us,XNAS,CS,True,usd,0000924805,BBG000N625H8,BBG001SGRW38,2026-08-11T06:10:16.602743673Z
FRI,First Trust S&P REIT Index Fund,stocks,us,ARCX,ETF,True,usd,0001329377,BBG000R6DCB3,BBG001ST68Z1,2026-08-11T06:10:16.602743753Z
FRIZ,Franklin Dividend Growth ETF,stocks,us,ARCX,ETF,True,usd,0001655589,BBG01WL1C3C9,BBG01WL1C4B8,2026-08-11T06:10:16.602743833Z
FRME,First Merchants Corp,stocks,us,XNAS,CS,True,usd,0000712534,BBG000BBSJ28,BBG001S5NNS9,2026-08-11T06:10:16.602743913Z
FRMEP,First Merchants Corporation Depository Shares,stocks,us,XNAS,CS,True,usd,0000712534,,,2026-08-11T06:10:16.602743993Z
FRMI,Fermi Inc. Common Stock,stocks,us,XNAS,CS,True,usd,0002071778,BBG01X4QY3R1,BBG01X4QY4Q0,2026-08-11T06:10:16.602744354Z
FRMM,"Forum Markets, Incorporated Common Stock",stocks,us,XNAS,CS,True,usd,0001690080,BBG00H1CP0B4,BBG00H1CP113,2026-08-11T06:10:16.602744434Z
FRNM,"Freenome, Inc. Common stock",stocks,us,XNAS,CS,True,usd,0002017526,BBG01N0FG6L0,BBG01N0FG7G4,2026-08-11T06:10:16.602744504Z
FRNW,Fidelity Clean Energy ETF,stocks,us,BATS,ETF,True,usd,0000945908,BBG012V1ZBK2,BBG012V1ZCF6,2026-08-11T06:10:16.602744584Z
FRO,Frontline Plc,stocks,us,XNYS,CS,True,usd,0000913290,,,2026-08-11T06:10:16.602744955Z
FROG,JFrog Ltd. Ordinary Shares,stocks,us,XNAS,CS,True,usd,0001800667,,,2026-08-11T06:10:16.602745045Z
FRPH,"FRP Holdings, Inc.",stocks,us,XNAS,CS,True,usd,0000844059,BBG000HCVWW4,BBG001SD43R8,2026-08-11T06:10:16.602745186Z
FRPT,"Freshpet, Inc.",stocks,us,XNAS,CS,True,usd,0001611647,BBG001D0HB36,BBG001V04FM0,2026-08-11T06:10:16.602745286Z
FRSH,Freshworks Inc. Class A Common Stock,stocks,us,XNAS,CS,True,usd,0001544522,BBG0029KYGL5,BBG0029KYGM4,2026-08-11T06:10:16.602745526Z
FRST,Primis Financial Corp. Common Stock,stocks,us,XNAS,CS,True,usd,0001325670,BBG000JQ42W7,BBG001SPKP12,2026-08-11T06:10:16.602745636Z
FRSX,Foresight Autonomous Holdings Ltd. American Depositary Shares,stocks,us,XNAS,ADRC,True,usd,0001691221,BBG00GXL7WB1,BBG00GXL7X10,2026-08-11T06:10:16.602745767Z
FRT,Federal Realty Investment Trust,stocks,us,XNYS,CS,True,usd,0000034903,BBG000BJVN28,BBG001S5RC36,2026-08-11T06:10:16.602745857Z
FRTT,Fort Technology Inc. Common Shares,stocks,us,XNAS,CS,True,usd,0002092967,BBG022VF3FC5,BBG015VQK4R5,2026-08-11T06:10:16.602746007Z
FRTY,Alger Mid Cap 40 ETF,stocks,us,ARCX,ETF,True,usd,0001807486,BBG00ZDR60C8,BBG00ZDR6163,2026-08-11T06:10:16.602746187Z
FRTpC,"Federal Realty Investment Trust Depositary Shares, each representing a 1/1000th interest in a 5.000 percent Series C Cumulative Redeemable Preferred Share",stocks,us,XNYS,PFD,True,usd,0000034903,,,2026-08-11T06:10:16.602746378Z
FRVO,Fervo Energy Company Class A common stock,stocks,us,XNAS,CS,True,usd,0001853868,BBG017V3P2Q2,BBG017V3P2R1,2026-08-11T06:10:16.602746498Z
FRWD,Nomura Transformational Technologies ETF,stocks,us,XNAS,ETF,True,usd,0001969995,BBG01ZJ9WL27,BBG01ZJ9WLZ1,2026-08-11T06:10:16.602746648Z
FSBC,Five Star Bancorp Common Stock,stocks,us,XNAS,CS,True,usd,0001275168,BBG000QJZ0P3,BBG001SN0V52,2026-08-11T06:10:16.602746749Z
FSBW,"FS Bancorp, Inc. Common Stock",stocks,us,XNAS,CS,True,usd,0001530249,BBG002Q8NXP4,BBG002Q8NYF3,2026-08-11T06:10:16.602746859Z
FSCC,Federated Hermes MDT Small Cap Core ETF,stocks,us,ARCX,ETF,True,usd,0001849998,BBG01NKB2ZD7,BBG01NKB3098,2026-08-11T06:10:16.602746959Z
FSCO,FS Credit Opportunities Corp.,stocks,us,XNYS,CS,True,usd,0001568194,BBG01BG24766,BBG01BG24837,2026-08-11T06:10:16.60274733Z
FSCS,First Trust Exchange-Traded Fund VI First Trust SMID Capital Strength ETF,stocks,us,XNAS,ETF,True,usd,0001552740,BBG00GY1J0T2,BBG00GY1J1J1,2026-08-11T06:10:16.60274752Z
FSEA,"First Seacoast Bancorp, Inc. Common Stock",stocks,us,XNAS,CS,True,usd,0001943802,BBG01CGKW1N7,BBG01CGKW1P5,2026-08-11T06:10:16.60274766Z
FSEC,Fidelity Investment Grade Securitized ETF,stocks,us,ARCX,ETF,True,usd,0001562565,BBG00ZGX5319,BBG00ZGX53W5,2026-08-11T06:10:16.60274775Z
FSEG,Fidelity Enhanced Small Cap Growth ETF,stocks,us,ARCX,ETF,True,usd,0000945908,BBG021YNLBW4,BBG021YNLDJ5,2026-08-11T06:10:16.602747861Z
FSEP,FT Vest U.S. Equity Buffer ETF - September,stocks,us,BATS,ETF,True,usd,0001667919,BBG00X9DXYV4,BBG00X9DXZP8,2026-08-11T06:10:16.602747961Z
FSEV,Fidelity Enhanced Small Cap Value ETF,stocks,us,ARCX,ETF,True,usd,0000945908,BBG021YQZ7M2,BBG021YQZCP8,2026-08-11T06:10:16.602748071Z
FSGS,First Trust Exchange-Traded Fund VI First Trust SMID Growth Strength ETF,stocks,us,XNAS,ETF,True,usd,0001552740,BBG00GY1J1V7,BBG00GY1J2K7,2026-08-11T06:10:16.602748241Z
FSHP,Flag Ship Acquisition Corp. Ordinary Shares,stocks,us,XNAS,CS,True,usd,0001850059,,,2026-08-11T06:10:16.602748362Z
FSHPR,Flag Ship Acquisition Corp. Right,stocks,us,XNAS,RIGHT,True,usd,0001850059,,,2026-08-11T06:10:16.602748522Z
FSHPU,Flag Ship Acquisition Corp. Unit,stocks,us,XNAS,UNIT,True,usd,0001850059,,,2026-08-11T06:10:16.602748642Z
FSI,"Flexible Solutions International, Inc.",stocks,us,XASE,CS,True,usd,0001069394,BBG000CSJWC0,BBG001SFHJL0,2026-08-11T06:10:16.602748742Z
FSIG,First Trust Limited Duration Investment Grade Corporate ETF,stocks,us,ARCX,ETF,True,usd,0001517936,BBG013JYKTP4,BBG013JYKVJ6,2026-08-11T06:10:16.602748883Z
FSK,FS KKR Capital Corp. Common Stock,stocks,us,XNYS,CS,True,usd,0001422183,BBG001YCZP63,BBG001YCZQ07,2026-08-11T06:10:16.602749003Z
FSLR,"First Solar, Inc.",stocks,us,XNAS,CS,True,usd,0001274494,BBG000BFL116,BBG001S991Z7,2026-08-11T06:10:16.602749133Z
FSLY,"Fastly, Inc. Class A Common Stock",stocks,us,XNAS,CS,True,usd,0001517413,BBG004NLQHL0,BBG004NLQHM9,2026-08-11T06:10:16.602749313Z
FSM,Fortuna Mining Corp.,stocks,us,XNYS,CS,True,usd,0001341335,BBG000LDZ482,BBG001S982M0,2026-08-11T06:10:16.602749604Z
FSMB,First Trust Short Duration Managed Municipal ETF,stocks,us,ARCX,ETF,True,usd,0001424212,BBG00MFP1BT2,BBG00MFP1CK9,2026-08-11T06:10:16.602749845Z
FSMD,Fidelity Small-Mid Multifactor ETF,stocks,us,ARCX,ETF,True,usd,0000945908,BBG00NFRNBR4,BBG00NFRNCH3,2026-08-11T06:10:16.602750075Z
FSML,Franklin Small Cap Enhanced ETF,stocks,us,ARCX,ETF,True,usd,0001655589,BBG01YT32YM5,BBG01YT32ZK4,2026-08-11T06:10:16.602750205Z
FSOL,Fidelity Solana Fund,stocks,us,ARCX,ETV,True,usd,0002063380,BBG01Y69PYC3,BBG01Y69PZF7,2026-08-11T06:10:16.602750386Z
FSP,Franklin Street Properties Corp,stocks,us,XASE,CS,True,usd,0001031316,BBG000DRFJF1,BBG001SK1MS2,2026-08-11T06:10:16.602750536Z
FSPC,First Trust Bloomberg Space Economy ETF,stocks,us,ARCX,ETF,True,usd,0001383496,BBG023HYWXB8,BBG023HYWYR9,2026-08-11T06:10:16.602750686Z
FSS,Federal Signal Corp.,stocks,us,XNYS,CS,True,usd,0000277509,BBG000BJXWX2,BBG001S5RD98,2026-08-11T06:10:16.602750796Z
FSSL,FS Specialty Lending Fund,stocks,us,XNYS,CS,True,usd,0002065812,BBG002VNPPN2,BBG002VNPPP0,2026-08-11T06:10:16.602750997Z
FSTA,Fidelity MSCI Consumer Staples Index ETF,stocks,us,ARCX,ETF,True,usd,0000945908,BBG005FHW231,BBG005FHW240,2026-08-11T06:10:16.602751087Z
FSTB,Fidelity Short-Term Bond ETF,stocks,us,XNAS,ETF,True,usd,,BBG022NQKNS7,BBG022NQKPQ4,2026-08-11T06:10:16.602751257Z
FSTR,Foster (Lb) Co,stocks,us,XNAS,CS,True,usd,0000352825,BBG000D5LK23,BBG001S7HS29,2026-08-11T06:10:16.602751458Z
FSUN,FirstSun Capital Bancorp Common Stock,stocks,us,XNAS,CS,True,usd,0001709442,BBG000QJGX36,BBG001SMZWH1,2026-08-11T06:10:16.602751568Z
FSV,FirstService Corporation Common Shares,stocks,us,XNAS,CS,True,usd,0001637810,BBG0093MWSL8,BBG0093LLBP5,2026-08-11T06:10:16.602751678Z
FSYD,Fidelity Sustainable High Yield ETF,stocks,us,ARCX,ETF,True,usd,0000945908,BBG015C9HVZ9,BBG015C9HWX9,2026-08-11T06:10:16.602751798Z
FSZ,First Trust Switzerland AlphaDEX Fund,stocks,us,XNAS,ETF,True,usd,0001510337,BBG002N8WLL7,BBG002N8WMD4,2026-08-11T06:10:16.602751888Z
FT,Franklin Universal Trust Shares of Beneficial Interest,stocks,us,XNYS,FUND,True,usd,0000833040,BBG000BJY819,BBG001S5RDD3,2026-08-11T06:10:16.602752179Z
FTA,First Trust Large Cap Value AlphaDEX Fund (based on the Defined Large Cap Value Index--symbol DEFILVOI),stocks,us,XNAS,ETF,True,usd,0001383496,BBG000R6DRG5,BBG001ST6916,2026-08-11T06:10:16.602752269Z
FTAG,First Trust Exchange-Traded Fund II First Trust Indxx Global Agriculture ETF,stocks,us,XNAS,ETF,True,usd,0001125816,BBG000QH5HZ2,BBG001T71BT3,2026-08-11T06:10:16.602752419Z
FTAI,FTAI Aviation Ltd. Common Stock,stocks,us,XNAS,CS,True,usd,0001590364,,,2026-08-11T06:10:16.60275255Z
FTAIM,FTAI Aviation Ltd. 9.500% Fixed-Rate Reset Series D Cumulative Perpetual Redeemable Preferred Shares,stocks,us,XNAS,PFD,True,usd,0001590364,,,2026-08-11T06:10:16.60275267Z
FTBD,Fidelity Tactical Bond ETF,stocks,us,ARCX,ETF,True,usd,0001562565,BBG01CHYWN94,BBG01CHYWP53,2026-08-11T06:10:16.60275276Z
FTBI,First Trust Balanced Income ETF,stocks,us,ARCX,ETF,True,usd,0001552740,BBG01T3ZKJ82,BBG01T3ZKK34,2026-08-11T06:10:16.60275287Z
FTC,First Trust Large Cap Growth AlphaDEX Fund (based on the Defined Large Cap Growth Index--symbol DEFILGOI),stocks,us,XNAS,ETF,True,usd,0001383496,BBG000R6FR55,BBG001ST6961,2026-08-11T06:10:16.602752961Z
FTCA,Franklin California Municipal Income ETF,stocks,us,ARCX,ETF,True,usd,,BBG01XWNLK66,BBG01XWNLLF4,2026-08-11T06:10:16.602753091Z
FTCB,First Trust Core Investment Grade ETF,stocks,us,ARCX,ETF,True,usd,0001517936,BBG01K0TZ9L9,BBG01K0TZBY0,2026-08-11T06:10:16.602753211Z
FTCE,First Trust New Constructs Core Earnings Leaders ETF,stocks,us,ARCX,ETF,True,usd,0001552740,BBG01NXZJT46,BBG01NXZJTZ2,2026-08-11T06:10:16.602753311Z
FTCI,"FTC Solar, Inc. Common Stock",stocks,us,XNAS,CS,True,usd,0001828161,BBG00ZV1WWB7,BBG00ZV1WX52,2026-08-11T06:10:16.602753401Z
FTCS,First Trust Capital Strength ETF,stocks,us,XNAS,ETF,True,usd,0001329377,BBG000LGL532,BBG001SQ1882,2026-08-11T06:10:16.602753502Z
FTDR,"Frontdoor, Inc. Common Stock",stocks,us,XNAS,CS,True,usd,0001727263,BBG00H9MNDZ2,BBG00H9MNF05,2026-08-11T06:10:16.602753612Z
FTDS,First Trust Dividend Strength ETF,stocks,us,XNAS,ETF,True,usd,0001329377,BBG000QF7JK6,BBG001SS3KF1,2026-08-11T06:10:16.602753732Z
FTEC,Fidelity MSCI Information Technology Index ETF,stocks,us,ARCX,ETF,True,usd,0000945908,BBG005FHWBM0,BBG005FHWBL1,2026-08-11T06:10:16.602753872Z
FTEK,"Fuel Tech, Inc.",stocks,us,XNAS,CS,True,usd,0000846913,BBG000BNG8X5,BBG001S7LZW5,2026-08-11T06:10:16.602754133Z
FTF,Franklin Limited Duration Income Trust Common Shrs. of Beneficial Interest,stocks,us,XASE,FUND,True,usd,0001233087,BBG000PX1YG6,BBG001SLW549,2026-08-11T06:10:16.602754233Z
FTFT,Future FinTech Group Inc.,stocks,us,XNAS,CS,True,usd,0001066923,BBG000F57BQ1,BBG001SKV6G7,2026-08-11T06:10:16.602754343Z
FTGC,First Trust Global Tactical Commodity Strategy Fund,stocks,us,XNAS,ETF,True,usd,0001561785,BBG005GHHC53,BBG005GHHC44,2026-08-11T06:10:16.602754473Z
FTGS,First Trust Growth Strength ETF,stocks,us,XNAS,ETF,True,usd,0001329377,BBG01B34NNS6,BBG01B34NPM7,2026-08-11T06:10:16.602754604Z
FTH,"Faeth Therapeutics, Inc. Common Stock",stocks,us,XNAS,CS,True,usd,0001829802,BBG00V3M3TP5,BBG00V3M3TR3,2026-08-11T06:10:16.602754744Z
FTHA,Forefront Tech Holdings Acquisition Corp Class A Ordinary Shares,stocks,us,XNAS,CS,True,usd,0002097986,,,2026-08-11T06:10:16.602754874Z
FTHAU,Forefront Tech Holdings Acquisition Corp Unit,stocks,us,XNAS,UNIT,True,usd,0002097986,,,2026-08-11T06:10:16.602754964Z
FTHAW,Forefront Tech Holdings Acquisition Corp Warrant,stocks,us,XNAS,WARRANT,True,usd,0002097986,,,2026-08-11T06:10:16.602755075Z
FTHB,FIS Faith Income ETF,stocks,us,ARCX,ETF,True,usd,,BBG0200WPBW9,BBG0200WPCS2,2026-08-11T06:10:16.602755165Z
FTHF,First Trust Emerging Markets Human Flourishing ETF,stocks,us,ARCX,ETF,True,usd,0001125816,BBG01JY9QT35,BBG01JY9QTZ0,2026-08-11T06:10:16.602755275Z
FTHI,First Trust Exchange-Traded Fund VI First Trust BuyWrite Income ETF,stocks,us,XNAS,ETF,True,usd,0001552740,BBG005SW6SR0,BBG005SW6SS9,2026-08-11T06:10:16.602755395Z
FTHM,Fathom Holdings Inc. Common Stock,stocks,us,XNAS,CS,True,usd,0001753162,BBG00RFFH1L6,BBG00RFFH2B5,2026-08-11T06:10:16.602755525Z
FTHY,First Trust High Yield Opportunities 2027 Term Fund,stocks,us,XNYS,FUND,True,usd,0001810523,BBG00TJJ12W3,BBG00TJJ13N1,2026-08-11T06:10:16.602755636Z
FTI,TechnipFMC plc Ordinary Share,stocks,us,XNYS,CS,True,usd,0001681459,,,2026-08-11T06:10:16.602755736Z
FTIF,First Trust Bloomberg Inflation Sensitive Equity ETF,stocks,us,ARCX,ETF,True,usd,0001329377,BBG01FT7QKP8,BBG01FT7QLJ3,2026-08-11T06:10:16.602755826Z
FTK,"Flotek Industries, Inc.",stocks,us,XNYS,CS,True,usd,0000928054,BBG000C3TFS4,BBG001S5YVK7,2026-08-11T06:10:16.602756056Z
FTKI,First Trust Small Cap BuyWrite Income ETF,stocks,us,ARCX,ETF,True,usd,0001552740,BBG01SCK12Q5,BBG01SCK13N6,2026-08-11T06:10:16.602756177Z
FTLF,"FitLife Brands, Inc. Common Stock",stocks,us,XNAS,CS,True,usd,0001374328,BBG000QQFN33,BBG001SSGJC3,2026-08-11T06:10:16.602756297Z
FTLS,First Trust Long/Short Equity ETF,stocks,us,ARCX,ETF,True,usd,0001424212,BBG00735B1S4,BBG00735B1V0,2026-08-11T06:10:16.602756447Z
FTMA,Franklin Massachusetts Municipal Income ETF,stocks,us,ARCX,ETF,True,usd,,BBG01Y3C2BK5,BBG01Y3C2CP8,2026-08-11T06:10:16.602756588Z
FTMH,Franklin Municipal High Yield ETF,stocks,us,ARCX,ETF,True,usd,,BBG01XWN2JB4,BBG01XWN2KB1,2026-08-11T06:10:16.602756698Z
FTMN,Franklin Minnesota Municipal Income ETF,stocks,us,ARCX,ETF,True,usd,,BBG01Y3BX4V7,BBG01Y3BX5W3,2026-08-11T06:10:16.602756788Z
FTMS,Franklin Short-Term Municipal Income ETF,stocks,us,ARCX,ETF,True,usd,,BBG01XWN29C5,BBG01XWN2BG6,2026-08-11T06:10:16.602756888Z
FTMU,Franklin Municipal Income ETF,stocks,us,ARCX,ETF,True,usd,,BBG01XWN17D9,BBG01XWN18G4,2026-08-11T06:10:16.602756988Z
FTNJ,Franklin New Jersey Municipal Income ETF,stocks,us,ARCX,ETF,True,usd,,BBG01Y3C7587,BBG01Y3C7667,2026-08-11T06:10:16.602757078Z
FTNT,"Fortinet, Inc.",stocks,us,XNAS,CS,True,usd,0001262039,BBG000BCMBG4,BBG001S77BL6,2026-08-11T06:10:16.602757249Z
FTNY,Franklin New York Municipal Income ETF,stocks,us,ARCX,ETF,True,usd,,BBG01XWMYZ43,BBG01XWMZ021,2026-08-11T06:10:16.602757359Z
FTOH,Franklin Ohio Municipal Income ETF,stocks,us,ARCX,ETF,True,usd,,BBG01Y3C9J49,BBG01Y3C9K28,2026-08-11T06:10:16.602757469Z
FTPA,Franklin Pennsylvania Municipal Income ETF,stocks,us,ARCX,ETF,True,usd,,BBG01Y3CRLV4,BBG01Y3CRN22,2026-08-11T06:10:16.602757569Z
FTQI,First Trust Exchange-Traded Fund VI First Trust Hedged BuyWrite Income ETF,stocks,us,XNAS,ETF,True,usd,0001552740,BBG005SW6VS2,BBG005SW6VT1,2026-08-11T06:10:16.60275767Z
FTRA,FutureCorp Space Acquisition 1,stocks,us,XNYS,CS,True,usd,0002131853,,,2026-08-11T06:10:16.60275779Z
FTRA.U,"FutureCorp Space Acquisition 1 Units, each consisting of one Class A ordinary share and one-half of one redeemable warrant",stocks,us,XNYS,UNIT,True,usd,0002131853,,,2026-08-11T06:10:16.60275811Z
FTRA.WS,"FutureCorp Space Acquisition 1 Redeemable warrants, each whole warrant exercisable for one Class A ordinary share at an exercise price of $11.50",stocks,us,XNYS,WARRANT,True,usd,0002131853,,,2026-08-11T06:10:16.602758321Z
FTRB,Federated Hermes Total Return Bond ETF,stocks,us,ARCX,ETF,True,usd,0001849998,BBG01JS5G3W6,BBG01JS5G4Q1,2026-08-11T06:10:16.602758531Z
FTRE,Fortrea Holdings Inc. Common Stock,stocks,us,XNAS,CS,True,usd,0001965040,BBG01GZF9VY6,BBG01GZF9W47,2026-08-11T06:10:16.602758621Z
FTRI,First Trust Exchange-Traded Fund II First Trust Indxx Global Natural Resources Income ETF,stocks,us,XNAS,ETF,True,usd,0001125816,BBG000QH5WL4,BBG001T71BV0,2026-08-11T06:10:16.602758722Z
FTRK,FAST TRACK GROUP Ordinary shares,stocks,us,XNAS,CS,True,usd,0002027262,,,2026-08-11T06:10:16.602758812Z
FTS,Fortis Inc. Common Shares,stocks,us,XNYS,CS,True,usd,0001666175,BBG000K9SSS5,BBG001S5YVM5,2026-08-11T06:10:16.602758902Z
FTSD,Franklin Short Duration U.S. Government ETF,stocks,us,ARCX,ETF,True,usd,0001551895,BBG005JV97M0,BBG005JV97N9,2026-08-11T06:10:16.602758992Z
FTSL,First Trust Senior Loan Fund ETF,stocks,us,XNAS,ETF,True,usd,0001517936,BBG004HQLWL8,BBG004HQLXB7,2026-08-11T06:10:16.602759092Z
FTSM,First Trust Enhanced Short Maturity ETF,stocks,us,XNAS,ETF,True,usd,0001517936,BBG006XT8622,BBG006XT8631,2026-08-11T06:10:16.602759183Z
FTV,Fortive Corporation,stocks,us,XNYS,CS,True,usd,0001659166,BBG00BLVZ228,BBG00BLVZ237,2026-08-11T06:10:16.602759273Z
FTW,Presidio Production Company,stocks,us,XNYS,CS,True,usd,0002083125,BBG020RZKCV7,BBG020RZKF31,2026-08-11T06:10:16.602759363Z
FTW.WS,"Presidio Production Company Warrants, each whole warrant exercisable for one share of Class A common stock at an exercise price of $11.50 per share",stocks,us,XNYS,WARRANT,True,usd,0002083125,BBG020S03WV8,,2026-08-11T06:10:16.602759463Z
FTWO,Strive Natural Resources and Security ETF,stocks,us,XNYS,ETF,True,usd,,BBG01J3S1322,BBG01J3S13X8,2026-08-11T06:10:16.602759553Z
FTXG,First Trust Nasdaq Food & Beverage ETF,stocks,us,XNAS,ETF,True,usd,0001552740,BBG00DVWC7R8,BBG00DVWC7S7,2026-08-11T06:10:16.602759643Z
FTXH,First Trust Nasdaq Pharmaceuticals ETF,stocks,us,XNAS,ETF,True,usd,0001552740,BBG00DVWC8X9,BBG00DVWC8Y8,2026-08-11T06:10:16.602759734Z
FTXL,First Trust Nasdaq Semiconductor ETF,stocks,us,XNAS,ETF,True,usd,0001552740,BBG00DVWCNW7,BBG00DVWCNX6,2026-08-11T06:10:16.602760194Z
FTXN,First Trust Nasdaq Oil & Gas ETF,stocks,us,XNAS,ETF,True,usd,0001552740,BBG00DVWCBN3,BBG00DVWCBP1,2026-08-11T06:10:16.602760395Z
FTXO,First Trust Nasdaq Bank ETF,stocks,us,XNAS,ETF,True,usd,0001552740,BBG00DVWCDB2,BBG00DVWCDC1,2026-08-11T06:10:16.602760515Z
FTXR,First Trust Nasdaq Transportation ETF,stocks,us,XNAS,ETF,True,usd,0001552740,BBG00DVWCFR0,BBG00DVWCGN2,2026-08-11T06:10:16.602760605Z
FUBO,FuboTV Inc.,stocks,us,XNYS,CS,True,usd,0001484769,BBG002CV4Q74,BBG002CV4QZ3,2026-08-11T06:10:16.602760695Z
FUFU,BitFuFu Inc. Class A Ordinary Shares,stocks,us,XNAS,CS,True,usd,0001921158,,,2026-08-11T06:10:16.602760786Z
FUFUW,BitFuFu Inc. Warrant,stocks,us,XNAS,WARRANT,True,usd,0001921158,,,2026-08-11T06:10:16.602760886Z
FUL,H.B. Fuller Company,stocks,us,XNYS,CS,True,usd,0000039368,BBG000BJZ7V7,BBG001S5RDZ9,2026-08-11T06:10:16.602760976Z
FULC,"Fulcrum Therapeutics, Inc. Common Stock",stocks,us,XNAS,CS,True,usd,0001680581,BBG00DDY1RK9,BBG00DDY1RM7,2026-08-11T06:10:16.602761066Z
FULT,Fulton Financial Corp,stocks,us,XNAS,CS,True,usd,0000700564,BBG000BJZM26,BBG001S5RF02,2026-08-11T06:10:16.602761156Z
FULTP,"Fulton Financial Corporation Depositary Shares, Each Representing a 1/40th Interest in a Share of Fixed Rate Non-Cumulative Perpetual Preferred Stock, Series A",stocks,us,XNAS,CS,True,usd,0000700564,,,2026-08-11T06:10:16.602761246Z
FUMB,First Trust Ultra Short Duration Municipal ETF,stocks,us,ARCX,ETF,True,usd,,BBG00MFP1HR1,BBG00MFP1JH8,2026-08-11T06:10:16.602761337Z
FUN,Six Flags Entertainment Corporation,stocks,us,XNYS,CS,True,usd,0001999001,BBG01K8GRMX6,BBG01K8GRMY5,2026-08-11T06:10:16.602761437Z
FUNC,First United Corp,stocks,us,XNAS,CS,True,usd,0000763907,BBG000CWBQC2,BBG001S73MD5,2026-08-11T06:10:16.602761537Z
FUND,"Sprott Focus Trust, Inc.",stocks,us,XNAS,CS,True,usd,0000825202,BBG000BC0CY6,BBG001S5RF39,2026-08-11T06:10:16.602761657Z
FURY,Fury Gold Mines Limited,stocks,us,XASE,CS,True,usd,0001514597,BBG001KNTGG0,BBG001T0FD46,2026-08-11T06:10:16.602761757Z
FUSB,"First US Bancshares, Inc. Common Stock",stocks,us,XNAS,CS,True,usd,0000717806,BBG000BDB1Y6,BBG001S5X3K0,2026-08-11T06:10:16.602762008Z
FUSD,Federated Hermes Ultrashort Bond ETF,stocks,us,BATS,ETF,True,usd,0001849998,BBG0222Q4J61,BBG0222Q4KZ6,2026-08-11T06:10:16.602762098Z
FUSE,Fusemachines Inc. Common stock,stocks,us,XNAS,CS,True,usd,0002033383,BBG01S4RJCG9,BBG01S4RJD13,2026-08-11T06:10:16.602762228Z
FUSEW,Fusemachines Inc. Warrants,stocks,us,XNAS,WARRANT,True,usd,0002033383,BBG01Y3CSDY8,,2026-08-11T06:10:16.602762349Z
FUSI,American Century Multisector Floating Income ETF,stocks,us,ARCX,ETF,True,usd,0001710607,BBG01FPDSX06,BBG01FPDSY13,2026-08-11T06:10:16.602762439Z
FUTG,Leverage Shares 2x Long FUTU Daily ETF,stocks,us,XNAS,ETF,True,usd,0001976322,BBG01XVX1B21,BBG01XVX1C74,2026-08-11T06:10:16.602762559Z
FUTU,Futu Holdings Limited American Depositary Shares,stocks,us,XNAS,ADRC,True,usd,0001754581,BBG00MYXW4R8,BBG00MYXW5H6,2026-08-11T06:10:16.602762659Z
FUTY,Fidelity MSCI Utilities Index ETF,stocks,us,ARCX,ETF,True,usd,0000945908,BBG005FHVX98,BBG005FHVXB5,2026-08-11T06:10:16.602762769Z
FV,First Trust Dorsey Wright Focus 5 ETF,stocks,us,XNAS,ETF,True,usd,0001552740,BBG005YW3DP1,BBG005YW3DQ0,2026-08-11T06:10:16.60276286Z
FVAL,Fidelity Value Factor ETF,stocks,us,ARCX,ETF,True,usd,0000945908,BBG00DRGLK44,BBG00DRGLK53,2026-08-11T06:10:16.60276297Z
FVAV,Fortress Value Acquisition Corp. V Class A Ordinary Shares,stocks,us,XNAS,CS,True,usd,0001850733,,,2026-08-11T06:10:16.60276306Z
FVC,First Trust Dorsey Wright Dynamic Focus 5 ETF,stocks,us,XNAS,ETF,True,usd,0001552740,BBG00CDYRGJ9,BBG00CDYRGK7,2026-08-11T06:10:16.60276316Z
FVCB,"FVCBankcorp, Inc. Common Stock",stocks,us,XNAS,CS,True,usd,0001675644,BBG000DS5RF2,BBG001T1Y6C9,2026-08-11T06:10:16.60276325Z
FVD,First Trust Value Line Dividend Fund,stocks,us,ARCX,ETF,True,usd,,BBG000PX7V21,BBG001SLWD88,2026-08-11T06:10:16.602763351Z
FVN,Future Vision II Acquisition Corporation Ordinary shares,stocks,us,XNAS,CS,True,usd,0002010653,,,2026-08-11T06:10:16.602763451Z
FVNNR,Future Vision II Acquisition Corporation Right,stocks,us,XNAS,RIGHT,True,usd,0002010653,,,2026-08-11T06:10:16.602763541Z
FVNNU,Future Vision II Acquisition Corporation Units,stocks,us,XNAS,UNIT,True,usd,0002010653,,,2026-08-11T06:10:16.602763751Z
FVR,"FrontView REIT, Inc.",stocks,us,XNYS,CS,True,usd,0001988494,BBG01PNY4CV8,BBG01PNY4CW7,2026-08-11T06:10:16.602763952Z
FVRR,Fiverr International Ltd.,stocks,us,XNYS,CS,True,usd,0001762301,,,2026-08-11T06:10:16.602764042Z
FWAC,Futurewave Acquisition Corporation Ordinary Shares,stocks,us,XNAS,CS,True,usd,0002116105,,,2026-08-11T06:10:16.602764162Z
FWACR,Futurewave Acquisition Corporation Rights,stocks,us,XNAS,RIGHT,True,usd,0002116105,,,2026-08-11T06:10:16.602764252Z
FWACU,Futurewave Acquisition Corporation Units,stocks,us,XNAS,UNIT,True,usd,0002116105,,,2026-08-11T06:10:16.602764342Z
FWACW,Futurewave Acquisition Corporation Warrants,stocks,us,XNAS,WARRANT,True,usd,0002116105,,,2026-08-11T06:10:16.602764473Z
FWD,AB Disruptors ETF,stocks,us,ARCX,ETF,True,usd,,BBG01FSRVW00,BBG01FSRVWX4,2026-08-11T06:10:16.602764573Z
FWDI,"Forward Industries, Inc. Common Stock",stocks,us,XNAS,CS,True,usd,0000038264,BBG020WJG333,BBG020WJG351,2026-08-11T06:10:16.602764703Z
FWONA,Liberty Media Corporation Series A Liberty Formula One Common Stock,stocks,us,XNAS,CS,True,usd,0000869614,BBG01HLMB809,BBG01HLMB8V5,2026-08-11T06:10:16.602764813Z
FWONK,Liberty Media Corporation Series C Liberty Formula One Common Stock,stocks,us,XNAS,CS,True,usd,0001560385,BBG01HLMBCG3,BBG01HLMBDC5,2026-08-11T06:10:16.602764974Z
FWRD,Forward Air Corp,stocks,us,XNAS,CS,True,usd,0000912728,BBG000BRCHB4,BBG001SC0FW1,2026-08-11T06:10:16.602765064Z
FWRG,"First Watch Restaurant Group, Inc. Common Stock",stocks,us,XNAS,CS,True,usd,0001789940,BBG012F6M0G2,BBG012F6M198,2026-08-11T06:10:16.602765164Z
FXA,Invesco CurrencyShares Australian Dollar Trust,stocks,us,ARCX,ETV,True,usd,0001353614,BBG000PPZ178,BBG001SR8G49,2026-08-11T06:10:16.602765264Z
FXAC,FortuneX Acquisition Corporation Ordinary shares,stocks,us,XNAS,CS,True,usd,0002121703,,,2026-08-11T06:10:16.602765354Z
FXACU,FortuneX Acquisition Corporation Units,stocks,us,XNAS,UNIT,True,usd,0002121703,,,2026-08-11T06:10:16.602765445Z
FXACW,FortuneX Acquisition Corporation Warrant,stocks,us,XNAS,WARRANT,True,usd,0002121703,,,2026-08-11T06:10:16.602765675Z
FXB,Invesco CurrencyShares British Pound Sterling Trust,stocks,us,ARCX,ETV,True,usd,0001353611,BBG000PPYQB9,BBG001SR8G30,2026-08-11T06:10:16.602765765Z
FXC,Invesco CurrencyShares Canadian Dollar Trust,stocks,us,ARCX,ETV,True,usd,0001353612,BBG000PPYCX6,BBG001SR8G21,2026-08-11T06:10:16.602765885Z
FXD,First Trust Consumer Discretionary AlphaDEX Fund,stocks,us,ARCX,ETF,True,usd,0001383496,BBG000BC4416,BBG001S6SDY7,2026-08-11T06:10:16.602765976Z
FXE,Invesco CurrencyShares Euro Currency Trust,stocks,us,ARCX,ETV,True,usd,0001328598,BBG000HDFTG5,BBG001SP5TS2,2026-08-11T06:10:16.602766106Z
FXED,Sound Enhanced Fixed Income ETF,stocks,us,XNYS,ETF,True,usd,0001387131,BBG00YQ1FJK4,BBG00YQ1FKF7,2026-08-11T06:10:16.602766206Z
FXF,Invesco CurrencyShares Swiss Franc Trust,stocks,us,ARCX,ETV,True,usd,0001353615,BBG000PPY0V4,BBG001SR8G12,2026-08-11T06:10:16.602766306Z
FXG,First Trust Consumer Staples AlphaDEX Fund,stocks,us,ARCX,ETF,True,usd,0001383496,BBG000R6G1G9,BBG001ST6970,2026-08-11T06:10:16.602766406Z
FXH,First Trust Health Care AlphaDEX Fund,stocks,us,ARCX,ETF,True,usd,0001383496,BBG000R6BWD9,BBG001ST68R0,2026-08-11T06:10:16.602766507Z
FXHO,UTime Limited Class A Ordinary Shares,stocks,us,XNAS,CS,True,usd,0001789299,,,2026-08-11T06:10:16.602766617Z
FXI,iShares China Large-Cap ETF,stocks,us,ARCX,ETF,True,usd,0001100663,BBG000Q8RVM1,BBG001SMDNB1,2026-08-11T06:10:16.602766717Z
FXL,First Trust Technology AlphaDEX Fund,stocks,us,ARCX,ETF,True,usd,0001383496,BBG000R6BJ93,BBG001ST68Q1,2026-08-11T06:10:16.602766817Z
FXN,First Trust Energy AlphaDEX Fund,stocks,us,ARCX,ETF,True,usd,0001383496,BBG000R6GG30,BBG001ST6998,2026-08-11T06:10:16.602766937Z
FXNC,FIRST NATL CORP STRASBURG VA,stocks,us,XNAS,CS,True,usd,0000719402,BBG000GMKH30,BBG001S8X9X7,2026-08-11T06:10:16.602767058Z
FXO,First Trust Financials AlphaDEX Fund,stocks,us,ARCX,ETF,True,usd,0001383496,BBG000R6CDJ4,BBG001ST68V5,2026-08-11T06:10:16.602767148Z
FXP,ProShares UltraShort FTSE China 50 of ProShares Trust,stocks,us,ARCX,ETF,True,usd,0001174610,BBG000TS57Y8,BBG001T0GK67,2026-08-11T06:10:16.602767258Z
FXR,First Trust Industrials/Producer Durables AlphaDEX Fund,stocks,us,ARCX,ETF,True,usd,0001383496,BBG000BCZ751,BBG001S7RKF1,2026-08-11T06:10:16.602767889Z
FXU,First Trust Utilities AlphaDEX Fund,stocks,us,ARCX,ETF,True,usd,0001383496,BBG000R6B8K4,BBG001ST68P2,2026-08-11T06:10:16.60276811Z
FXY,Invesco CurrencyShares Japanese Yen Trust,stocks,us,ARCX,ETV,True,usd,0001353613,BBG000D25FL8,BBG001SMC6F5,2026-08-11T06:10:16.60276833Z
FXZ,First Trust Materials AlphaDEX Fund,stocks,us,ARCX,ETF,True,usd,0001383496,BBG000R6B0D9,BBG001ST68N4,2026-08-11T06:10:16.602768531Z
FYC,First Trust Small Cap Growth AlphaDEX Fund,stocks,us,XNAS,ETF,True,usd,0001383496,BBG001MKQHF6,BBG001V11YV0,2026-08-11T06:10:16.602768771Z
FYEE,Fidelity Yield Enhanced Equity ETF,stocks,us,BATS,ETF,True,usd,0001898391,BBG01M5L0YZ5,BBG01M5L0ZZ2,2026-08-11T06:10:16.602768861Z
FYLD,Cambria Foreign Shareholder Yield ETF,stocks,us,BATS,ETF,True,usd,0001529390,BBG005NDJ0T2,BBG005NDJ0V9,2026-08-11T06:10:16.602768971Z
FYT,First Trust Small Cap Value AlphaDEX Fund,stocks,us,XNAS,ETF,True,usd,0001383496,BBG001MKMN21,BBG001V11W71,2026-08-11T06:10:16.602769072Z
FYX,First Trust Small Cap Core AlphaDEX Fund,stocks,us,XNAS,ETF,True,usd,0001383496,BBG000R6CSK9,BBG001ST68W4,2026-08-11T06:10:16.602769222Z
FpB,"Ford Motor Company 6.20% Notes due June 1, 2059",stocks,us,XNYS,SP,True,usd,0000037996,,,2026-08-11T06:10:16.602769352Z
FpC,"Ford Motor Company 6.000% Notes due December 1, 2059",stocks,us,XNYS,SP,True,usd,0000037996,,,2026-08-11T06:10:16.602769462Z
FpD,"Ford Motor Company 6.500% Notes due August 15, 2062",stocks,us,XNYS,SP,True,usd,0000037996,,,2026-08-11T06:10:16.602769563Z
G,GENPACT LIMITED,stocks,us,XNYS,CS,True,usd,0001398659,,,2026-08-11T06:10:16.602769763Z
GAA,Cambria Global Asset Allocation ETF,stocks,us,BATS,ETF,True,usd,0001529390,BBG007PTNDR0,BBG007PTNDS9,2026-08-11T06:10:16.602769853Z
GAB,The Gabelli Equity Trust Inc.,stocks,us,XNYS,FUND,True,usd,0000794685,BBG000BK1WL7,BBG001S5RFR3,2026-08-11T06:10:16.602769963Z
GABC,"German American Bancorp, Inc.",stocks,us,XNAS,CS,True,usd,0000714395,BBG000BH7CW0,BBG001S7BHR2,2026-08-11T06:10:16.602770084Z
GABF,Gabelli Financial Services Opportunities ETF,stocks,us,ARCX,ETF,True,usd,,BBG017B6PBW0,BBG017B6PCS3,2026-08-11T06:10:16.602770444Z
GABpG,The Gabelli Equity Trust Inc. Series G Cumulative Preferred,stocks,us,XNYS,PFD,True,usd,0000794685,,,2026-08-11T06:10:16.602770554Z
GABpH,THE GABELLI EQUITY TRUST INC. 5.00% Series H Cumulative Preferred Stock,stocks,us,XNYS,PFD,True,usd,0000794685,,,2026-08-11T06:10:16.602770685Z
GABpK,The Gabelli Equity Trust Inc. 5.00% Series K Cumulative Preferred Stock,stocks,us,XNYS,PFD,True,usd,0000794685,,,2026-08-11T06:10:16.602770815Z
GAEM,Simplify Gamma Emerging Market Bond ETF,stocks,us,ARCX,ETF,True,usd,0001810747,BBG01P50L254,BBG01P50L334,2026-08-11T06:10:16.602770915Z
GAIA,"Gaia, Inc. Class A Common Stock",stocks,us,XNAS,CS,True,usd,0001089872,BBG000C00PJ9,BBG001SD1YR3,2026-08-11T06:10:16.602771045Z
GAIN,Gladstone Investment Corporation,stocks,us,XNAS,CS,True,usd,0001321741,BBG000C32KN7,BBG001SL3TS3,2026-08-11T06:10:16.602771186Z
GAING,Gladstone Investment Corporation 7.125% Notes due 2031,stocks,us,XNAS,CS,True,usd,0001321741,,,2026-08-11T06:10:16.602771356Z
GAINI,Gladstone Investment Corporation 7.875% Notes due 2030,stocks,us,XNAS,CS,True,usd,0001321741,,,2026-08-11T06:10:16.602771506Z
GAINZ,Gladstone Investment Corporation 4.875% Notes due 2028,stocks,us,XNAS,CS,True,usd,0001321741,,,2026-08-11T06:10:16.602771606Z
GAL,State Street Global Allocation ETF,stocks,us,ARCX,ETF,True,usd,0001516212,BBG002XY8BW6,BBG002XY8CM5,2026-08-11T06:10:16.602771737Z
GALT,Galectin Therapeutics Inc.,stocks,us,XNAS,CS,True,usd,0001133416,BBG000BK6FP5,BBG001S9NYW2,2026-08-11T06:10:16.602771847Z
GALX,VistaShares Space Supercycle ETF,stocks,us,ARCX,ETF,True,usd,,BBG023DVM307,BBG023DVM3Z9,2026-08-11T06:10:16.602772007Z
GAM,"General American Investors Company, Inc.",stocks,us,XNYS,FUND,True,usd,0000040417,BBG000BK3384,BBG001S5RG46,2026-08-11T06:10:16.602772117Z
GAME,"GameSquare Holdings, Inc. Common Stock",stocks,us,XNAS,CS,True,usd,0001714562,BBG00JCW80F9,BBG0027YC1F1,2026-08-11T06:10:16.602772298Z
GAMR,Amplify Video Game Leaders ETF,stocks,us,ARCX,ETF,True,usd,0001633061,BBG01L6XQJL0,BBG01L6XQKH2,2026-08-11T06:10:16.602772438Z
GAMpB,"General American Investors Company, Inc  5.95% Cumul Pfd Stock, Ser B",stocks,us,XNYS,PFD,True,usd,0000040417,,,2026-08-11T06:10:16.602772578Z
GANX,"Gain Therapeutics, Inc. Common Stock",stocks,us,XNAS,CS,True,usd,0001819411,BBG00W7D7CJ9,BBG00W7D7CK7,2026-08-11T06:10:16.602772789Z
GAP,"The Gap, Inc.",stocks,us,XNYS,CS,True,usd,0000039911,BBG000BKLH74,BBG001S5RNN0,2026-08-11T06:10:16.602773009Z
GAPR,FT Vest U.S. Equity Moderate Buffer ETF - April,stocks,us,BATS,ETF,True,usd,0001667919,BBG01GCNPSZ2,BBG01GCNPTX2,2026-08-11T06:10:16.60277344Z
GARA,Guinness Atkinson Real Assets Income ETF,stocks,us,ARCX,ETF,True,usd,,BBG01Z2FQ0Q8,BBG01Z2FQ1N9,2026-08-11T06:10:16.60277363Z
GARP,iShares MSCI USA Quality GARP ETF,stocks,us,BATS,ETF,True,usd,0001100663,BBG00RD2C4W4,BBG00RD2C5M2,2026-08-11T06:10:16.602773791Z
GARY,Mango Growth ETF,stocks,us,XNAS,ETF,True,usd,,BBG01Z6LV2T8,BBG01Z6LV3W2,2026-08-11T06:10:16.602773931Z
GASS,"StealthGas, Inc.",stocks,us,XNAS,CS,True,usd,0001328919,,,2026-08-11T06:10:16.602774111Z
GASZ,Corgi Natural Gas Power & Turbines ETF,stocks,us,BATS,ETF,True,usd,0002078265,BBG0223F8FX8,BBG0223F8GW7,2026-08-11T06:10:16.602774292Z
GATX,GATX Corporation,stocks,us,XNYS,CS,True,usd,0000040211,BBG000BKGXQ4,BBG001S5RM34,2026-08-11T06:10:16.602774412Z
GAU,Galiano Gold Inc.,stocks,us,XASE,CS,True,usd,0001377757,BBG000R11130,BBG001SF5M09,2026-08-11T06:10:16.602774582Z
GAUG,FT Vest U.S. Equity Moderate Buffer ETF - August,stocks,us,BATS,ETF,True,usd,0001667919,BBG01HVCBH64,BBG01HVCBJ33,2026-08-11T06:10:16.602774823Z
GAUZ,Gauzy Ltd. Ordinary Shares,stocks,us,XNAS,CS,True,usd,0001781446,,,2026-08-11T06:10:16.602774913Z
GAVA,Grayscale Avalanche Staking ETF Common Units of Fractional Undivided Beneficial Interest,stocks,us,XNAS,ETF,True,usd,0002035053,BBG020WZZZ26,BBG020WZZZ35,2026-08-11T06:10:16.602775654Z
GBAB,Guggenheim Taxable Municipal Bond & Investment Grade Debt Trust,stocks,us,XNYS,FUND,True,usd,0001495825,BBG00184VXQ5,BBG001SLD9D2,2026-08-11T06:10:16.602775734Z
GBCI,Glacier Bancorp Inc,stocks,us,XNYS,CS,True,usd,0000868671,BBG000C3KB84,BBG001S6HGM5,2026-08-11T06:10:16.602775815Z
GBDC,"Golub Capital BDC, Inc.",stocks,us,XNAS,CS,True,usd,0001476765,BBG000PXNF64,BBG001T63BY7,2026-08-11T06:10:16.602775895Z
GBF,iShares Government/Credit Bond ETF,stocks,us,ARCX,ETF,True,usd,0001006249,BBG000RG3K60,BBG001SSD894,2026-08-11T06:10:16.602775975Z
GBFH,GBank Financial Holdings Inc. Common Stock,stocks,us,XNAS,CS,True,usd,0001791145,BBG00YPTSLB5,BBG00YPTSLC4,2026-08-11T06:10:16.602776055Z
GBHI,Gabelli High Income ETF,stocks,us,ARCX,ETF,True,usd,,BBG01YJMZWK4,BBG01YJMZXH6,2026-08-11T06:10:16.602776436Z
GBIL,Goldman Sachs Access Treasury 0-1 Year ETF,stocks,us,ARCX,ETF,True,usd,0001479026,BBG00DRGSD07,BBG00DRGSD25,2026-08-11T06:10:16.602776516Z
GBLI,"Global Indemnity Group, LLC Class A Common Stock",stocks,us,XNAS,CS,True,usd,0001494904,BBG004M233H4,BBG004M233J2,2026-08-11T06:10:16.602776626Z
GBND,Goldman Sachs Core Bond ETF,stocks,us,ARCX,ETF,True,usd,,BBG01VNVBX83,BBG01VNVBY54,2026-08-11T06:10:16.602776706Z
GBR,New Concept Energy Inc,stocks,us,XASE,CS,True,usd,0000105744,BBG000BHD834,BBG001S7C016,2026-08-11T06:10:16.602776786Z
GBTC,Grayscale Bitcoin Trust ETF,stocks,us,ARCX,ETV,True,usd,0001588489,BBG008748J88,BBG008748J97,2026-08-11T06:10:16.602776867Z
GBTG,"Global Business Travel Group, Inc.",stocks,us,XNYS,CS,True,usd,0001820872,BBG00Y52B8J5,BBG00Y52B9C0,2026-08-11T06:10:16.602776937Z
GBUG,Sprott Active Gold & Silver Miners ETF,stocks,us,XNAS,ETF,True,usd,0000312070,BBG01SBBXL98,BBG01SBBXM96,2026-08-11T06:10:16.602777017Z
GBX,"The Greenbrier Companies, Inc.",stocks,us,XNYS,CS,True,usd,0000923120,BBG000CF5097,BBG001S80QK9,2026-08-11T06:10:16.602777097Z
GCAD,Gabelli Commercial Aerospace and Defense ETF,stocks,us,ARCX,ETF,True,usd,,BBG01C6YQRY6,BBG01C6YQSS1,2026-08-11T06:10:16.602777177Z
GCAL,Goldman Sachs Dynamic California Municipal Income ETF,stocks,us,ARCX,ETF,True,usd,,BBG01NYFN6N3,BBG01NYFN813,2026-08-11T06:10:16.602777548Z
GCBC,Greene County Bancorp Inc,stocks,us,XNAS,CS,True,usd,0001070524,BBG000BQRVY4,BBG001S9KJZ5,2026-08-11T06:10:16.602777628Z
GCC,WisdomTree Enhanced Commodity Strategy Fund,stocks,us,ARCX,ETF,True,usd,0001379606,BBG00YM346L3,BBG00YM346S6,2026-08-11T06:10:16.602777708Z
GCDT,Green Circle Decarbonize Technology Limited,stocks,us,XASE,CS,True,usd,0001926293,,,2026-08-11T06:10:16.602777788Z
GCGR,General Catalyst Global Resilience Merger Corp. Class A Ordinary Shares,stocks,us,XNAS,CS,True,usd,0002108962,,,2026-08-11T06:10:16.602777869Z
GCGRU,General Catalyst Global Resilience Merger Corp. Units,stocks,us,XNAS,UNIT,True,usd,0002108962,,,2026-08-11T06:10:16.602777949Z
GCGRW,General Catalyst Global Resilience Merger Corp. Warrants,stocks,us,XNAS,WARRANT,True,usd,0002108962,,,2026-08-11T06:10:16.602778269Z
GCL,GCL Global Holdings Ltd Ordinary Shares,stocks,us,XNAS,CS,True,usd,0002002045,,,2026-08-11T06:10:16.602778339Z
GCLWW,GCL Global Holdings Ltd Warrants,stocks,us,XNAS,WARRANT,True,usd,0002002045,,,2026-08-11T06:10:16.60277845Z
GCMG,GCM Grosvenor Inc. Class A Common Stock,stocks,us,XNAS,CS,True,usd,0001819796,BBG00Y73FFL8,BBG00Y73FGG2,2026-08-11T06:10:16.60277853Z
GCO,Genesco Inc.,stocks,us,XNYS,CS,True,usd,0000018498,BBG000BK5S78,BBG001S5RHF2,2026-08-11T06:10:16.60277861Z
GCOR,Goldman Sachs Access U.S. Aggregate Bond ETF,stocks,us,ARCX,ETF,True,usd,,BBG00VY1BDQ2,BBG00VY1BFH7,2026-08-11T06:10:16.60277868Z
GCOW,Pacer Global Cash Cows Dividend ETF,stocks,us,BATS,ETF,True,usd,0001616668,BBG00BLVPPX4,BBG00BLVPPY3,2026-08-11T06:10:16.60277876Z
GCPB,Goldman Sachs Core Plus Bond ETF,stocks,us,XNYS,ETF,True,usd,,BBG0241KRW21,BBG0241KRX10,2026-08-11T06:10:16.60277884Z
GCSH,Guggenheim Ultra Short Income ETF,stocks,us,ARCX,ETF,True,usd,,BBG022YLT6H6,BBG022YLT7L9,2026-08-11T06:10:16.602778921Z
GCT,GigaCloud Technology Inc Class A Ordinary Shares,stocks,us,XNAS,CS,True,usd,0001857816,,,2026-08-11T06:10:16.602779001Z
GCTK,"GlucoTrack, Inc. Common Stock",stocks,us,XNAS,CS,True,usd,0001506983,BBG0025SKQ53,BBG0025SKQ62,2026-08-11T06:10:16.602779081Z
GCTS,"GCT Semiconductor Holding, Inc.",stocks,us,XNYS,CS,True,usd,0001851961,BBG00ZVLG9K2,BBG00ZVLGBF3,2026-08-11T06:10:16.602779171Z
GCTS.WS,"GCT Semiconductor Holding, Inc. Warrants, each whole warrant exercisable for one share of Common Stock at an exercise price of $11.50",stocks,us,XNYS,WARRANT,True,usd,0001851961,BBG00ZVLNZB6,,2026-08-11T06:10:16.602779271Z
GCV,"The Gabelli Convertible and Income Securities Fund, Inc.",stocks,us,XNYS,FUND,True,usd,0000845611,BBG000F32012,BBG001S8GK34,2026-08-11T06:10:16.602779351Z
GD,General Dynamics Corporation,stocks,us,XNYS,CS,True,usd,0000040533,BBG000BK67C7,BBG001S5RHP1,2026-08-11T06:10:16.602779422Z
GDC,GD Culture Group Limited Common Stock,stocks,us,XNAS,CS,True,usd,0001641398,BBG009ZH04H7,BBG009ZH0566,2026-08-11T06:10:16.602779502Z
GDDY,GoDaddy Inc,stocks,us,XNYS,CS,True,usd,0001609711,BBG006MDLY05,BBG006MDLXZ9,2026-08-11T06:10:16.602779732Z
GDE,WisdomTree Efficient Gold Plus Equity Strategy Fund,stocks,us,BATS,ETF,True,usd,0001350487,BBG0160F4S41,BBG0160F4T03,2026-08-11T06:10:16.602779832Z
GDEC,FT Vest U.S. Equity Moderate Buffer ETF - December,stocks,us,BATS,ETF,True,usd,0001667919,BBG01KK41083,BBG01KK41136,2026-08-11T06:10:16.602779932Z
GDEV,GDEV Inc. Ordinary Shares,stocks,us,XNAS,CS,True,usd,0001848739,,,2026-08-11T06:10:16.602780003Z
GDEVW,GDEV Inc. Warrant,stocks,us,XNAS,WARRANT,True,usd,0001848739,,,2026-08-11T06:10:16.602780083Z
GDHG,Golden Heaven Group Holdings Ltd. Class A Ordinary Shares,stocks,us,XNAS,CS,True,usd,0001928340,,,2026-08-11T06:10:16.602780163Z
GDIV,Harbor Dividend Growth Leaders ETF,stocks,us,XNYS,ETF,True,usd,0001860434,BBG017NHSKL2,BBG017NHSLG6,2026-08-11T06:10:16.602780243Z
GDL,The GDL Fund,stocks,us,XNYS,FUND,True,usd,0001378701,BBG000LKPFC7,BBG001SQ2JP8,2026-08-11T06:10:16.602780323Z
GDLC,Grayscale CoinDesk Crypto 5 ETF,stocks,us,ARCX,ETV,True,usd,0001729997,,,2026-08-11T06:10:16.602780403Z
GDMA,Gadsden Dynamic Multi-Asset ETF,stocks,us,BATS,ETF,True,usd,0000810972,BBG00MFC7N82,BBG00MFC7P05,2026-08-11T06:10:16.602780474Z
GDMN,WisdomTree Efficient Gold Plus Gold Miners Strategy Fund,stocks,us,BATS,ETF,True,usd,0001350487,BBG013ZGZJ35,BBG013ZGZJY1,2026-08-11T06:10:16.602780554Z
GDO,Western Asset Global Corporate Opportunity Fund Inc.,stocks,us,XNYS,FUND,True,usd,0001472341,BBG000PR5X59,BBG001T5WMW5,2026-08-11T06:10:16.602780634Z
GDOC,Goldman Sachs Future Health Care Equity ETF,stocks,us,ARCX,ETF,True,usd,,BBG013F8XHW9,BBG013F8XJY3,2026-08-11T06:10:16.602780714Z
GDOG,Grayscale Dogecoin Trust ETF,stocks,us,ARCX,ETV,True,usd,0002055510,BBG01YQ5X141,BBG01SSML5N8,2026-08-11T06:10:16.602780794Z
GDOT,Green Dot Corporation,stocks,us,XNYS,CS,True,usd,0001386278,BBG000QDJT53,BBG001T6W7V7,2026-08-11T06:10:16.602780874Z
GDRX,"GoodRx Holdings, Inc. Class A Common Stock",stocks,us,XNAS,CS,True,usd,0001809519,BBG00X0VP8D9,BBG00X0VP956,2026-08-11T06:10:16.602780954Z
GDS,GDS Holdings Limited ADS,stocks,us,XNAS,ADRC,True,usd,0001526125,BBG00DYK7TL5,BBG00DYK7TM4,2026-08-11T06:10:16.602781185Z
GDT,WisdomTree Efficient TIPS Plus Gold Fund,stocks,us,BATS,ETF,True,usd,0001350487,BBG01YYS01M8,BBG01YYS02Q2,2026-08-11T06:10:16.602781265Z
GDTC,CytoMed Therapeutics Limited Ordinary Shares,stocks,us,XNAS,CS,True,usd,0001873093,,,2026-08-11T06:10:16.602781405Z
GDV,The Gabelli Dividend & Income Trust,stocks,us,XNYS,FUND,True,usd,0001260729,BBG000C08PV7,BBG001SDC273,2026-08-11T06:10:16.602781485Z
GDVpH,The Gabelli Dividend & Income Trust 5.375% Series H Cumulative Preferred Shares,stocks,us,XNYS,PFD,True,usd,0001260729,,,2026-08-11T06:10:16.602781566Z
GDVpK,The Gabelli Dividend & Income Trust 4.250% Series K Cumulative Preferred Shares,stocks,us,XNYS,PFD,True,usd,0001260729,,,2026-08-11T06:10:16.602781646Z
GDX,VanEck Gold Miners ETF,stocks,us,ARCX,ETF,True,usd,0001137360,BBG000PLNQN7,BBG001SR42Z0,2026-08-11T06:10:16.602781726Z
GDXD,MicroSectors Gold Miners -3x Inverse Leveraged ETN,stocks,us,ARCX,ETN,True,usd,0000927971,BBG00Y61VHF8,BBG00Y61VJB8,2026-08-11T06:10:16.602781806Z
GDXJ,VanEck Junior Gold Miners ETF,stocks,us,ARCX,ETF,True,usd,0001137360,BBG000PTYMS2,BBG001T60G06,2026-08-11T06:10:16.602781886Z
GDXU,MicroSectors Gold Miners 3x Leveraged ETN,stocks,us,ARCX,ETN,True,usd,0000927971,BBG00Y61T9T4,BBG00Y61TBN5,2026-08-11T06:10:16.602781966Z
GDXW,Roundhill Gold Miners WeeklyPay ETF,stocks,us,BATS,ETF,True,usd,,BBG01Y66ZPS0,BBG01Y66ZQS8,2026-08-11T06:10:16.602782047Z
GDXY,YieldMax Gold Miners Option Income Strategy ETF,stocks,us,ARCX,ETS,True,usd,,BBG01MW7BX77,BBG01MW7BY20,2026-08-11T06:10:16.602782127Z
GDYN,"Grid Dynamics Holdings, Inc. Class A Common Stock",stocks,us,XNAS,CS,True,usd,0001743725,BBG00MDLZN92,BBG00MDLZP15,2026-08-11T06:10:16.602782217Z
GE,GE Aerospace,stocks,us,XNYS,CS,True,usd,0000040545,BBG000BK6MB5,BBG001S5PVD5,2026-08-11T06:10:16.602782287Z
GECC,Great Elm Capital. Corp. Common Stock,stocks,us,XNAS,CS,True,usd,0001675033,BBG00D6RSP54,BBG00D6RSP63,2026-08-11T06:10:16.602782367Z
GECCG,Great Elm Capital Corp. 7.75% Notes Due 2030,stocks,us,XNAS,CS,True,usd,0001675033,,,2026-08-11T06:10:16.602782447Z
GECCH,Great Elm Capital Corp. 8.125% Notes Due 2029,stocks,us,XNAS,CS,True,usd,0001675033,,,2026-08-11T06:10:16.602782698Z
GECCI,Great Elm Capital Corp. 8.50% NOTES DUE 2029,stocks,us,XNAS,CS,True,usd,0001675033,,,2026-08-11T06:10:16.602782768Z
GEF,"Greif, Inc.",stocks,us,XNYS,CS,True,usd,0000043920,BBG000BLFNC0,BBG001S8S678,2026-08-11T06:10:16.602782878Z
GEF.B,"Greif, Inc. Class B",stocks,us,XNYS,CS,True,usd,0000043920,BBG000BLG477,BBG001S8S687,2026-08-11T06:10:16.602782958Z
GEG,"Great Elm Group, Inc. Common Stock",stocks,us,XNAS,CS,True,usd,0001831096,BBG00YPT1P43,BBG00YPT1Q14,2026-08-11T06:10:16.602783038Z
GEGGL,"Great Elm Group, Inc. 7.25% Notes due 2027",stocks,us,XNAS,CS,True,usd,0001831096,,,2026-08-11T06:10:16.602783119Z
GEHC,GE HealthCare Technologies Inc. Common Stock,stocks,us,XNAS,CS,True,usd,0001932393,BBG01BFR8YV1,BBG01BFR8YW0,2026-08-11T06:10:16.602783189Z
GEL,"Genesis Energy, L.P.",stocks,us,XNYS,CS,True,usd,0001022321,BBG000BM3HK5,BBG001S9CQC3,2026-08-11T06:10:16.602783269Z
GELS,Gelteq Limited Ordinary Shares,stocks,us,XNAS,CS,True,usd,0001920092,,,2026-08-11T06:10:16.602783349Z
GEM,Goldman Sachs ActiveBeta Emerging Markets Equity ETF,stocks,us,ARCX,ETF,True,usd,0001479026,BBG00B3QTT18,BBG00B3QTT09,2026-08-11T06:10:16.602783429Z
GEMD,Goldman Sachs Access Emerging Markets USD Bond ETF,stocks,us,BATS,ETF,True,usd,0001479026,BBG015C8CPP0,BBG015C8CQV1,2026-08-11T06:10:16.602783509Z
GEME,Pacific North of South EM Equity Active ETF,stocks,us,XNAS,ETF,True,usd,0001711291,BBG01RMP1YS3,BBG01RMP1ZN5,2026-08-11T06:10:16.60278359Z
GEMG,Leverage Shares 2X Long GEMI Daily ETF,stocks,us,XNAS,ETF,True,usd,,BBG01Y9YJNF3,BBG01Y9YJPY7,2026-08-11T06:10:16.60278367Z
GEMI,"Gemini Space Station, Inc. Class A Common Stock",stocks,us,XNAS,CS,True,usd,0002055592,BBG01VZB6S81,BBG01VZB6SD5,2026-08-11T06:10:16.60278374Z
GEN,Gen Digital Inc. Common Stock,stocks,us,XNAS,CS,True,usd,0000849399,BBG000BH2JM1,BBG001S5QG38,2026-08-11T06:10:16.60278382Z
GENB,"Generate Biomedicines, Inc. Common Stock",stocks,us,XNAS,CS,True,usd,0002100782,BBG00X9D0NZ0,BBG00X9D0P03,2026-08-11T06:10:16.6027839Z
GENC,"Gencor Industries, Inc.",stocks,us,XASE,CS,True,usd,0000064472,BBG000HQTN56,BBG001SBCW71,2026-08-11T06:10:16.602784141Z
GEND,Genter Capital Dividend Income ETF,stocks,us,ARCX,ETF,True,usd,0001484018,BBG01RH9P8X0,BBG01RH9P9R5,2026-08-11T06:10:16.602784221Z
GENI,Genius Sports Limited,stocks,us,XNYS,CS,True,usd,0001834489,,,2026-08-11T06:10:16.602784341Z
GENK,"GEN Restaurant Group, Inc. Class A Common Stock",stocks,us,XNAS,CS,True,usd,0001891856,BBG01GV46GD4,BBG01GV46H97,2026-08-11T06:10:16.602784421Z
GENM,Genter Capital Municipal Quality Intermediate ETF,stocks,us,ARCX,ETF,True,usd,0001484018,BBG01MYB0PY5,BBG01MYB0QT9,2026-08-11T06:10:16.602784491Z
GENT,Genter Capital Taxable Quality Intermediate ETF,stocks,us,ARCX,ETF,True,usd,0001484018,BBG01MYB6261,BBG01MYB6314,2026-08-11T06:10:16.602784571Z
GENVR,Gen Digital Inc. Contingent Value Rights,stocks,us,XNAS,RIGHT,True,usd,0000849399,BBG01R72Q4C7,BBG01R72Q570,2026-08-11T06:10:16.602784652Z
GENW,Genter Capital International Dividend ETF,stocks,us,ARCX,ETF,True,usd,0001484018,BBG01RH8DZ47,BBG01RH8F024,2026-08-11T06:10:16.602784732Z
GENZ,VanEck ETF Trust VanEck Digital Native Economy ETF,stocks,us,XNAS,ETF,True,usd,0001137360,BBG000V86Z03,BBG001T1Q9C2,2026-08-11T06:10:16.602784812Z
GEO,"The GEO Group, Inc.",stocks,us,XNYS,CS,True,usd,0000923796,BBG000GC0TZ3,BBG001S6VYZ6,2026-08-11T06:10:16.602784882Z
GEOS,Geospace Technologies Corporation Common Stock,stocks,us,XNAS,CS,True,usd,0001001115,BBG000FK4SZ4,BBG001S8L318,2026-08-11T06:10:16.602784962Z
GEQ,Cambria Global EW 2 ETF,stocks,us,XNAS,ETF,True,usd,,BBG022MJ4912,BBG022MJ49Z5,2026-08-11T06:10:16.602785042Z
GERN,Geron Corp,stocks,us,XNAS,CS,True,usd,0000886744,BBG000GX1891,BBG001S6TSX4,2026-08-11T06:10:16.602785122Z
GETY,"Getty Images Holdings, Inc.",stocks,us,XNYS,CS,True,usd,0001898496,BBG017RQJJG7,BBG017RQJJH6,2026-08-11T06:10:16.602785203Z
GEV,GE Vernova Inc.,stocks,us,XNYS,CS,True,usd,0001996810,BBG013G17W31,BBG013G17W77,2026-08-11T06:10:16.602785273Z
GEVC,Corgi GEV 2x Daily ETF,stocks,us,BATS,ETF,True,usd,,BBG0230G8WN1,BBG0230G8XS4,2026-08-11T06:10:16.602785353Z
GEVG,Leverage Shares 2X Long GEV Daily ETF,stocks,us,XNAS,ETF,True,usd,,BBG01Z2DHWQ3,BBG01Z2DHXP2,2026-08-11T06:10:16.602785573Z
GEVO,"Gevo, Inc.",stocks,us,XNAS,CS,True,usd,0001392380,BBG000P7S7L7,BBG001T5KFK6,2026-08-11T06:10:16.602785643Z
GEVX,Tradr 2X Long GEV Daily ETF,stocks,us,BATS,ETF,True,usd,,BBG01VWP07J3,BBG01VWP08D7,2026-08-11T06:10:16.602785764Z
GEW,Cambria Global EW ETF,stocks,us,XNAS,ETF,True,usd,,BBG01XFHLGW8,BBG01XFHLK22,2026-08-11T06:10:16.602785844Z
GF,NEW GERMANY FUND Inc,stocks,us,XNYS,FUND,True,usd,0000858706,BBG000C3C5F8,BBG001S6GLF3,2026-08-11T06:10:16.602785924Z
GFAI,"Guardforce AI Co., Limited Ordinary Shares",stocks,us,XNAS,CS,True,usd,0001804469,,,2026-08-11T06:10:16.602786004Z
GFAIW,"Guardforce AI Co., Limited Warrant",stocks,us,XNAS,WARRANT,True,usd,0001804469,,,2026-08-11T06:10:16.602786114Z
GFEB,FT Vest U.S. Equity Moderate Buffer ETF - February,stocks,us,BATS,ETF,True,usd,0001667919,BBG01FCRRRQ5,BBG01FCRRYM4,2026-08-11T06:10:16.602786195Z
GFF,Griffon Corp,stocks,us,XNYS,CS,True,usd,0000050725,BBG000D7FT63,BBG001S7M3Z2,2026-08-11T06:10:16.602786275Z
GFGF,Guru Favorite Stocks ETF,stocks,us,XNAS,ETF,True,usd,,BBG013Y35HL2,BBG013Y35JF5,2026-08-11T06:10:16.602786355Z
GFI,Gold Fields Ltd ADR,stocks,us,XNYS,ADRC,True,usd,0001172724,BBG000KHT4K7,BBG001S93ZM2,2026-08-11T06:10:16.602786435Z
GFL,GFL Environmental Inc. Subordinate Voting Shares,stocks,us,XNYS,CS,True,usd,0001780232,BBG00PQS00S3,BBG003FD9W80,2026-08-11T06:10:16.602786505Z
GFLW,VictoryShares Free Cash Flow Growth ETF,stocks,us,XNAS,ETF,True,usd,,BBG01QNW6482,BBG01QNW6552,2026-08-11T06:10:16.602786585Z
GFR,Greenfire Resources Ltd.,stocks,us,XNYS,CS,True,usd,0001966287,BBG01HRTJS51,BBG01HRTJS60,2026-08-11T06:10:16.602786675Z
GFS,GlobalFoundries Inc. Ordinary Shares,stocks,us,XNAS,CS,True,usd,0001709048,,,2026-08-11T06:10:16.602786756Z
GFSG,Leverage Shares 2X Long GFS Daily ETF,stocks,us,BATS,ETF,True,usd,,BBG0236XZYW4,BBG0236XZZV2,2026-08-11T06:10:16.602786836Z
GFUZ,General Fusion Group Ltd. Common Shares,stocks,us,XNAS,CS,True,usd,0002074850,BBG01WK0KYQ0,BBG01WK0KZW0,2026-08-11T06:10:16.602787046Z
GFUZW,General Fusion Group Ltd. Warrant,stocks,us,XNAS,WARRANT,True,usd,0002074850,BBG01XMRQBX3,,2026-08-11T06:10:16.602787237Z
GGAL,Grupo Financiero Galicia SA,stocks,us,XNAS,ADRC,True,usd,0001114700,BBG000F646H3,BBG001SKXC54,2026-08-11T06:10:16.602787427Z
GGB,Gerdau S.A.,stocks,us,XNYS,ADRC,True,usd,0001073404,BBG000K91FQ4,BBG001SCL1T3,2026-08-11T06:10:16.602787617Z
GGG,Graco Inc,stocks,us,XNYS,CS,True,usd,0000042888,BBG000BK9W84,BBG001S5RK56,2026-08-11T06:10:16.602787808Z
GGLL,Direxion Shares ETF Trust Direxion Daily GOOGL Bull 2X ETF,stocks,us,XNAS,ETF,True,usd,,BBG019HFT425,BBG019HFT4X1,2026-08-11T06:10:16.602787888Z
GGLS,Direxion Shares ETF Trust Direxion Daily GOOGL Bear 1X ETF,stocks,us,XNAS,ETF,True,usd,,BBG019HFVSR2,BBG019HFVTM5,2026-08-11T06:10:16.602788018Z
GGM,GGM Macro Alignment ETF,stocks,us,ARCX,ETF,True,usd,0001551949,BBG01JFKB9Z6,BBG01JFKBBW4,2026-08-11T06:10:16.602788098Z
GGME,Invesco Next Gen Media and Gaming ETF,stocks,us,ARCX,ETF,True,usd,0001547580,BBG000DVHRQ0,BBG001SN6GN9,2026-08-11T06:10:16.602788178Z
GGN,"GAMCO Global Gold, Natural Resources & Income Trust",stocks,us,XASE,FUND,True,usd,0001313510,BBG000DF0XV4,BBG001SMK666,2026-08-11T06:10:16.602788259Z
GGNpB,GAMCO Global Gold Natural Resources & Income Trust 5.00% Series B,stocks,us,XASE,PFD,True,usd,0001313510,,,2026-08-11T06:10:16.602788339Z
GGOV,iShares Global Government Bond USD Hedged Active ETF,stocks,us,ARCX,ETF,True,usd,0001804196,BBG01VRR2M19,BBG01VRR2NR9,2026-08-11T06:10:16.602788419Z
GGR,Gogoro Inc. Ordinary Shares,stocks,us,XNAS,CS,True,usd,0001886190,,,2026-08-11T06:10:16.602788499Z
GGROW,Gogoro Inc. Warrant,stocks,us,XNAS,WARRANT,True,usd,0001886190,,,2026-08-11T06:10:16.602788569Z
GGRP,"The Glimpse Group, Inc. Common Stock",stocks,us,XNAS,CS,True,usd,0001854445,BBG00FHS6535,BBG00FHS6544,2026-08-11T06:10:16.602788649Z
GGRW,Gabelli Growth Innovators ETF,stocks,us,ARCX,ETF,True,usd,0001886190,BBG00Z8M8R70,BBG00Z8M8S23,2026-08-11T06:10:16.602788729Z
GGT,THE GABELLI MULTIMEDIA TRUST INC.,stocks,us,XNYS,FUND,True,usd,0000921671,BBG000BZNBL6,BBG001S7K7J3,2026-08-11T06:10:16.60278896Z
GGTL,Gabelli Global Technology Leaders ETF,stocks,us,ARCX,ETF,True,usd,,BBG014CWGP94,BBG014CWGQD7,2026-08-11T06:10:16.60278904Z
GGTpE,The Gabelli Multimedia Trust Inc. 5.125 Percent Series E Cumulative Preferred Stock,stocks,us,XNYS,PFD,True,usd,0000921671,,,2026-08-11T06:10:16.60278924Z
GGTpG,The Gabelli Multimedia Trust Inc. 5.125% Series G Cumulative Preferred Shares,stocks,us,XNYS,PFD,True,usd,0000921671,,,2026-08-11T06:10:16.602789321Z
GGUS,Goldman Sachs MarketBeta Russell 1000 Growth Equity ETF,stocks,us,ARCX,ETF,True,usd,,BBG01KBSDNS5,BBG01KBSDPM6,2026-08-11T06:10:16.602789401Z
GGZ,The Gabelli Global Small and Mid Cap Value Trust,stocks,us,XNYS,FUND,True,usd,0001585855,BBG00562K7K7,BBG00562K7L6,2026-08-11T06:10:16.602789481Z
GH,"Guardant Health, Inc. Common Stock",stocks,us,XNAS,CS,True,usd,0001576280,BBG006D97VY9,BBG006D97VZ8,2026-08-11T06:10:16.602789701Z
GHC,GRAHAM HOLDINGS COMPANY,stocks,us,XNYS,CS,True,usd,0000104889,BBG000C3FGH9,BBG001S6H317,2026-08-11T06:10:16.602789892Z
GHG,"GreenTree Hospitality Group Ltd. American depositary shares, each representing one Class A ordinary share",stocks,us,XNYS,ADRC,True,usd,0001724755,BBG00K6DWML3,BBG00K6DWN95,2026-08-11T06:10:16.602790092Z
GHI,Greystone Housing Impact Investors LP Beneficial Unit Certificates representing assignments of limited partnership interests,stocks,us,XNYS,UNIT,True,usd,0001059142,BBG000BB5783,BBG001S5NXK5,2026-08-11T06:10:16.602790172Z
GHM,Graham Corporation,stocks,us,XNYS,CS,True,usd,0000716314,BBG000BKB811,BBG001S5RK92,2026-08-11T06:10:16.602790393Z
GHRS,GH Research PLC Ordinary Shares,stocks,us,XNAS,CS,True,usd,0001855129,,,2026-08-11T06:10:16.602790473Z
GHTA,Goose Hollow Tactical Allocation ETF,stocks,us,BATS,ETF,True,usd,,BBG013KJZLD9,BBG013KJZM74,2026-08-11T06:10:16.602790723Z
GHXIU,"Gores Holdings XI, Inc. Units",stocks,us,XNAS,UNIT,True,usd,0002086438,,,2026-08-11T06:10:16.602790803Z
GHY,"PGIM Global High Yield Fund, Inc.",stocks,us,XNYS,FUND,True,usd,0001554697,BBG0037TDXT4,BBG0037TDYM9,2026-08-11T06:10:16.602790924Z
GHYB,Goldman Sachs Access High Yield Corporate Bond ETF,stocks,us,ARCX,ETF,True,usd,0001479026,BBG00H5VPMW7,BBG00H5VPNM6,2026-08-11T06:10:16.602791034Z
GHYG,iShares US & Intl High Yield Corp Bond ETF,stocks,us,BATS,ETF,True,usd,0001100663,BBG002VL4J62,BBG002VL4JY1,2026-08-11T06:10:16.602791234Z
GIAX,Nicholas Global Equity and Income ETF,stocks,us,ARCX,ETF,True,usd,0001924868,BBG01P0XR910,BBG01P0XR9Z3,2026-08-11T06:10:16.602791314Z
GIB,CGI Inc.,stocks,us,XNYS,CS,True,usd,0001061574,BBG000FWZL89,BBG001S5YY67,2026-08-11T06:10:16.602791455Z
GIBO,GIBO Holdings Limited Class A Ordinary Shares,stocks,us,XNAS,CS,True,usd,0002034520,,,2026-08-11T06:10:16.602791525Z
GIBOW,GIBO Holdings Limited Warrants,stocks,us,XNAS,WARRANT,True,usd,0002034520,,,2026-08-11T06:10:16.602791605Z
GIC,Global Industrial Company,stocks,us,XNYS,CS,True,usd,0000945114,BBG000KFPB56,BBG001S9NZ95,2026-08-11T06:10:16.602791685Z
GIEQ,Goldman Sachs Data Enhanced International Equity ETF,stocks,us,XNAS,ETF,True,usd,,BBG022CQR4W9,BBG022CQR6L6,2026-08-11T06:10:16.602791765Z
GIFT,"Giftify, Inc. Common Stock",stocks,us,XNAS,CS,True,usd,0001760233,BBG000K9G9Z2,BBG001SCLMK6,2026-08-11T06:10:16.602791835Z
GIGB,Goldman Sachs Access Investment Grade Corporate Bond ETF,stocks,us,ARCX,ETF,True,usd,0001479026,BBG00GW2L1R9,BBG00GW2L2G9,2026-08-11T06:10:16.602791916Z
GIGL,Goldman Sachs Corporate Bond ETF,stocks,us,ARCX,ETF,True,usd,,BBG01VNW4V74,BBG01VNW4W45,2026-08-11T06:10:16.602791996Z
GIGM,GigaMedia Ltd,stocks,us,XNAS,CS,True,usd,0001105101,,,2026-08-11T06:10:16.602792076Z
GII,State Street SPDR S&P Global Infrastructure ETF,stocks,us,ARCX,ETF,True,usd,0001168164,BBG000Q8TM21,BBG001SRXRM7,2026-08-11T06:10:16.602792156Z
GIII,G-Iii Apparel Group Ltd,stocks,us,XNAS,CS,True,usd,0000821002,BBG000C2YZ60,BBG001S6F0Z8,2026-08-11T06:10:16.602792236Z
GIL,Gildan Activewear Inc.,stocks,us,XNYS,CS,True,usd,0001061894,BBG000BH2CW5,BBG001S7JJL6,2026-08-11T06:10:16.602792316Z
GILD,Gilead Sciences Inc,stocks,us,XNAS,CS,True,usd,0000882095,BBG000CKGBP2,BBG001S6Y1X7,2026-08-11T06:10:16.602792397Z
GILT,Gilat Satellite Networks Ltd,stocks,us,XNAS,CS,True,usd,0000897322,,,2026-08-11T06:10:16.602792477Z
GINC,Goldman Sachs Income ETF,stocks,us,ARCX,ETF,True,usd,,BBG0241QSG40,BBG0241QSJ99,2026-08-11T06:10:16.602792687Z
GIND,Goldman Sachs India Equity ETF,stocks,us,XNAS,ETF,True,usd,,BBG01T4S5YK7,BBG01T4S5ZF0,2026-08-11T06:10:16.602792767Z
GINN,Goldman Sachs Innovate Equity ETF,stocks,us,ARCX,ETF,True,usd,,BBG00Y3MQ4C3,BBG00Y3MQ567,2026-08-11T06:10:16.602792867Z
GINX,SGI Enhanced Global Income ETF,stocks,us,XNAS,ETF,True,usd,,BBG01LR65CZ9,BBG01LR65DT4,2026-08-11T06:10:16.602793128Z
GIPR,Generation Income Properties Inc. Common Stock,stocks,us,XNAS,CS,True,usd,0001651721,BBG00N761S87,BBG00N761T03,2026-08-11T06:10:16.602793228Z
GIPRW,Generation Income Properties Inc Warrant,stocks,us,XNAS,WARRANT,True,usd,0001651721,BBG012J9BBV3,,2026-08-11T06:10:16.602793338Z
GIS,"General Mills, Inc.",stocks,us,XNYS,CS,True,usd,0000040704,BBG000BKCFC2,BBG001S5RKR2,2026-08-11T06:10:16.602793418Z
GISC,Guggenheim Securitized Income ETF,stocks,us,ARCX,ETF,True,usd,,BBG022YKZB26,BBG022YKZC97,2026-08-11T06:10:16.602793499Z
GITS,"Global Interactive Technologies, Inc. Common Stock",stocks,us,XNAS,CS,True,usd,0001911545,BBG01DD3HH21,BBG01DD3HHZ5,2026-08-11T06:10:16.602793579Z
GIW,GigCapital8 Corp. Class A Ordinary Shares,stocks,us,XNAS,CS,True,usd,0002080019,,,2026-08-11T06:10:16.602793659Z
GIWWR,GigCapital8 Corp. Rights,stocks,us,XNAS,RIGHT,True,usd,0002080019,,,2026-08-11T06:10:16.602793739Z
GIWWU,GigCapital8 Corp. Units,stocks,us,XNAS,UNIT,True,usd,0002080019,,,2026-08-11T06:10:16.602793819Z
GIX,GigCapital9 Corp. Class A Ordinary Share,stocks,us,XNAS,CS,True,usd,0002098712,,,2026-08-11T06:10:16.602793909Z
GIXXR,GigCapital9 Corp. Rights,stocks,us,XNAS,RIGHT,True,usd,0002098712,,,2026-08-11T06:10:16.60279398Z
GIXXU,GigCapital9 Corp. Units,stocks,us,XNAS,UNIT,True,usd,0002098712,,,2026-08-11T06:10:16.60279406Z
GJAN,FT Vest U.S. Equity Moderate Buffer ETF - January,stocks,us,BATS,ETF,True,usd,0001667919,BBG01C9WWHX3,BBG01C9WWJR6,2026-08-11T06:10:16.60279415Z
GJH,"Synthetic Fixed-Income Sec STRATS 2004-06, 6.375% US Cellular Corp.",stocks,us,XNYS,SP,True,usd,0001286405,,,2026-08-11T06:10:16.602794551Z
GJO,"Synthetic Fixed-Income Securities, Inc. 4.65% Floating Rate STRATS Certificates, Series 2005-4",stocks,us,XNYS,SP,True,usd,0001340909,,,2026-08-11T06:10:16.602794631Z
GJP,Synthetic Fixed Income Securities on the behalf of STRATS for Dominion Resources  Series 2005-6,stocks,us,XNYS,SP,True,usd,0001343491,,,2026-08-11T06:10:16.602794761Z
GJR,"Synthetic Fixed Income Securities, Inc. Floating Rate Structured Repackaged Asset-Backed Trust Securities (STRATS)",stocks,us,XNYS,SP,True,usd,0001353226,,,2026-08-11T06:10:16.602794841Z
GJS,Synthetic Fixed-Income Securities STRATS 2006-2 Goldman Sachs Group,stocks,us,XNYS,SP,True,usd,0001356284,,,2026-08-11T06:10:16.602794921Z
GJT,Synthetic Fixed-Income Securities STRATS 2006-3 AllState Corporation,stocks,us,XNYS,SP,True,usd,0001357660,,,2026-08-11T06:10:16.602795002Z
GJUL,FT Vest U.S. Equity Moderate Buffer ETF - July,stocks,us,BATS,ETF,True,usd,0001667919,BBG01HCDPTM4,BBG01HCDPVH5,2026-08-11T06:10:16.602795082Z
GJUN,FT Vest U.S. Equity Moderate Buffer ETF - June,stocks,us,BATS,ETF,True,usd,0001667919,BBG01H04M551,BBG01H04M604,2026-08-11T06:10:16.602795152Z
GK,AdvisorShares Gerber Kawasaki ETF,stocks,us,ARCX,ETF,True,usd,0001408970,BBG011N51YH5,BBG011N51ZB8,2026-08-11T06:10:16.602795232Z
GKAT,Scharf Global Opportunity ETF,stocks,us,XNAS,ETF,True,usd,0001027596,BBG01WWB4XY4,BBG01WWB4ZD2,2026-08-11T06:10:16.602795312Z
GKOS,Glaukos Corporation,stocks,us,XNYS,CS,True,usd,0001192448,BBG000WG2LQ1,BBG001T91NX8,2026-08-11T06:10:16.602795392Z
GL,Globe Life Inc.,stocks,us,XNYS,CS,True,usd,0000320335,BBG000BVD6X4,BBG001S5WRX4,2026-08-11T06:10:16.602795472Z
GLAD,Gladstone Capital Corp,stocks,us,XNAS,CS,True,usd,0001143513,BBG000DJYTQ4,BBG001SJH738,2026-08-11T06:10:16.602795553Z
GLAM,"Corgi Beauty, Skincare & Aesthetics ETF",stocks,us,BATS,ETF,True,usd,0002078265,BBG0223CKHH5,BBG0223CKJX3,2026-08-11T06:10:16.602795633Z
GLAS,Glass House Brands Inc.,stocks,us,XNYS,CS,True,usd,0001848731,BBG00PQNR3J9,BBG00PH81Z90,2026-08-11T06:10:16.602795713Z
GLBE,Global-E Online Ltd. Ordinary Shares,stocks,us,XNAS,CS,True,usd,0001835963,,,2026-08-11T06:10:16.602796044Z
GLBL,Pacer MSCI World Industry Advantage ETF,stocks,us,BATS,ETF,True,usd,0001616668,BBG01PR7Y9J1,BBG01PR7YC95,2026-08-11T06:10:16.602796124Z
GLBS,Globus Maritime Limited,stocks,us,XNAS,CS,True,usd,0001499780,,,2026-08-11T06:10:16.602796244Z
GLCR,GlacierShares Nasdaq Iceland ETF,stocks,us,XNAS,ETF,True,usd,,BBG01SXJZ251,BBG01SXJZ386,2026-08-11T06:10:16.602796324Z
GLD,"SPDR Gold Trust, SPDR Gold Shares",stocks,us,ARCX,ETV,True,usd,0001222333,BBG000CRF6Q8,BBG001SCPX28,2026-08-11T06:10:16.602796404Z
GLDB,IDX Alternative FIAT ETF,stocks,us,XNAS,ETF,True,usd,0001771146,BBG01XJ49QR1,BBG01XJ49S24,2026-08-11T06:10:16.602796484Z
GLDG,GoldMining Inc.,stocks,us,XASE,CS,True,usd,0001538847,BBG001V9NSN1,BBG001V0D2W8,2026-08-11T06:10:16.602796565Z
GLDI,"UBS AG ETRACS Gold Shares Covered Call ETNs due February 2, 2033",stocks,us,XNAS,ETF,True,usd,0001053092,BBG0042N2MQ9,BBG0042N2NG8,2026-08-11T06:10:16.602796645Z
GLDM,SPDR Gold MiniShares,stocks,us,ARCX,ETV,True,usd,0001618181,BBG00L8YYP89,BBG00L8YYQ05,2026-08-11T06:10:16.602796725Z
GLDN,Nicholas Gold Income ETF,stocks,us,ARCX,ETF,True,usd,,BBG02029KQD1,BBG02029KRJ3,2026-08-11T06:10:16.602796815Z
GLDW,Roundhill Gold WeeklyPay ETF,stocks,us,BATS,ETF,True,usd,0001618181,BBG01Y69JQ46,BBG01Y69JTW9,2026-08-11T06:10:16.602796895Z
GLE,Global Engine Group Holding Limited Class A Ordinary Shares,stocks,us,XNAS,CS,True,usd,0001908705,,,2026-08-11T06:10:16.602796975Z
GLED,GalaxyEdge Acquisition Corporation,stocks,us,XNYS,CS,True,usd,0002091484,,,2026-08-11T06:10:16.602797055Z
GLED.U,"GalaxyEdge Acquisition Corporation Units, each consisting of one Ordinary Share and one Right entitling the holder to receive 1/4th of one ordinary share",stocks,us,XNYS,UNIT,True,usd,0002091484,,,2026-08-11T06:10:16.602797136Z
GLEDr,GalaxyEdge Acquisition Corporation Rights to receive one-fourth (1/4) of one ordinary share,stocks,us,XNYS,RIGHT,True,usd,0002091484,,,2026-08-11T06:10:16.602797216Z
GLGG,Leverage Shares 2X Long GLXY Daily ETF,stocks,us,XNAS,ETF,True,usd,,BBG01WRV9V02,BBG01WRV9W00,2026-08-11T06:10:16.602797296Z
GLIBA,Liberty Capital Corporation Series A GCI Group Common Stock,stocks,us,XNAS,CS,True,usd,0000808461,BBG00L2SFJT0,BBG00L2SFJV7,2026-08-11T06:10:16.602797486Z
GLIBK,Liberty Capital Corporation Series C GCI Group Common Stock,stocks,us,XNAS,CS,True,usd,0000808461,BBG01VV3SMG3,BBG01VV3SMJ0,2026-08-11T06:10:16.602797576Z
GLIN,VanEck India Growth Leaders ETF,stocks,us,ARCX,ETF,True,usd,0001137360,BBG0014XRYF0,BBG001TBCL10,2026-08-11T06:10:16.602797677Z
GLIX,Lazard Listed Infrastructure ETF,stocks,us,ARCX,ETF,True,usd,,BBG01XNL2VV9,BBG01XNL2WV7,2026-08-11T06:10:16.602797757Z
GLL,ProShares UltraShort Gold,stocks,us,ARCX,ETV,True,usd,0001415311,BBG000FYF5B8,BBG001S7Y619,2026-08-11T06:10:16.602797827Z
GLMD,Galmed Pharmaceuticals Ltd.,stocks,us,XNAS,CS,True,usd,0001595353,,,2026-08-11T06:10:16.602797907Z
GLND,Greenland Energy Company Common Stock,stocks,us,XNAS,CS,True,usd,0002093507,BBG01X5YM4Y6,BBG01X5YM4Z5,2026-08-11T06:10:16.602797987Z
GLNDW,Greenland Energy Company Warrant,stocks,us,XNAS,WARRANT,True,usd,0002093507,BBG021WN8BC3,,2026-08-11T06:10:16.602798067Z
GLNG,Golar LNG Ltd,stocks,us,XNAS,CS,True,usd,0001207179,,,2026-08-11T06:10:16.602798148Z
GLNK,Grayscale Chainlink Trust ETF,stocks,us,ARCX,ETV,True,usd,0001852025,BBG010T16392,BBG010ZN8PL2,2026-08-11T06:10:16.602798238Z
GLO,Clough Global Opportunities Fund,stocks,us,XASE,FUND,True,usd,0001350869,BBG000R0JS07,BBG001SPR742,2026-08-11T06:10:16.602798318Z
GLOB,GLOBANT S.A.,stocks,us,XNYS,CS,True,usd,0001557860,,,2026-08-11T06:10:16.602798398Z
GLOF,iShares Global Equity Factor ETF,stocks,us,ARCX,ETF,True,usd,0001100663,BBG008LNZHV8,BBG008LNZHW7,2026-08-11T06:10:16.602798468Z
GLOO,"Gloo Holdings, Inc. Class A Common Stock",stocks,us,XNAS,CS,True,usd,0002069785,BBG01Y0PSQ82,BBG01Y0PSTC1,2026-08-11T06:10:16.602798558Z
GLOPpA,GasLog Partners LP 8.625% Series A Cumulative Redeemable Perpetual Fixed to Floating Rate Preference Units,stocks,us,XNYS,PFD,True,usd,0001598655,,,2026-08-11T06:10:16.602798629Z
GLOPpB,GasLog Partners LP 8.200% Series B Cumulative Redeemable Perpetual Fixed to Floating Rate Preference Units,stocks,us,XNYS,PFD,True,usd,0001598655,,,2026-08-11T06:10:16.602798709Z
GLOPpC,GasLog Partners LP 8.500% Series C Cumulative Redeemable Perpetual Fixed to Floating Rate Preference Units,stocks,us,XNYS,PFD,True,usd,0001598655,,,2026-08-11T06:10:16.60279916Z
GLOW,VictoryShares WestEnd Global Equity ETF,stocks,us,XNAS,ETF,True,usd,,BBG01MYBJYN8,BBG01MYBJZL7,2026-08-11T06:10:16.60279924Z
GLP,Global Partners LP,stocks,us,XNYS,CS,True,usd,0001323468,BBG000GJQQ22,BBG001SH3WJ5,2026-08-11T06:10:16.60279936Z
GLPI,"Gaming and Leisure Properties, Inc.",stocks,us,XNAS,CS,True,usd,0001575965,BBG003MSMCS6,BBG003MSMCT5,2026-08-11T06:10:16.60279944Z
GLQ,Clough Global Equity Fund,stocks,us,XASE,FUND,True,usd,0001316463,BBG000DKG495,BBG001SMM7Q0,2026-08-11T06:10:16.60279952Z
GLRE,"Greenlight Captial RE, LTD. Class A",stocks,us,XNAS,CS,True,usd,0001385613,,,2026-08-11T06:10:16.6027996Z
GLRY,Inspire Growth ETF,stocks,us,ARCX,ETF,True,usd,0001733356,BBG00YG2Z2P3,BBG00YG2Z3J8,2026-08-11T06:10:16.602799681Z
GLSI,"Greenwich LifeSciences, Inc.",stocks,us,XNAS,CS,True,usd,0001799788,BBG00V6PT8C7,BBG00V6PT8D6,2026-08-11T06:10:16.602799761Z
GLTR,abrdn Physical Precious Metals Basket Shares ETF,stocks,us,ARCX,ETV,True,usd,0001483386,BBG0017X6PR6,BBG001T79CF8,2026-08-11T06:10:16.602799841Z
GLU,The Gabelli Utility & Income Trust,stocks,us,XASE,FUND,True,usd,0001282957,BBG000BNPDJ0,BBG001SB03J5,2026-08-11T06:10:16.602799921Z
GLUE,"Monte Rosa Therapeutics, Inc. Common Stock",stocks,us,XNAS,CS,True,usd,0001826457,BBG00X2VGZQ3,BBG00X2VGZR2,2026-08-11T06:10:16.602800001Z
GLUpA,The Gabelli Global Utility & Income Trust Series A,stocks,us,XASE,PFD,True,usd,0001282957,,,2026-08-11T06:10:16.602800081Z
GLUpB,The Gabelli Global Utility & Income Trust Series B Cumulative Puttable and Callable Preferred Shares,stocks,us,XASE,PFD,True,usd,0001282957,,,2026-08-11T06:10:16.602800151Z
GLV,Clough Global Dividend and Income Fund,stocks,us,XASE,FUND,True,usd,0001288795,BBG000Q2JP55,BBG001SM3DP9,2026-08-11T06:10:16.602800232Z
GLW,Corning Incorporated,stocks,us,XNYS,CS,True,usd,0000024741,BBG000BKFZM4,BBG001S5RLH1,2026-08-11T06:10:16.602800312Z
GLWG,Leverage Shares 2X Long GLW Daily ETF,stocks,us,XNAS,ETF,True,usd,,BBG020TYT571,BBG020TYT679,2026-08-11T06:10:16.602800392Z
GLX,Corgi GLXY 2x Daily ETF,stocks,us,BATS,ETF,True,usd,,BBG02317TDT3,BBG02317TFS9,2026-08-11T06:10:16.602800973Z
GLXG,Galaxy Payroll Group Limited Class A Ordinary Shares,stocks,us,XNAS,CS,True,usd,0001905920,,,2026-08-11T06:10:16.602801053Z
GLXU,T-REX 2X Long GLXY Daily Target ETF,stocks,us,BATS,ETF,True,usd,0001771146,BBG01WJ08WQ0,BBG01WJ08XM2,2026-08-11T06:10:16.602801183Z
GLXY,Galaxy Digital Inc. Class A Common Stock,stocks,us,XNAS,CS,True,usd,0001859392,BBG0120SWLS0,BBG0120SWLT9,2026-08-11T06:10:16.602801264Z
GLpD,Globe Life Inc. 4.25% Junior Subordinated Debentures due 2061,stocks,us,XNYS,SP,True,usd,0000320335,,,2026-08-11T06:10:16.602801344Z
GM,General Motors Company,stocks,us,XNYS,CS,True,usd,0001467858,BBG000NDYB67,BBG001SM1DK6,2026-08-11T06:10:16.602801434Z
GMAB,Genmab A/S ADS,stocks,us,XNAS,ADRC,True,usd,0001434265,BBG004MPKM64,BBG004MPKMY3,2026-08-11T06:10:16.602801514Z
GMAR,FT Vest U.S. Equity Moderate Buffer ETF - March,stocks,us,BATS,ETF,True,usd,0001667919,BBG01FTSQN49,BBG01FTSQPD4,2026-08-11T06:10:16.602801594Z
GMAY,FT Vest U.S. Equity Moderate Buffer ETF - May,stocks,us,BATS,ETF,True,usd,0001667919,BBG01GN8WSR4,BBG01GN8WTL8,2026-08-11T06:10:16.602801674Z
GME,GameStop Corp. Class A,stocks,us,XNYS,CS,True,usd,0001326380,BBG000BB5BF6,BBG001S5RLR0,2026-08-11T06:10:16.602801775Z
GME.WS,GameStop Corp. Warrants to Purchase Common Stock,stocks,us,XNYS,WARRANT,True,usd,0001326380,BBG01X5XYNK8,,2026-08-11T06:10:16.602801855Z
GMEC,Corgi GME 2x Daily ETF,stocks,us,BATS,ETF,True,usd,,BBG02316LYG1,BBG02316LZG8,2026-08-11T06:10:16.602801935Z
GMED,GLOBUS MEDICAL INC,stocks,us,XNYS,CS,True,usd,0001237831,BBG002V87SD0,BBG002V87T57,2026-08-11T06:10:16.602802015Z
GMEU,T-REX 2X Long GME Daily Target ETF,stocks,us,BATS,ETF,True,usd,0001771146,BBG01T9XXYX6,BBG01T9XXZX3,2026-08-11T06:10:16.602802095Z
GMEX,GMEX ROBOTICS CORPORATION Class A Ordinary Shares,stocks,us,XNAS,CS,True,usd,0001928581,,,2026-08-11T06:10:16.602802175Z
GMEY,YieldMax GME Option Income Strategy ETF,stocks,us,ARCX,ETS,True,usd,,BBG01X4RPXP5,BBG01X4RPZ52,2026-08-11T06:10:16.602802256Z
GMF,State Street SPDR S&P Emerging Asia Pacific ETF,stocks,us,ARCX,ETF,True,usd,0001168164,BBG000Q8QY82,BBG001SRXRB9,2026-08-11T06:10:16.602802336Z
GMHS,Gamehaus Holdings Inc. Class A Ordinary Shares,stocks,us,XNAS,CS,True,usd,0002000530,,,2026-08-11T06:10:16.602802576Z
GMM,Global Mofy AI Limited Class A Ordinary Shares,stocks,us,XNAS,CS,True,usd,0001913749,,,2026-08-11T06:10:16.602802656Z
GMMA,GammaRoad Market Navigation ETF,stocks,us,ARCX,ETF,True,usd,0001722388,BBG01PR7DFN5,BBG01PR7DGH0,2026-08-11T06:10:16.602802777Z
GMMF,iShares Government Money Market ETF,stocks,us,XNYS,ETF,True,usd,0001761055,BBG01S4PJJ69,BBG01S4PJK75,2026-08-11T06:10:16.602802857Z
GMNY,Goldman Sachs Dynamic New York Municipal Income ETF,stocks,us,ARCX,ETF,True,usd,,BBG01NYFMT09,BBG01NYFMTX3,2026-08-11T06:10:16.602802927Z
GMOC,GMO Ultra-Short Income ETF,stocks,us,ARCX,ETF,True,usd,,BBG01Y3925J7,BBG01Y3926Y8,2026-08-11T06:10:16.602803007Z
GMOD,GMO Dynamic Allocation ETF,stocks,us,ARCX,ETF,True,usd,,BBG01XS45H77,BBG01XS45J55,2026-08-11T06:10:16.602803087Z
GMOI,GMO International Value ETF,stocks,us,ARCX,ETF,True,usd,,BBG01QHMR264,BBG01QHMR335,2026-08-11T06:10:16.602803167Z
GMOM,Cambria Global Momentum ETF,stocks,us,BATS,ETF,True,usd,0001529390,BBG007G3TP03,BBG007G3TP12,2026-08-11T06:10:16.602803247Z
GMOV,GMO US Value ETF,stocks,us,ARCX,ETF,True,usd,,BBG01QHMRTS1,BBG01QHMRVQ8,2026-08-11T06:10:16.602803328Z
GMRS,GMR Solutions Inc.,stocks,us,XNYS,CS,True,usd,0001898718,BBG021RYLL92,BBG021RYLMP2,2026-08-11T06:10:16.602803428Z
GMTL,"Guardian Metal Resources PLC American Depositary Shares, each representing five (5) ordinary shares",stocks,us,XASE,ADRC,True,usd,0002039972,BBG020PY3X18,BBG020PY3XY2,2026-08-11T06:10:16.602803508Z
GMUB,Goldman Sachs Municipal Income ETF,stocks,us,ARCX,ETF,True,usd,,BBG01NYG3FB6,BBG01NYG3G97,2026-08-11T06:10:16.602803588Z
GNE,GENIE ENERGY LTD,stocks,us,XNYS,CS,True,usd,0001528356,BBG0021PGB60,BBG0021PGB79,2026-08-11T06:10:16.602803668Z
GNK,GENCO SHIPPING & TRADING LTD,stocks,us,XNYS,CS,True,usd,0001326200,,,2026-08-11T06:10:16.602803738Z
GNL,"Global Net Lease, Inc.",stocks,us,XNYS,CS,True,usd,0001526113,BBG004HXD0G8,BBG004HXD0H7,2026-08-11T06:10:16.602803819Z
GNLN,"Greenlane Holdings, Inc. Class A Common Stock",stocks,us,XNAS,CS,True,usd,0001743745,BBG00N2TN5L3,BBG00N2TN5N1,2026-08-11T06:10:16.602804019Z
GNLX,Genelux Corporation Common Stock,stocks,us,XNAS,CS,True,usd,0001231457,BBG0044BNBX6,BBG0044BNBY5,2026-08-11T06:10:16.602804239Z
GNLpA,"Global Net Lease, Inc. 7.25% Series A Cumulative Redeemable Preferred Stock, $0.01 par value per share",stocks,us,XNYS,PFD,True,usd,0001526113,,,2026-08-11T06:10:16.60280444Z
GNLpB,"Global Net Lease, Inc. 6.875% Series B Cumulative Redeemable Perpetual Preferred Stock",stocks,us,XNYS,PFD,True,usd,0001526113,,,2026-08-11T06:10:16.60280452Z
GNLpD,"Global Net Lease, Inc. 7.50% Series D Cumulative Redeemable Perpetual Preferred Stock",stocks,us,XNYS,PFD,True,usd,0001526113,,,2026-08-11T06:10:16.60280463Z
GNLpE,"Global Net Lease, Inc. 7.375% Series E Cumulative Redeemable Perpetual Preferred Stock",stocks,us,XNYS,PFD,True,usd,0001526113,,,2026-08-11T06:10:16.60280471Z
GNMA,iShares GNMA Bond ETF,stocks,us,XNAS,ETF,True,usd,0001006249,BBG002N8KLH5,BBG002N8KM74,2026-08-11T06:10:16.60280479Z
GNMX,Corgi Genomics & Precision Medicine ETF,stocks,us,BATS,ETF,True,usd,0002078265,BBG02238C2H6,BBG02238C482,2026-08-11T06:10:16.602804871Z
GNOM,Global X Genomics & Biotechnology ETF,stocks,us,XNAS,ETF,True,usd,0001432353,BBG00NTYZ9R6,BBG00NTYZBH2,2026-08-11T06:10:16.602805061Z
